Series Name,Series Code,Country Name,Country Code,2002 [YR2002],2003 [YR2003],2004 [YR2004],2005 [YR2005],2006 [YR2006],2007 [YR2007],2008 [YR2008],2009 [YR2009],2010 [YR2010],2011 [YR2011],2012 [YR2012],2013 [YR2013],2014 [YR2014],2015 [YR2015],2016 [YR2016],2017 [YR2017],2018 [YR2018],2019 [YR2019],2020 [YR2020],2021 [YR2021]
"Fertility rate, total (births per woman)",SP.DYN.TFRT.IN,United States,USA,2.0205,2.0475,2.0515,2.057,2.108,2.12,2.072,2.002,1.931,1.8945,1.8805,1.8575,1.8625,1.8435,1.8205,1.7655,1.7295,1.706,1.6415,1.664
"Fertility rate, total (births per woman)",SP.DYN.TFRT.IN,Germany,DEU,1.34,1.34,1.36,1.34,1.33,1.37,1.38,1.36,1.39,1.39,1.41,1.42,1.47,1.5,1.6,1.57,1.57,1.54,1.53,1.58
"Fertility rate, total (births per woman)",SP.DYN.TFRT.IN,Japan,JPN,1.32,1.29,1.29,1.26,1.32,1.34,1.37,1.37,1.39,1.39,1.41,1.43,1.42,1.45,1.44,1.43,1.42,1.36,1.33,1.3
"Fertility rate, total (births per woman)",SP.DYN.TFRT.IN,Norway,NOR,1.75,1.8,1.83,1.84,1.9,1.9,1.96,1.98,1.95,1.88,1.85,1.78,1.75,1.72,1.71,1.62,1.56,1.53,1.48,1.55
"Fertility rate, total (births per woman)",SP.DYN.TFRT.IN,Australia,AUS,1.756,1.748,1.768,1.807,1.908,1.959,1.984,1.971,1.928,1.926,1.92,1.855,1.826,1.814,1.752,1.741,1.74,1.657,1.581,1.7
"Fertility rate, total (births per woman)",SP.DYN.TFRT.IN,"Korea, Rep.",KOR,1.178,1.191,1.164,1.085,1.132,1.259,1.192,1.149,1.226,1.244,1.297,1.187,1.205,1.239,1.172,1.052,0.977,0.918,0.837,0.808
"Fertility rate, total (births per woman)",SP.DYN.TFRT.IN,Canada,CAN,1.52,1.55,1.56,1.58,1.63,1.67,1.7,1.69,1.65,1.63,1.63,1.61,1.61,1.6,1.59,1.55,1.51,1.47,1.41,1.44
"Fertility rate, total (births per woman)",SP.DYN.TFRT.IN,United Kingdom,GBR,1.63,1.7,1.75,1.76,1.82,1.86,1.91,1.89,1.92,1.91,1.92,1.83,1.81,1.8,1.79,1.74,1.68,1.63,1.56,1.56
"Fertility rate, total (births per woman)",SP.DYN.TFRT.IN,Switzerland,CHE,1.39,1.39,1.42,1.42,1.44,1.46,1.48,1.5,1.52,1.52,1.52,1.52,1.54,1.54,1.54,1.52,1.52,1.48,1.46,1.52
"Fertility rate, total (births per woman)",SP.DYN.TFRT.IN,Italy,ITA,1.27,1.29,1.34,1.34,1.37,1.4,1.45,1.45,1.46,1.44,1.43,1.39,1.37,1.35,1.34,1.32,1.29,1.27,1.24,1.25
"Fertility rate, total (births per woman)",SP.DYN.TFRT.IN,Sweden,SWE,1.65,1.71,1.75,1.77,1.85,1.88,1.91,1.94,1.98,1.9,1.91,1.89,1.88,1.85,1.85,1.78,1.76,1.71,1.67,1.67
"Fertility rate, total (births per woman)",SP.DYN.TFRT.IN,Brazil,BRA,2.103,2.023,2.002,1.974,1.927,1.881,1.842,1.825,1.81,1.8,1.767,1.748,1.767,1.777,1.709,1.736,1.749,1.703,1.649,1.641
"Fertility rate, total (births per woman)",SP.DYN.TFRT.IN,India,IND,3.217,3.122,3.046,2.958,2.864,2.784,2.718,2.673,2.603,2.536,2.467,2.406,2.306,2.287,2.273,2.2,2.177,2.109,2.051,2.031
"Fertility rate, total (births per woman)",SP.DYN.TFRT.IN,South Africa,ZAF,2.324,2.358,2.436,2.512,2.548,2.545,2.679,2.501,2.445,2.436,2.447,2.428,2.424,2.359,2.261,2.334,2.418,2.475,2.401,2.374
"Fertility rate, total (births per woman)",SP.DYN.TFRT.IN,Mexico,MEX,2.623,2.579,2.536,2.495,2.456,2.421,2.391,2.364,2.34,2.317,2.294,2.269,2.211,2.137,2.086,2.041,1.996,1.916,1.905,1.822
"Fertility rate, total (births per woman)",SP.DYN.TFRT.IN,Indonesia,IDN,2.456,2.428,2.418,2.433,2.453,2.491,2.479,2.459,2.452,2.499,2.49,2.427,2.389,2.345,2.309,2.262,2.234,2.215,2.194,2.175
"Fertility rate, total (births per woman)",SP.DYN.TFRT.IN,Philippines,PHL,3.656,3.604,3.543,3.49,3.486,3.444,3.404,3.363,3.264,3.122,3.127,3.096,3.031,2.951,2.892,2.865,2.831,2.805,2.777,2.748
"Fertility rate, total (births per woman)",SP.DYN.TFRT.IN,"Egypt, Arab Rep.",EGY,3.318,3.261,3.181,3.151,3.109,3.12,3.101,3.108,3.213,3.247,3.335,3.419,3.441,3.436,3.203,3.151,3.098,3.001,2.96,2.917
"Fertility rate, total (births per woman)",SP.DYN.TFRT.IN,Colombia,COL,2.458,2.395,2.33,2.263,2.198,2.137,2.081,2.033,1.992,1.958,1.93,1.905,1.883,1.863,1.843,1.818,1.787,1.765,1.737,1.717
"Fertility rate, total (births per woman)",SP.DYN.TFRT.IN,Argentina,ARG,2.493,2.451,2.43,2.426,2.4,2.37,2.341,2.344,2.346,2.338,2.33,2.322,2.312,2.301,2.241,2.168,2.039,1.994,1.911,1.885
"Fertility rate, total (births per woman)",SP.DYN.TFRT.IN,Viet Nam,VNM,2.063,2.026,2.014,1.962,1.904,1.913,1.92,1.906,1.895,1.902,1.927,1.951,1.95,1.951,1.938,1.93,1.937,1.948,1.955,1.944
"Fertility rate, total (births per woman)",SP.DYN.TFRT.IN,Morocco,MAR,2.67,2.632,2.598,2.568,2.559,2.55,2.549,2.578,2.586,2.609,2.598,2.594,2.548,2.531,2.451,2.451,2.415,2.382,2.353,2.328
"Fertility rate, total (births per woman)",SP.DYN.TFRT.IN,Nigeria,NGA,6.135,6.116,6.085,6.068,6.081,6.08,6.078,6.039,5.98,5.918,5.832,5.738,5.664,5.616,5.584,5.523,5.447,5.379,5.309,5.237
"Fertility rate, total (births per woman)",SP.DYN.TFRT.IN,Ethiopia,ETH,6.374,6.24,6.107,5.973,5.853,5.74,5.571,5.39,5.217,5.05,4.883,4.724,4.609,4.531,4.469,4.39,4.343,4.323,4.243,4.159
"Fertility rate, total (births per woman)",SP.DYN.TFRT.IN,Haiti,HTI,4.125,4.038,3.939,3.833,3.735,3.643,3.567,3.508,3.47,3.411,3.302,3.216,3.157,3.108,3.062,3.016,2.959,2.919,2.869,2.814
"Fertility rate, total (births per woman)",SP.DYN.TFRT.IN,Afghanistan,AFG,7.339,7.22,7.069,6.905,6.722,6.53,6.376,6.235,6.099,5.958,5.83,5.696,5.56,5.405,5.262,5.129,5.002,4.87,4.75,4.643
"Fertility rate, total (births per woman)",SP.DYN.TFRT.IN,Bangladesh,BGD,3.084,3.002,2.914,2.808,2.712,2.626,2.535,2.44,2.34,2.262,2.209,2.184,2.152,2.114,2.097,2.043,2.04,2.031,2.003,1.981
"Fertility rate, total (births per woman)",SP.DYN.TFRT.IN,Uganda,UGA,6.779,6.702,6.653,6.572,6.481,6.379,6.251,6.174,6.071,5.935,5.784,5.618,5.463,5.306,5.174,5.052,4.932,4.809,4.693,4.585
"Fertility rate, total (births per woman)",SP.DYN.TFRT.IN,Nepal,NPL,3.59,3.457,3.311,3.142,2.974,2.843,2.719,2.604,2.512,2.439,2.387,2.334,2.293,2.25,2.203,2.15,2.104,2.08,2.055,2.029
"Fertility rate, total (births per woman)",SP.DYN.TFRT.IN,Mozambique,MOZ,5.734,5.733,5.667,5.609,5.55,5.513,5.579,5.626,5.63,5.551,5.451,5.34,5.131,5.062,4.992,4.922,4.852,4.783,4.713,4.644
"Fertility rate, total (births per woman)",SP.DYN.TFRT.IN,Sudan,SDN,5.248,5.172,5.094,5.039,5.044,5.065,5.074,5.05,5.017,4.96,4.895,4.903,4.912,4.898,4.829,4.761,4.681,4.617,4.542,4.457
"Fertility rate, total (births per woman)",SP.DYN.TFRT.IN,Madagascar,MDG,5.225,5.172,5.133,5.095,5.056,4.997,4.933,4.87,4.755,4.607,4.466,4.358,4.247,4.183,4.163,4.109,4.043,3.978,3.918,3.851
"Fertility rate, total (births per woman)",SP.DYN.TFRT.IN,Rwanda,RWA,5.752,5.674,5.573,5.436,5.28,5.1,4.901,4.716,4.532,4.357,4.233,4.159,4.112,4.081,4.06,4.027,3.994,3.939,3.873,3.821
Urban poverty headcount ratio at national poverty lines (% of urban population),SI.POV.URHC,United States,USA,..,..,..,..,..,..,..,..,..,..,..,..,..,..,..,..,..,..,..,..
Urban poverty headcount ratio at national poverty lines (% of urban population),SI.POV.URHC,Germany,DEU,..,..,..,..,..,..,..,..,..,..,..,..,..,..,..,..,..,..,..,..
Urban poverty headcount ratio at national poverty lines (% of urban population),SI.POV.URHC,Japan,JPN,..,..,..,..,..,..,..,..,..,..,..,..,..,..,..,..,..,..,..,..
Urban poverty headcount ratio at national poverty lines (% of urban population),SI.POV.URHC,Norway,NOR,..,..,..,..,..,..,..,..,..,..,..,..,..,..,..,..,..,..,..,..
Urban poverty headcount ratio at national poverty lines (% of urban population),SI.POV.URHC,Australia,AUS,..,..,..,..,..,..,..,..,..,..,..,..,..,..,..,..,..,..,..,..
Urban poverty headcount ratio at national poverty lines (% of urban population),SI.POV.URHC,"Korea, Rep.",KOR,..,..,..,..,..,..,..,..,..,..,..,..,..,..,..,..,..,..,..,..
Urban poverty headcount ratio at national poverty lines (% of urban population),SI.POV.URHC,Canada,CAN,..,..,..,..,..,..,..,..,..,..,..,..,..,..,..,..,..,..,..,..
Urban poverty headcount ratio at national poverty lines (% of urban population),SI.POV.URHC,United Kingdom,GBR,..,..,..,..,..,..,..,..,..,..,..,..,..,..,..,..,..,..,..,..
Urban poverty headcount ratio at national poverty lines (% of urban population),SI.POV.URHC,Switzerland,CHE,..,..,..,..,..,..,..,..,..,..,..,..,..,..,..,..,..,..,..,..
Urban poverty headcount ratio at national poverty lines (% of urban population),SI.POV.URHC,Italy,ITA,..,..,..,..,..,..,..,..,..,..,..,..,..,..,..,..,..,..,..,..
Urban poverty headcount ratio at national poverty lines (% of urban population),SI.POV.URHC,Sweden,SWE,..,..,..,..,..,..,..,..,..,..,..,..,..,..,..,..,..,..,..,..
Urban poverty headcount ratio at national poverty lines (% of urban population),SI.POV.URHC,Brazil,BRA,..,..,..,..,..,..,..,..,..,..,..,..,..,..,..,..,..,..,..,..
Urban poverty headcount ratio at national poverty lines (% of urban population),SI.POV.URHC,India,IND,..,..,..,..,..,..,..,..,..,..,..,..,..,..,..,..,..,..,..,..
Urban poverty headcount ratio at national poverty lines (% of urban population),SI.POV.URHC,South Africa,ZAF,..,..,..,..,..,..,..,..,..,..,..,..,..,..,..,..,..,..,..,..
Urban poverty headcount ratio at national poverty lines (% of urban population),SI.POV.URHC,Mexico,MEX,..,..,..,..,..,..,..,..,..,..,..,..,..,..,..,..,..,..,..,..
Urban poverty headcount ratio at national poverty lines (% of urban population),SI.POV.URHC,Indonesia,IDN,..,..,..,..,..,..,..,..,..,..,..,..,..,..,..,..,..,..,..,..
Urban poverty headcount ratio at national poverty lines (% of urban population),SI.POV.URHC,Philippines,PHL,..,..,..,..,..,..,..,..,..,..,..,..,..,..,..,..,..,..,..,..
Urban poverty headcount ratio at national poverty lines (% of urban population),SI.POV.URHC,"Egypt, Arab Rep.",EGY,..,..,..,..,..,..,..,..,..,..,..,..,..,..,..,..,..,..,..,..
Urban poverty headcount ratio at national poverty lines (% of urban population),SI.POV.URHC,Colombia,COL,..,..,..,..,..,..,..,..,..,..,..,..,..,..,..,..,..,..,..,..
Urban poverty headcount ratio at national poverty lines (% of urban population),SI.POV.URHC,Argentina,ARG,..,..,..,..,..,..,..,..,..,..,..,..,..,..,..,..,..,..,..,..
Urban poverty headcount ratio at national poverty lines (% of urban population),SI.POV.URHC,Viet Nam,VNM,..,..,..,..,..,..,..,..,..,..,..,..,..,..,..,..,..,..,..,..
Urban poverty headcount ratio at national poverty lines (% of urban population),SI.POV.URHC,Morocco,MAR,..,..,..,..,..,..,..,..,..,..,..,..,..,..,..,..,..,..,..,..
Urban poverty headcount ratio at national poverty lines (% of urban population),SI.POV.URHC,Nigeria,NGA,..,..,..,..,..,..,..,..,..,..,..,..,..,..,..,..,..,..,..,..
Urban poverty headcount ratio at national poverty lines (% of urban population),SI.POV.URHC,Ethiopia,ETH,..,..,..,..,..,..,..,..,..,..,..,..,..,..,..,..,..,..,..,..
Urban poverty headcount ratio at national poverty lines (% of urban population),SI.POV.URHC,Haiti,HTI,..,..,..,..,..,..,..,..,..,..,..,..,..,..,..,..,..,..,..,..
Urban poverty headcount ratio at national poverty lines (% of urban population),SI.POV.URHC,Afghanistan,AFG,..,..,..,..,..,..,..,..,..,..,..,..,..,..,..,..,..,..,..,..
Urban poverty headcount ratio at national poverty lines (% of urban population),SI.POV.URHC,Bangladesh,BGD,..,..,..,..,..,..,..,..,..,..,..,..,..,..,..,..,..,..,..,..
Urban poverty headcount ratio at national poverty lines (% of urban population),SI.POV.URHC,Uganda,UGA,..,..,..,..,..,..,..,..,..,..,..,..,..,..,..,..,..,..,..,..
Urban poverty headcount ratio at national poverty lines (% of urban population),SI.POV.URHC,Nepal,NPL,..,..,..,..,..,..,..,..,..,..,..,..,..,..,..,..,..,..,..,..
Urban poverty headcount ratio at national poverty lines (% of urban population),SI.POV.URHC,Mozambique,MOZ,..,..,..,..,..,..,..,..,..,..,..,..,..,..,..,..,..,..,..,..
Urban poverty headcount ratio at national poverty lines (% of urban population),SI.POV.URHC,Sudan,SDN,..,..,..,..,..,..,..,..,..,..,..,..,..,..,..,..,..,..,..,..
Urban poverty headcount ratio at national poverty lines (% of urban population),SI.POV.URHC,Madagascar,MDG,..,..,..,..,..,..,..,..,..,..,..,..,..,..,..,..,..,..,..,..
Urban poverty headcount ratio at national poverty lines (% of urban population),SI.POV.URHC,Rwanda,RWA,..,..,..,..,..,..,..,..,..,..,..,..,..,..,..,..,..,..,..,..
Human capital index (HCI) (scale 0-1),HD.HCI.OVRL,United States,USA,..,..,..,..,..,..,..,..,0.691508173942566,..,..,..,..,..,..,0.762,0.713683247566223,..,0.701764345169067,..
Human capital index (HCI) (scale 0-1),HD.HCI.OVRL,Germany,DEU,..,..,..,..,..,..,..,..,0.760740280151367,..,..,..,..,..,..,0.795,0.763772785663605,..,0.751162469387054,..
Human capital index (HCI) (scale 0-1),HD.HCI.OVRL,Japan,JPN,..,..,..,..,..,..,..,..,0.816187500953674,..,..,..,..,..,..,0.844,0.840709209442139,..,0.804714262485504,..
Human capital index (HCI) (scale 0-1),HD.HCI.OVRL,Norway,NOR,..,..,..,..,..,..,..,..,0.770567059516907,..,..,..,..,..,..,0.771,0.76853483915329,..,0.771051168441772,..
Human capital index (HCI) (scale 0-1),HD.HCI.OVRL,Australia,AUS,..,..,..,..,..,..,..,..,0.754843771457672,..,..,..,..,..,..,0.803,0.780833959579468,..,0.770239531993866,..
Human capital index (HCI) (scale 0-1),HD.HCI.OVRL,"Korea, Rep.",KOR,..,..,..,..,..,..,..,..,0.82462739944458,..,..,..,..,..,..,0.845,0.834545075893402,..,0.798776268959045,..
Human capital index (HCI) (scale 0-1),HD.HCI.OVRL,Canada,CAN,..,..,..,..,..,..,..,..,0.774103760719299,..,..,..,..,..,..,0.799,0.800089955329895,..,0.797520101070404,..
Human capital index (HCI) (scale 0-1),HD.HCI.OVRL,United Kingdom,GBR,..,..,..,..,..,..,..,..,0.765453696250916,..,..,..,..,..,..,0.781,0.776982247829437,..,0.782942950725555,..
Human capital index (HCI) (scale 0-1),HD.HCI.OVRL,Switzerland,CHE,..,..,..,..,..,..,..,..,0.768143713474274,..,..,..,..,..,..,0.767,0.766107618808746,..,0.756115138530731,..
Human capital index (HCI) (scale 0-1),HD.HCI.OVRL,Italy,ITA,..,..,..,..,..,..,..,..,0.750265836715698,..,..,..,..,..,..,0.769,0.752880394458771,..,0.727819681167603,..
Human capital index (HCI) (scale 0-1),HD.HCI.OVRL,Sweden,SWE,..,..,..,..,..,..,..,..,0.762113332748413,..,..,..,..,..,..,0.8,0.802509963512421,..,0.79535710811615,..
Human capital index (HCI) (scale 0-1),HD.HCI.OVRL,Brazil,BRA,..,..,..,..,..,..,..,..,0.532952487468719,..,..,..,..,..,..,0.56,0.545723736286163,..,0.551497936248779,..
Human capital index (HCI) (scale 0-1),HD.HCI.OVRL,India,IND,..,..,..,..,..,..,..,..,..,..,..,..,..,..,..,0.44,0.484795808792114,..,0.493510901927948,..
Human capital index (HCI) (scale 0-1),HD.HCI.OVRL,South Africa,ZAF,..,..,..,..,..,..,..,..,0.425338327884674,..,..,..,..,..,..,0.406,0.422549337148666,..,0.425453394651413,..
Human capital index (HCI) (scale 0-1),HD.HCI.OVRL,Mexico,MEX,..,..,..,..,..,..,..,..,0.589118778705597,..,..,..,..,..,..,0.607,0.611657083034515,..,0.612949848175049,..
Human capital index (HCI) (scale 0-1),HD.HCI.OVRL,Indonesia,IDN,..,..,..,..,..,..,..,..,0.496361434459686,..,..,..,..,..,..,0.535,0.53795725107193,..,0.540038466453552,..
Human capital index (HCI) (scale 0-1),HD.HCI.OVRL,Philippines,PHL,..,..,..,..,..,..,..,..,..,..,..,..,..,..,..,0.548,0.549015581607819,..,0.51596212387085,..
Human capital index (HCI) (scale 0-1),HD.HCI.OVRL,"Egypt, Arab Rep.",EGY,..,..,..,..,..,..,..,..,0.478853046894073,..,..,..,..,..,..,0.486,0.492512345314026,..,0.494374662637711,..
Human capital index (HCI) (scale 0-1),HD.HCI.OVRL,Colombia,COL,..,..,..,..,..,..,..,..,0.580249488353729,..,..,..,..,..,..,0.593,0.598653852939606,..,0.60433030128479,..
Human capital index (HCI) (scale 0-1),HD.HCI.OVRL,Argentina,ARG,..,..,..,..,..,..,..,..,0.588557064533234,..,..,..,..,..,..,0.611,0.61736673116684,..,0.602144718170166,..
Human capital index (HCI) (scale 0-1),HD.HCI.OVRL,Viet Nam,VNM,..,..,..,..,..,..,..,..,0.656642436981201,..,..,..,..,..,..,0.666,0.687239348888397,..,0.689964532852173,..
Human capital index (HCI) (scale 0-1),HD.HCI.OVRL,Morocco,MAR,..,..,..,..,..,..,..,..,0.474434584379196,..,..,..,..,..,..,0.5,0.492540985345841,..,0.504116356372833,..
Human capital index (HCI) (scale 0-1),HD.HCI.OVRL,Nigeria,NGA,..,..,..,..,..,..,..,..,..,..,..,..,..,..,..,0.342,0.354753166437149,..,0.360609829425812,..
Human capital index (HCI) (scale 0-1),HD.HCI.OVRL,Ethiopia,ETH,..,..,..,..,..,..,..,..,..,..,..,..,..,..,..,0.385,0.384100586175919,..,0.382784843444824,..
Human capital index (HCI) (scale 0-1),HD.HCI.OVRL,Haiti,HTI,..,..,..,..,..,..,..,..,..,..,..,..,..,..,..,0.446,0.444787979125977,..,0.446564912796021,..
Human capital index (HCI) (scale 0-1),HD.HCI.OVRL,Afghanistan,AFG,..,..,..,..,..,..,..,..,..,..,..,..,..,..,..,0.389,0.393489241600037,..,0.400284141302109,..
Human capital index (HCI) (scale 0-1),HD.HCI.OVRL,Bangladesh,BGD,..,..,..,..,..,..,..,..,..,..,..,..,..,..,..,0.479,0.458553284406662,..,0.46403643488884,..
Human capital index (HCI) (scale 0-1),HD.HCI.OVRL,Uganda,UGA,..,..,..,..,..,..,..,..,0.34381103515625,..,..,..,..,..,..,0.382,0.382125794887543,..,0.384176582098007,..
Human capital index (HCI) (scale 0-1),HD.HCI.OVRL,Nepal,NPL,..,..,..,..,..,..,..,..,..,..,..,..,..,..,..,0.49,0.498192399740219,..,0.504601776599884,..
Human capital index (HCI) (scale 0-1),HD.HCI.OVRL,Mozambique,MOZ,..,..,..,..,..,..,..,..,..,..,..,..,..,..,..,0.361,0.355467021465302,..,0.362116664648056,..
Human capital index (HCI) (scale 0-1),HD.HCI.OVRL,Sudan,SDN,..,..,..,..,..,..,..,..,..,..,..,..,..,..,..,0.379,0.376040458679199,..,0.377445191144943,..
Human capital index (HCI) (scale 0-1),HD.HCI.OVRL,Madagascar,MDG,..,..,..,..,..,..,..,..,0.388654828071594,..,..,..,..,..,..,0.374,0.38549268245697,..,0.391991019248962,..
Human capital index (HCI) (scale 0-1),HD.HCI.OVRL,Rwanda,RWA,..,..,..,..,..,..,..,..,..,..,..,..,..,..,..,0.374,0.376912027597427,..,0.379552751779556,..
"GNI per capita, Atlas method (current US$)",NY.GNP.PCAP.CD,United States,USA,37320,39770,43520,46190,47850,48530,49110,47910,49190,50670,52690,53860,55670,56510,57060,59130,63360,66220,64620,71500
"GNI per capita, Atlas method (current US$)",NY.GNP.PCAP.CD,Germany,DEU,23650,26130,31660,35730,38240,40450,43630,43610,44650,47270,46560,47220,47630,45830,44330,43780,47540,49470,48020,52140
"GNI per capita, Atlas method (current US$)",NY.GNP.PCAP.CD,Japan,JPN,35360,35660,39000,41280,40590,39310,39380,39230,43910,47470,50060,48850,44440,39380,38460,38930,41800,41970,40940,43670
"GNI per capita, Atlas method (current US$)",NY.GNP.PCAP.CD,Norway,NOR,39930,44830,54290,64050,70300,78750,87850,88130,88940,90920,99750,104830,105070,93440,81870,76230,80970,82430,78610,81770
"GNI per capita, Atlas method (current US$)",NY.GNP.PCAP.CD,Australia,AUS,20210,21380,25850,30740,34600,37390,42410,44100,46750,50410,60290,66080,65220,60520,54100,51480,53080,54890,53630,57180
"GNI per capita, Atlas method (current US$)",NY.GNP.PCAP.CD,"Korea, Rep.",KOR,12850,13790,16200,18520,20800,23440,23860,22040,22280,23580,25650,26970,28160,28720,29330,30290,32740,33830,33040,35180
"GNI per capita, Atlas method (current US$)",NY.GNP.PCAP.CD,Canada,CAN,23590,25480,29530,34310,37900,41540,44930,43230,44490,47190,51080,52800,52200,47580,43900,42900,45060,46580,43900,48780
"GNI per capita, Atlas method (current US$)",NY.GNP.PCAP.CD,United Kingdom,GBR,29190,32260,37820,42710,44850,47390,48380,44080,41760,41100,41800,42790,44580,44380,42960,41660,42020,43240,38770,45510
"GNI per capita, Atlas method (current US$)",NY.GNP.PCAP.CD,Switzerland,CHE,40640,46660,55000,62770,65290,64120,64870,71800,79040,81330,86720,90590,88250,86810,83360,80770,82470,83160,81740,90810
"GNI per capita, Atlas method (current US$)",NY.GNP.PCAP.CD,Italy,ITA,20760,23400,28360,32470,34250,35920,37980,37970,37910,37930,36170,35550,34920,33030,31960,31370,33850,34890,32430,36410
"GNI per capita, Atlas method (current US$)",NY.GNP.PCAP.CD,Sweden,SWE,29130,32690,39690,45690,49090,52180,55370,52390,54380,56450,58840,61530,61350,57910,53980,52330,55090,56230,54670,60530
"GNI per capita, Atlas method (current US$)",NY.GNP.PCAP.CD,Brazil,BRA,3120,3010,3370,4030,4890,6240,7680,8400,9750,11210,12460,12950,12280,10330,9050,8830,9320,9410,8080,8060
"GNI per capita, Atlas method (current US$)",NY.GNP.PCAP.CD,India,IND,460,510,610,700,780,910,990,1110,1210,1350,1460,1500,1540,1580,1670,1790,1970,2070,1900,2170
"GNI per capita, Atlas method (current US$)",NY.GNP.PCAP.CD,South Africa,ZAF,2870,3160,4040,5430,6120,6440,6490,6350,6730,7620,8220,7930,7230,6450,5880,5850,6250,6570,5930,6330
"GNI per capita, Atlas method (current US$)",NY.GNP.PCAP.CD,Mexico,MEX,7490,7780,8240,8490,9140,9720,10260,9230,9470,9760,10500,10710,10950,10580,9740,9270,9560,9860,8920,9880
"GNI per capita, Atlas method (current US$)",NY.GNP.PCAP.CD,Indonesia,IDN,780,880,1060,1200,1350,1570,1900,2110,2490,2960,3520,3670,3570,3390,3370,3490,3810,4020,3850,4130
"GNI per capita, Atlas method (current US$)",NY.GNP.PCAP.CD,Philippines,PHL,1110,1150,1260,1350,1470,1680,1970,2130,2310,2450,2780,3060,3220,3280,3350,3440,3610,3760,3350,3570
"GNI per capita, Atlas method (current US$)",NY.GNP.PCAP.CD,"Egypt, Arab Rep.",EGY,1250,1160,1120,1130,1230,1420,1710,1970,2200,2380,2630,2810,3000,3100,3200,2880,2710,2640,2960,3470
"GNI per capita, Atlas method (current US$)",NY.GNP.PCAP.CD,Colombia,COL,2410,2410,2650,3030,3540,4170,4770,5200,5690,6370,7340,8010,8280,7420,6560,6030,6350,6630,5850,6260
"GNI per capita, Atlas method (current US$)",NY.GNP.PCAP.CD,Argentina,ARG,4010,3620,3340,4230,5440,6460,7600,7720,9160,10590,11770,12760,12240,12500,12130,13070,12390,11210,9040,10070
"GNI per capita, Atlas method (current US$)",NY.GNP.PCAP.CD,Viet Nam,VNM,430,480,550,650,740,860,1000,1120,1370,1630,1980,2200,2390,2460,2560,2680,3020,3290,3400,3540
"GNI per capita, Atlas method (current US$)",NY.GNP.PCAP.CD,Morocco,MAR,1550,1740,2060,2300,2490,2630,2970,3150,3190,3260,3230,3350,3330,3300,3150,3160,3380,3510,3260,3630
"GNI per capita, Atlas method (current US$)",NY.GNP.PCAP.CD,Nigeria,NGA,..,..,..,..,..,..,1890,1960,2050,2100,2360,2600,2870,2760,2370,2020,1950,2050,2060,2110
"GNI per capita, Atlas method (current US$)",NY.GNP.PCAP.CD,Ethiopia,ETH,120,110,130,160,180,210,270,330,370,380,400,450,530,580,650,710,770,820,860,930
"GNI per capita, Atlas method (current US$)",NY.GNP.PCAP.CD,Haiti,HTI,740,690,680,710,800,900,1010,1160,1140,1260,1320,1410,1460,1430,1380,1370,1430,1410,1340,1450
"GNI per capita, Atlas method (current US$)",NY.GNP.PCAP.CD,Afghanistan,AFG,180,190,210,250,270,330,370,460,530,550,640,670,640,590,560,530,520,520,490,380
"GNI per capita, Atlas method (current US$)",NY.GNP.PCAP.CD,Bangladesh,BGD,420,440,490,530,550,580,640,700,780,870,950,1010,1080,1200,1400,1640,2020,2220,2320,2600
"GNI per capita, Atlas method (current US$)",NY.GNP.PCAP.CD,Uganda,UGA,250,250,280,310,350,380,430,550,680,860,830,810,830,850,810,760,770,810,820,860
"GNI per capita, Atlas method (current US$)",NY.GNP.PCAP.CD,Nepal,NPL,230,250,280,300,330,370,430,480,530,620,750,840,860,870,860,970,1120,1240,1190,1250
"GNI per capita, Atlas method (current US$)",NY.GNP.PCAP.CD,Mozambique,MOZ,300,330,380,420,450,480,530,570,550,570,630,690,710,670,550,480,470,500,480,490
"GNI per capita, Atlas method (current US$)",NY.GNP.PCAP.CD,Sudan,SDN,420,510,620,750,920,1160,1350,1310,1230,1250,1120,1060,1130,1180,1140,1010,810,720,600,620
"GNI per capita, Atlas method (current US$)",NY.GNP.PCAP.CD,Madagascar,MDG,260,320,330,320,310,360,430,450,450,460,470,490,490,460,440,450,470,490,450,480
"GNI per capita, Atlas method (current US$)",NY.GNP.PCAP.CD,Rwanda,RWA,260,250,270,310,350,400,470,540,590,640,690,710,720,740,730,720,770,820,770,840
Poverty headcount ratio at national poverty line (% of population),SI.POV.NAHC,United States,USA,..,..,..,..,..,..,..,..,..,..,..,..,..,..,..,..,..,..,..,..
Poverty headcount ratio at national poverty line (% of population),SI.POV.NAHC,Germany,DEU,..,..,..,..,..,..,..,..,..,..,..,..,..,..,..,..,..,16.1,16,14.8
Poverty headcount ratio at national poverty line (% of population),SI.POV.NAHC,Japan,JPN,..,..,..,..,..,..,..,..,..,..,..,..,..,..,..,..,..,..,..,..
Poverty headcount ratio at national poverty line (% of population),SI.POV.NAHC,Norway,NOR,..,..,..,..,..,..,..,..,..,..,..,..,..,..,..,..,..,..,12.6,12.2
Poverty headcount ratio at national poverty line (% of population),SI.POV.NAHC,Australia,AUS,..,..,..,..,..,..,..,..,..,..,..,..,..,..,..,..,..,..,..,..
Poverty headcount ratio at national poverty line (% of population),SI.POV.NAHC,"Korea, Rep.",KOR,..,..,..,..,..,..,..,..,..,..,..,..,..,..,..,..,..,..,..,..
Poverty headcount ratio at national poverty line (% of population),SI.POV.NAHC,Canada,CAN,..,..,..,..,..,..,..,..,..,..,..,..,..,..,..,..,..,..,..,..
Poverty headcount ratio at national poverty line (% of population),SI.POV.NAHC,United Kingdom,GBR,..,..,..,..,..,..,..,..,..,..,..,..,..,..,17,18.6,..,..,..,..
Poverty headcount ratio at national poverty line (% of population),SI.POV.NAHC,Switzerland,CHE,..,..,..,..,15,15.7,15.6,15,15,15.9,14.5,13.8,15.6,14.7,15.5,14.6,16,15.5,14.7,15.8
Poverty headcount ratio at national poverty line (% of population),SI.POV.NAHC,Italy,ITA,..,18.9,19.2,19.3,19.5,18.9,18.4,18.7,19.8,19.5,19.3,19.4,19.9,20.6,20.3,20.3,20.1,20,20.1,20.1
Poverty headcount ratio at national poverty line (% of population),SI.POV.NAHC,Sweden,SWE,..,..,..,..,..,13.5,14.4,14.8,15.4,15.2,16,15.6,16.3,16.2,15.8,16.4,17.1,16.1,15.7,16
Poverty headcount ratio at national poverty line (% of population),SI.POV.NAHC,Brazil,BRA,..,..,..,..,..,..,..,..,..,..,..,..,..,..,..,..,..,..,..,..
Poverty headcount ratio at national poverty line (% of population),SI.POV.NAHC,India,IND,..,..,37.2,..,..,..,..,29.8,..,21.9,..,..,..,..,..,..,..,..,..,..
Poverty headcount ratio at national poverty line (% of population),SI.POV.NAHC,South Africa,ZAF,..,..,..,66.6,..,..,62.1,..,53.2,..,..,..,55.5,..,..,..,..,..,..,..
Poverty headcount ratio at national poverty line (% of population),SI.POV.NAHC,Mexico,MEX,..,..,..,..,..,..,..,..,..,..,..,..,..,..,43.6,..,41.9,..,43.9,..
Poverty headcount ratio at national poverty line (% of population),SI.POV.NAHC,Indonesia,IDN,18.2,17.4,16.7,16,17.8,16.6,15.4,14.1,..,12.5,12,11.4,11.3,11.2,10.9,10.6,9.8,9.4,9.8,10.1
Poverty headcount ratio at national poverty line (% of population),SI.POV.NAHC,Philippines,PHL,..,..,..,..,26.6,..,..,26.3,..,..,25.2,..,..,23.5,..,..,16.7,..,..,18.1
Poverty headcount ratio at national poverty line (% of population),SI.POV.NAHC,"Egypt, Arab Rep.",EGY,..,..,..,..,..,..,..,..,..,..,..,..,..,..,..,..,..,29.7,..,..
Poverty headcount ratio at national poverty line (% of population),SI.POV.NAHC,Colombia,COL,..,..,..,..,..,..,..,..,..,..,..,..,..,..,..,..,..,..,..,39.7
Poverty headcount ratio at national poverty line (% of population),SI.POV.NAHC,Argentina,ARG,..,..,..,..,..,..,..,..,..,..,..,..,..,..,30.3,25.7,32,35.5,42,37.3
Poverty headcount ratio at national poverty line (% of population),SI.POV.NAHC,Viet Nam,VNM,..,..,..,..,..,..,..,..,..,..,..,..,..,..,9.2,7.9,6.8,5.7,4.8,..
Poverty headcount ratio at national poverty line (% of population),SI.POV.NAHC,Morocco,MAR,..,..,..,..,..,8.9,..,..,..,..,..,4.8,..,..,..,..,..,..,..,..
Poverty headcount ratio at national poverty line (% of population),SI.POV.NAHC,Nigeria,NGA,..,..,..,..,..,..,..,..,..,..,..,..,..,..,..,..,40.1,..,..,..
Poverty headcount ratio at national poverty line (% of population),SI.POV.NAHC,Ethiopia,ETH,..,..,38.7,..,..,..,..,..,29.6,..,..,..,..,23.5,..,..,..,..,..,..
Poverty headcount ratio at national poverty line (% of population),SI.POV.NAHC,Haiti,HTI,..,..,..,..,..,..,..,..,..,..,58.5,..,..,..,..,..,..,..,..,..
Poverty headcount ratio at national poverty line (% of population),SI.POV.NAHC,Afghanistan,AFG,..,..,..,..,..,33.7,..,..,..,38.3,..,..,..,..,54.5,..,..,..,..,..
Poverty headcount ratio at national poverty line (% of population),SI.POV.NAHC,Bangladesh,BGD,..,..,..,..,..,..,..,..,..,..,..,..,..,..,..,..,..,..,..,..
Poverty headcount ratio at national poverty line (% of population),SI.POV.NAHC,Uganda,UGA,38.8,..,..,31.1,..,..,..,24.5,..,..,19.7,..,..,..,21.4,..,..,20.3,..,..
Poverty headcount ratio at national poverty line (% of population),SI.POV.NAHC,Nepal,NPL,..,..,..,..,..,..,..,..,..,..,..,..,..,..,..,..,..,..,..,..
Poverty headcount ratio at national poverty line (% of population),SI.POV.NAHC,Mozambique,MOZ,54.1,..,..,..,..,..,54.7,..,..,..,..,..,46.1,..,..,..,..,..,..,..
Poverty headcount ratio at national poverty line (% of population),SI.POV.NAHC,Sudan,SDN,..,..,..,..,..,..,..,46.5,..,..,..,..,..,..,..,..,..,..,..,..
Poverty headcount ratio at national poverty line (% of population),SI.POV.NAHC,Madagascar,MDG,..,..,..,73.2,..,..,..,..,71.7,..,70.7,..,..,..,..,..,..,..,..,..
Poverty headcount ratio at national poverty line (% of population),SI.POV.NAHC,Rwanda,RWA,..,..,..,..,..,..,..,..,..,..,..,39.1,..,..,38.2,..,..,..,..,..
"Maternal mortality ratio (national estimate, per 100,000 live births)",SH.STA.MMRT.NE,United States,USA,13,12,14,13,13,14,13,14,15,14,..,..,19,18,19,..,..,..,..,..
"Maternal mortality ratio (national estimate, per 100,000 live births)",SH.STA.MMRT.NE,Germany,DEU,3,4,5,4,5,4,5,5,5,5,4,4,4,3,..,..,..,..,..,..
"Maternal mortality ratio (national estimate, per 100,000 live births)",SH.STA.MMRT.NE,Japan,JPN,7,6,4,..,5,3,4,5,4,4,4,3,3,4,..,..,..,..,..,..
"Maternal mortality ratio (national estimate, per 100,000 live births)",SH.STA.MMRT.NE,Norway,NOR,5,12,0,3,9,7,5,2,5,5,0,3,3,0,0,0,..,..,..,..
"Maternal mortality ratio (national estimate, per 100,000 live births)",SH.STA.MMRT.NE,Australia,AUS,..,6,..,..,5,..,..,..,..,4,8,9,..,3,..,..,..,..,..,..
"Maternal mortality ratio (national estimate, per 100,000 live births)",SH.STA.MMRT.NE,"Korea, Rep.",KOR,13,12,12,11,12,10,9,13,..,16,19,12,11,9,8,..,..,..,..,..
"Maternal mortality ratio (national estimate, per 100,000 live births)",SH.STA.MMRT.NE,Canada,CAN,4,7,6,8,7,7,9,8,6,4,5,6,5,6,..,..,..,..,..,..
"Maternal mortality ratio (national estimate, per 100,000 live births)",SH.STA.MMRT.NE,United Kingdom,GBR,..,11,..,..,11,..,..,11,..,..,10,9,8,8,8,..,..,..,..,..
"Maternal mortality ratio (national estimate, per 100,000 live births)",SH.STA.MMRT.NE,Switzerland,CHE,4,5,5,5,8,1,10,4,4,4,7,2,4,7,..,..,..,..,..,..
"Maternal mortality ratio (national estimate, per 100,000 live births)",SH.STA.MMRT.NE,Italy,ITA,3,5,4,2,..,2,2,2,3,2,2,2,2,3,..,..,..,..,..,..
"Maternal mortality ratio (national estimate, per 100,000 live births)",SH.STA.MMRT.NE,Sweden,SWE,..,..,..,..,6,..,5,5,2,1,4,5,3,1,3,..,..,..,..,..
"Maternal mortality ratio (national estimate, per 100,000 live births)",SH.STA.MMRT.NE,Brazil,BRA,72,77,74,78,71,79,78,72,69,66,60,58,61,64,63,62,59,..,..,..
"Maternal mortality ratio (national estimate, per 100,000 live births)",SH.STA.MMRT.NE,India,IND,360,..,331,..,..,279,..,..,233,..,..,196,184,..,..,143,..,..,..,..
"Maternal mortality ratio (national estimate, per 100,000 live births)",SH.STA.MMRT.NE,South Africa,ZAF,75,84,106,112,122,152,152,157,137,104,86,78,84,78,..,..,..,..,..,..
"Maternal mortality ratio (national estimate, per 100,000 live births)",SH.STA.MMRT.NE,Mexico,MEX,55,56,53,53,50,47,48,52,43,42,41,37,38,34,36,..,..,..,..,..
"Maternal mortality ratio (national estimate, per 100,000 live births)",SH.STA.MMRT.NE,Indonesia,IDN,..,339,..,..,..,206,..,..,..,..,282,..,..,..,..,..,..,..,..,..
"Maternal mortality ratio (national estimate, per 100,000 live births)",SH.STA.MMRT.NE,Philippines,PHL,76,76,..,..,73,71,73,68,73,62,206,..,..,..,..,..,..,..,..,..
"Maternal mortality ratio (national estimate, per 100,000 live births)",SH.STA.MMRT.NE,"Egypt, Arab Rep.",EGY,35,38,29,30,31,28,21,26,23,23,21,19,19,15,..,..,..,..,..,..
"Maternal mortality ratio (national estimate, per 100,000 live births)",SH.STA.MMRT.NE,Colombia,COL,..,61,63,60,61,60,53,60,58,58,57,48,47,47,44,44,..,..,..,..
"Maternal mortality ratio (national estimate, per 100,000 live births)",SH.STA.MMRT.NE,Argentina,ARG,44,42,40,38,44,41,39,54,43,40,33,32,..,38,32,..,..,..,..,..
"Maternal mortality ratio (national estimate, per 100,000 live births)",SH.STA.MMRT.NE,Viet Nam,VNM,..,..,..,..,..,..,58,..,42,..,..,..,..,..,..,..,..,..,..,..
"Maternal mortality ratio (national estimate, per 100,000 live births)",SH.STA.MMRT.NE,Morocco,MAR,..,343,..,..,..,..,..,..,129,88,..,..,..,..,..,..,..,..,..,..
"Maternal mortality ratio (national estimate, per 100,000 live births)",SH.STA.MMRT.NE,Nigeria,NGA,..,..,..,..,..,..,938,..,..,..,..,1222,..,..,..,..,..,..,..,..
"Maternal mortality ratio (national estimate, per 100,000 live births)",SH.STA.MMRT.NE,Ethiopia,ETH,..,..,..,710,..,1184,..,..,..,861,..,..,..,..,557,..,..,..,..,..
"Maternal mortality ratio (national estimate, per 100,000 live births)",SH.STA.MMRT.NE,Haiti,HTI,..,..,..,..,531,..,..,..,..,..,..,..,..,..,..,732,..,..,..,..
"Maternal mortality ratio (national estimate, per 100,000 live births)",SH.STA.MMRT.NE,Afghanistan,AFG,..,..,..,..,..,..,..,..,700,..,..,..,..,..,1194,..,..,..,..,..
"Maternal mortality ratio (national estimate, per 100,000 live births)",SH.STA.MMRT.NE,Bangladesh,BGD,..,..,..,..,..,..,..,..,..,316,..,..,..,..,..,215,..,..,..,..
"Maternal mortality ratio (national estimate, per 100,000 live births)",SH.STA.MMRT.NE,Uganda,UGA,..,..,..,..,392,..,..,..,..,551,..,..,..,..,481,..,..,..,..,..
"Maternal mortality ratio (national estimate, per 100,000 live births)",SH.STA.MMRT.NE,Nepal,NPL,..,..,..,..,390,..,..,..,..,461,..,..,..,..,..,250,..,..,..,..
"Maternal mortality ratio (national estimate, per 100,000 live births)",SH.STA.MMRT.NE,Mozambique,MOZ,..,..,606,..,..,577,..,..,..,589,..,..,..,..,..,..,..,..,..,..
"Maternal mortality ratio (national estimate, per 100,000 live births)",SH.STA.MMRT.NE,Sudan,SDN,..,..,..,..,702,..,775,..,237,..,..,..,..,..,..,..,..,..,..,..
"Maternal mortality ratio (national estimate, per 100,000 live births)",SH.STA.MMRT.NE,Madagascar,MDG,..,..,621,..,..,..,..,504,..,..,..,..,..,..,..,..,..,..,..,..
"Maternal mortality ratio (national estimate, per 100,000 live births)",SH.STA.MMRT.NE,Rwanda,RWA,..,..,..,985,..,..,..,..,785,..,..,..,..,297,..,..,..,..,..,..
Diabetes prevalence (% of population ages 20 to 79),SH.STA.DIAB.ZS,United States,USA,..,..,..,..,..,..,..,..,..,9.4,..,..,..,..,..,..,..,..,..,10.7
Diabetes prevalence (% of population ages 20 to 79),SH.STA.DIAB.ZS,Germany,DEU,..,..,..,..,..,..,..,..,..,5.3,..,..,..,..,..,..,..,..,..,6.9
Diabetes prevalence (% of population ages 20 to 79),SH.STA.DIAB.ZS,Japan,JPN,..,..,..,..,..,..,..,..,..,7.7,..,..,..,..,..,..,..,..,..,6.6
Diabetes prevalence (% of population ages 20 to 79),SH.STA.DIAB.ZS,Norway,NOR,..,..,..,..,..,..,..,..,..,4.7,..,..,..,..,..,..,..,..,..,3.6
Diabetes prevalence (% of population ages 20 to 79),SH.STA.DIAB.ZS,Australia,AUS,..,..,..,..,..,..,..,..,..,6.6,..,..,..,..,..,..,..,..,..,6.4
Diabetes prevalence (% of population ages 20 to 79),SH.STA.DIAB.ZS,"Korea, Rep.",KOR,..,..,..,..,..,..,..,..,..,7.5,..,..,..,..,..,..,..,..,..,6.8
Diabetes prevalence (% of population ages 20 to 79),SH.STA.DIAB.ZS,Canada,CAN,..,..,..,..,..,..,..,..,..,8.4,..,..,..,..,..,..,..,..,..,7.7
Diabetes prevalence (% of population ages 20 to 79),SH.STA.DIAB.ZS,United Kingdom,GBR,..,..,..,..,..,..,..,..,..,5.2,..,..,..,..,..,..,..,..,..,6.3
Diabetes prevalence (% of population ages 20 to 79),SH.STA.DIAB.ZS,Switzerland,CHE,..,..,..,..,..,..,..,..,..,5.9,..,..,..,..,..,..,..,..,..,4.6
Diabetes prevalence (% of population ages 20 to 79),SH.STA.DIAB.ZS,Italy,ITA,..,..,..,..,..,..,..,..,..,5.1,..,..,..,..,..,..,..,..,..,6.4
Diabetes prevalence (% of population ages 20 to 79),SH.STA.DIAB.ZS,Sweden,SWE,..,..,..,..,..,..,..,..,..,4.2,..,..,..,..,..,..,..,..,..,5
Diabetes prevalence (% of population ages 20 to 79),SH.STA.DIAB.ZS,Brazil,BRA,..,..,..,..,..,..,..,..,..,10.1,..,..,..,..,..,..,..,..,..,8.8
Diabetes prevalence (% of population ages 20 to 79),SH.STA.DIAB.ZS,India,IND,..,..,..,..,..,..,..,..,..,9,..,..,..,..,..,..,..,..,..,9.6
Diabetes prevalence (% of population ages 20 to 79),SH.STA.DIAB.ZS,South Africa,ZAF,..,..,..,..,..,..,..,..,..,7,..,..,..,..,..,..,..,..,..,10.8
Diabetes prevalence (% of population ages 20 to 79),SH.STA.DIAB.ZS,Mexico,MEX,..,..,..,..,..,..,..,..,..,15.6,..,..,..,..,..,..,..,..,..,16.9
Diabetes prevalence (% of population ages 20 to 79),SH.STA.DIAB.ZS,Indonesia,IDN,..,..,..,..,..,..,..,..,..,5.1,..,..,..,..,..,..,..,..,..,10.6
Diabetes prevalence (% of population ages 20 to 79),SH.STA.DIAB.ZS,Philippines,PHL,..,..,..,..,..,..,..,..,..,9.7,..,..,..,..,..,..,..,..,..,7.1
Diabetes prevalence (% of population ages 20 to 79),SH.STA.DIAB.ZS,"Egypt, Arab Rep.",EGY,..,..,..,..,..,..,..,..,..,16.6,..,..,..,..,..,..,..,..,..,20.9
Diabetes prevalence (% of population ages 20 to 79),SH.STA.DIAB.ZS,Colombia,COL,..,..,..,..,..,..,..,..,..,9.8,..,..,..,..,..,..,..,..,..,8.3
Diabetes prevalence (% of population ages 20 to 79),SH.STA.DIAB.ZS,Argentina,ARG,..,..,..,..,..,..,..,..,..,5.5,..,..,..,..,..,..,..,..,..,5.4
Diabetes prevalence (% of population ages 20 to 79),SH.STA.DIAB.ZS,Viet Nam,VNM,..,..,..,..,..,..,..,..,..,3.2,..,..,..,..,..,..,..,..,..,6.1
Diabetes prevalence (% of population ages 20 to 79),SH.STA.DIAB.ZS,Morocco,MAR,..,..,..,..,..,..,..,..,..,6.8,..,..,..,..,..,..,..,..,..,9.1
Diabetes prevalence (% of population ages 20 to 79),SH.STA.DIAB.ZS,Nigeria,NGA,..,..,..,..,..,..,..,..,..,4.8,..,..,..,..,..,..,..,..,..,3.6
Diabetes prevalence (% of population ages 20 to 79),SH.STA.DIAB.ZS,Ethiopia,ETH,..,..,..,..,..,..,..,..,..,3.4,..,..,..,..,..,..,..,..,..,5
Diabetes prevalence (% of population ages 20 to 79),SH.STA.DIAB.ZS,Haiti,HTI,..,..,..,..,..,..,..,..,..,6.6,..,..,..,..,..,..,..,..,..,8.9
Diabetes prevalence (% of population ages 20 to 79),SH.STA.DIAB.ZS,Afghanistan,AFG,..,..,..,..,..,..,..,..,..,7.6,..,..,..,..,..,..,..,..,..,10.9
Diabetes prevalence (% of population ages 20 to 79),SH.STA.DIAB.ZS,Bangladesh,BGD,..,..,..,..,..,..,..,..,..,10.5,..,..,..,..,..,..,..,..,..,14.2
Diabetes prevalence (% of population ages 20 to 79),SH.STA.DIAB.ZS,Uganda,UGA,..,..,..,..,..,..,..,..,..,2.8,..,..,..,..,..,..,..,..,..,4.6
Diabetes prevalence (% of population ages 20 to 79),SH.STA.DIAB.ZS,Nepal,NPL,..,..,..,..,..,..,..,..,..,3.6,..,..,..,..,..,..,..,..,..,8.7
Diabetes prevalence (% of population ages 20 to 79),SH.STA.DIAB.ZS,Mozambique,MOZ,..,..,..,..,..,..,..,..,..,3.1,..,..,..,..,..,..,..,..,..,3.3
Diabetes prevalence (% of population ages 20 to 79),SH.STA.DIAB.ZS,Sudan,SDN,..,..,..,..,..,..,..,..,..,8.6,..,..,..,..,..,..,..,..,..,18.9
Diabetes prevalence (% of population ages 20 to 79),SH.STA.DIAB.ZS,Madagascar,MDG,..,..,..,..,..,..,..,..,..,4.7,..,..,..,..,..,..,..,..,..,4.6
Diabetes prevalence (% of population ages 20 to 79),SH.STA.DIAB.ZS,Rwanda,RWA,..,..,..,..,..,..,..,..,..,3.1,..,..,..,..,..,..,..,..,..,6.5
"Mortality rate, adult, male (per 1,000 male adults)",SP.DYN.AMRT.MA,United States,USA,144.378,143.909,140.559,141.969,141.119,138.605,136.811,134.966,131.884,132.138,131.345,131.259,131.878,134.303,138.505,139.215,137.524,136.83,162.991,180.758
"Mortality rate, adult, male (per 1,000 male adults)",SP.DYN.AMRT.MA,Germany,DEU,120.763,119.369,113.98,111.806,108.484,106.198,104.309,103.586,101.933,98.648,95.548,94.684,91.119,92.451,89.99,86.511,86.917,83.621,85.005,..
"Mortality rate, adult, male (per 1,000 male adults)",SP.DYN.AMRT.MA,Japan,JPN,95.051,95.879,92.677,92.668,89.142,87.189,85.382,84.429,82.824,83.291,77.023,75.083,72.613,70.18,68.737,66.604,65.289,64.375,64.547,64.319
"Mortality rate, adult, male (per 1,000 male adults)",SP.DYN.AMRT.MA,Norway,NOR,99.014,94.188,92.071,88.359,85.973,81.324,82.741,82.932,79.608,79.947,73.747,75.058,69.462,65.805,65.857,61.92,62.496,60.834,59.917,57.611
"Mortality rate, adult, male (per 1,000 male adults)",SP.DYN.AMRT.MA,Australia,AUS,90.801,89.052,86.332,85.447,82.945,84.719,82.004,81.768,78.634,78.281,75.751,75.516,76.934,78.367,76.101,77.31,74.055,75.193,73.018,..
"Mortality rate, adult, male (per 1,000 male adults)",SP.DYN.AMRT.MA,"Korea, Rep.",KOR,141.3,140.409,134.967,128.038,121.863,116.282,110.083,101.914,97.322,90.447,86.912,80.3,74.642,70.803,66.374,62.251,60.44,57.021,72.497,69.268
"Mortality rate, adult, male (per 1,000 male adults)",SP.DYN.AMRT.MA,Canada,CAN,96.835,96.936,94.71,94.342,91.811,91.755,89.926,87.755,85.399,82.916,82.45,81.208,81.436,81.203,82.791,85.803,86.018,82.636,94.257,100.051
"Mortality rate, adult, male (per 1,000 male adults)",SP.DYN.AMRT.MA,United Kingdom,GBR,105.896,103.807,99.554,97.444,99.258,97.559,96.722,94.258,91.112,87.285,83.932,85.183,83.899,84.576,85.661,84.604,87.127,85.252,94.184,97.839
"Mortality rate, adult, male (per 1,000 male adults)",SP.DYN.AMRT.MA,Switzerland,CHE,91.8,90.441,87.49,84.241,79.749,78.545,75.467,75.903,71.146,68.348,66.999,66.885,63.344,62.284,58.204,60.213,57.573,54.626,56.763,56.868
"Mortality rate, adult, male (per 1,000 male adults)",SP.DYN.AMRT.MA,Italy,ITA,95.824,92.243,86.976,84.356,82.979,80.536,78.548,76.385,73.052,71.981,70.628,67.898,66.045,67.307,64.479,66.506,63.203,61.477,66.434,..
"Mortality rate, adult, male (per 1,000 male adults)",SP.DYN.AMRT.MA,Sweden,SWE,84.604,82.312,81.84,79.604,77.773,77.631,75.892,74.488,71.863,70.821,68.068,67.302,66.376,66.933,63.956,63.288,62.062,58.136,60.859,59.257
"Mortality rate, adult, male (per 1,000 male adults)",SP.DYN.AMRT.MA,Brazil,BRA,227.348,224.274,221.774,212.949,210.546,206,201.022,197.694,195.948,193.011,190.624,184.185,177.824,178.498,178.499,170.492,165.432,161.413,189.684,217.709
"Mortality rate, adult, male (per 1,000 male adults)",SP.DYN.AMRT.MA,India,IND,245.4,240.244,235.408,230.67,227.348,225.792,225.384,225.4,225.044,223.432,219.76,214.491,208.244,202.425,197.778,195.1,194.114,193.514,202.334,253.832
"Mortality rate, adult, male (per 1,000 male adults)",SP.DYN.AMRT.MA,South Africa,ZAF,514.914,539.331,543.768,544.067,545.462,539.73,526.715,509.691,482.722,457.707,432.358,419.532,403.001,392.511,381.398,369.708,360.378,341.836,353.927,399.441
"Mortality rate, adult, male (per 1,000 male adults)",SP.DYN.AMRT.MA,Mexico,MEX,181.319,178.943,178.132,179.185,181.555,184.932,188.338,190.761,191.092,189.228,186.538,184.452,184.294,187.351,193.592,200.69,205.793,205.773,283.286,288.394
"Mortality rate, adult, male (per 1,000 male adults)",SP.DYN.AMRT.MA,Indonesia,IDN,208.586,211.662,227.47,209.773,211.833,206.339,208.296,209.654,205.065,204.679,205.062,206.261,200.078,199.15,199.765,199.216,193.961,192.873,219.64,244.106
"Mortality rate, adult, male (per 1,000 male adults)",SP.DYN.AMRT.MA,Philippines,PHL,180.463,179.049,176.581,174.408,173.288,171.232,170.044,169.391,168.077,167.239,166.201,165.874,163.711,162.725,161.883,160.841,158.765,156.406,153.067,199.595
"Mortality rate, adult, male (per 1,000 male adults)",SP.DYN.AMRT.MA,"Egypt, Arab Rep.",EGY,219.834,226.371,225.71,227.408,227.08,227.538,225.917,222.504,220.484,218.292,213.631,215.247,208.015,204.216,198.622,189.703,185.95,182.015,185.848,198.911
"Mortality rate, adult, male (per 1,000 male adults)",SP.DYN.AMRT.MA,Colombia,COL,219.658,210.221,203.565,196.049,189.986,184.985,177.216,169.218,164.817,160.142,155.564,151.666,148.231,145.399,143.184,141.091,141.458,142.284,166.27,212.26
"Mortality rate, adult, male (per 1,000 male adults)",SP.DYN.AMRT.MA,Argentina,ARG,174.967,174.324,165.484,163.848,159.537,167.463,157.517,152.466,154.367,150.196,148.625,147.396,142.238,143.506,147.558,140.418,138.893,136.151,147.707,147.702
"Mortality rate, adult, male (per 1,000 male adults)",SP.DYN.AMRT.MA,Viet Nam,VNM,199.725,198.534,197.621,195.355,195.422,194.64,196.109,194.32,194.181,191.475,191.451,190.298,189.624,189.953,189.793,188.581,189.048,187.339,163.167,183.997
"Mortality rate, adult, male (per 1,000 male adults)",SP.DYN.AMRT.MA,Morocco,MAR,205.899,201.454,197.358,192.266,187.725,181.665,175.766,170.334,165.355,160.863,156.66,151.14,145.857,141.134,136.937,133.429,130.373,127.668,130.197,128.703
"Mortality rate, adult, male (per 1,000 male adults)",SP.DYN.AMRT.MA,Nigeria,NGA,420.191,415.995,413.857,408.494,403.447,401.725,398.158,392.408,389.891,384.258,383.27,381.514,381.987,381.935,376.717,375.885,372.918,370.397,377.226,386.451
"Mortality rate, adult, male (per 1,000 male adults)",SP.DYN.AMRT.MA,Ethiopia,ETH,391.491,380.221,376.493,374.864,360.798,348.411,336.02,325.346,313.305,300.98,292.922,286.512,280.699,275.376,270.596,262.852,260.701,255.844,263.664,277.053
"Mortality rate, adult, male (per 1,000 male adults)",SP.DYN.AMRT.MA,Haiti,HTI,321.858,313.46,321.466,305.535,303.439,299.069,296.519,292.412,501.256,299.163,289.88,288.287,285.009,282.932,283.233,279.025,278.779,279.393,282.028,297.684
"Mortality rate, adult, male (per 1,000 male adults)",SP.DYN.AMRT.MA,Afghanistan,AFG,331.54,321.913,313.483,310.94,314.837,318.012,305.06,293.605,288.75,282.654,277.057,271.596,274.007,278.424,274.045,311.655,319.849,305.768,318.587,342.158
"Mortality rate, adult, male (per 1,000 male adults)",SP.DYN.AMRT.MA,Bangladesh,BGD,185.6,189.195,187.124,190.792,194.908,204.381,203.853,197.76,184.205,184.447,182.932,193.102,183.411,176.354,169.798,161.494,149.093,153.103,156.333,163.031
"Mortality rate, adult, male (per 1,000 male adults)",SP.DYN.AMRT.MA,Uganda,UGA,514.479,498.951,476.879,453.285,436.252,426.117,424.685,423.453,419.24,405.145,396.93,384.237,368.953,360.018,359.046,345.963,338.271,334.728,337.48,345.11
"Mortality rate, adult, male (per 1,000 male adults)",SP.DYN.AMRT.MA,Nepal,NPL,272.292,255.807,250.233,241.406,234.755,228.329,228.833,225.538,226.909,220.58,220.155,213.731,212.929,222.232,205.055,204.57,205.642,197.129,201.323,215.823
"Mortality rate, adult, male (per 1,000 male adults)",SP.DYN.AMRT.MA,Mozambique,MOZ,450.487,453.907,456.081,458.416,458.579,460.122,458.462,451.501,448.875,441.539,433.07,420.951,410.274,397.887,384.264,368.919,359.782,347.809,355.094,409.38
"Mortality rate, adult, male (per 1,000 male adults)",SP.DYN.AMRT.MA,Sudan,SDN,328.501,350.964,388.144,378.963,310.866,297.242,300.94,276.558,269.744,269.648,263.959,275.049,265.934,257.011,257.01,245.263,243.16,241.127,244.205,252.755
"Mortality rate, adult, male (per 1,000 male adults)",SP.DYN.AMRT.MA,Madagascar,MDG,293.35,288.899,286.432,282.37,274.828,274.812,270.313,265.372,266.705,262.061,263.928,264.351,259.267,258.218,251.055,251.676,250.993,245.413,256.518,270.716
"Mortality rate, adult, male (per 1,000 male adults)",SP.DYN.AMRT.MA,Rwanda,RWA,413.441,377.789,354.734,338.011,330.864,320.689,314.474,309.222,311.182,310.016,301.29,291.767,292.108,284.929,285.275,282.546,273.304,272.136,270.464,276.693
"Mortality rate, adult, female (per 1,000 female adults)",SP.DYN.AMRT.FE,United States,USA,83.72,83.557,81.47,81.507,80.928,79.447,78.705,79.055,77.159,77.926,77.717,78.083,79.372,80.429,82.097,81.986,80.593,79.455,92.267,103.772
"Mortality rate, adult, female (per 1,000 female adults)",SP.DYN.AMRT.FE,Germany,DEU,61.736,60.737,58.657,57.71,56.008,55.294,54.726,54.228,53.275,52.91,51.099,51.743,49.597,50.173,49.545,48.026,48.283,46.582,46.195,..
"Mortality rate, adult, female (per 1,000 female adults)",SP.DYN.AMRT.FE,Japan,JPN,45.427,44.965,45.393,45.07,44.117,43.235,42.722,41.645,41.443,45.256,39.817,39.211,38.752,37.142,36.993,35.699,35.783,35.483,35.611,35.66
"Mortality rate, adult, female (per 1,000 female adults)",SP.DYN.AMRT.FE,Norway,NOR,58.943,56.879,56.784,55.982,53.192,52.837,49.79,50.03,50.116,49.575,44.447,45.912,43.49,41.989,41.705,39.376,38.719,37.433,37.226,37.069
"Mortality rate, adult, female (per 1,000 female adults)",SP.DYN.AMRT.FE,Australia,AUS,53.059,50.706,49.508,47.595,48.235,48.119,46.643,47.91,45.704,46.069,44.464,45.018,44.842,45.231,44.785,44.614,43.127,42.391,41.652,..
"Mortality rate, adult, female (per 1,000 female adults)",SP.DYN.AMRT.FE,"Korea, Rep.",KOR,58.404,58.071,54.967,52.32,48.845,46.529,42.286,38.468,36.206,33.53,31.949,29.503,27.146,26.316,24.874,23.589,23.055,22.07,31.797,30.297
"Mortality rate, adult, female (per 1,000 female adults)",SP.DYN.AMRT.FE,Canada,CAN,59.492,58.315,57.049,57.113,55.878,55.476,55.899,54.782,52.66,52.671,52.44,50.975,51.4,50.736,51.593,51.511,51.046,49.767,53.873,55.32
"Mortality rate, adult, female (per 1,000 female adults)",SP.DYN.AMRT.FE,United Kingdom,GBR,64.844,64.551,62.084,61.571,60.813,60.006,60.097,58.132,57.445,55.743,54.362,53.891,53.642,54.081,55.127,53.07,54.575,53.705,57.661,60.214
"Mortality rate, adult, female (per 1,000 female adults)",SP.DYN.AMRT.FE,Switzerland,CHE,51.977,50.145,47.738,46.004,46.738,45.549,42.969,42.165,42.675,40.045,39.904,38.848,36.652,36.484,35.896,34.265,35.152,32.207,32.498,33.004
"Mortality rate, adult, female (per 1,000 female adults)",SP.DYN.AMRT.FE,Italy,ITA,49.132,47.786,44.996,44.227,42.889,42.189,41.701,41.987,40.179,40.484,39.701,38.636,37.507,38.612,37.319,37.787,36.495,35.534,37.48,..
"Mortality rate, adult, female (per 1,000 female adults)",SP.DYN.AMRT.FE,Sweden,SWE,53.316,52.088,50.547,51.076,49.434,47.552,47.389,46.728,43.121,43.573,43.703,43.703,42.586,39.95,39.668,39.084,38.431,37.733,36.66,36.638
"Mortality rate, adult, female (per 1,000 female adults)",SP.DYN.AMRT.FE,Brazil,BRA,115.572,114.059,109.656,105.294,103.048,101.099,98.587,96.702,94.087,93.534,91.547,89.138,86.15,84.634,81.943,80.037,77.695,75.626,95.452,121.238
"Mortality rate, adult, female (per 1,000 female adults)",SP.DYN.AMRT.FE,India,IND,179.626,173.247,167.462,161.031,155.712,151.348,147.873,145.274,143.479,142.507,142.342,142.92,143.702,144.478,144.65,143.731,141.768,139.668,144.496,185.906
"Mortality rate, adult, female (per 1,000 female adults)",SP.DYN.AMRT.FE,South Africa,ZAF,407.094,436.005,453.713,460.982,459.37,443.684,424.313,402.427,374.173,346.302,320.819,304.887,286.397,277.004,264.877,255.495,246.989,236.101,256.616,294.817
"Mortality rate, adult, female (per 1,000 female adults)",SP.DYN.AMRT.FE,Mexico,MEX,106.132,105.098,104.391,104.067,103.876,103.786,103.524,102.859,101.563,99.722,97.839,96.411,95.903,96.767,98.83,100.858,101.426,99.114,141.359,130.813
"Mortality rate, adult, female (per 1,000 female adults)",SP.DYN.AMRT.FE,Indonesia,IDN,170.367,163.172,194.81,169.141,161.814,163.216,166.068,159.579,162.016,162.174,160.869,152.461,152.838,152.107,151.951,151.493,143.61,142.276,161.38,179.774
"Mortality rate, adult, female (per 1,000 female adults)",SP.DYN.AMRT.FE,Philippines,PHL,134.718,133.176,132.53,130.248,130.325,127.838,127.142,126.484,125.179,125.028,123.915,124.722,120.453,118.793,117.098,115.335,113.193,111.252,108.591,138.536
"Mortality rate, adult, female (per 1,000 female adults)",SP.DYN.AMRT.FE,"Egypt, Arab Rep.",EGY,142.43,145.041,143.2,140.494,138.288,136.503,133.983,130.724,127.58,123.872,121.632,119.806,114.976,114.943,108.622,102.976,102.131,103.044,105.044,114.164
"Mortality rate, adult, female (per 1,000 female adults)",SP.DYN.AMRT.FE,Colombia,COL,95.669,92.887,90.581,88.182,85.804,83.585,81.319,79.223,77.933,76.647,75.593,74.943,74.368,73.966,73.531,73.522,73.221,73.515,87.21,111.063
"Mortality rate, adult, female (per 1,000 female adults)",SP.DYN.AMRT.FE,Argentina,ARG,95.58,102.93,95.868,92.45,90.894,92.523,88.91,87.333,88.828,84.699,79.569,79.171,78.091,76.307,79.285,75.849,73.538,70.582,87.621,90.414
"Mortality rate, adult, female (per 1,000 female adults)",SP.DYN.AMRT.FE,Viet Nam,VNM,84.219,82.935,81.755,81.535,81.298,80.254,80.279,80.242,80.359,79.307,79.378,79.029,78.213,77.801,77.121,77.488,77.12,76.268,68.075,77.554
"Mortality rate, adult, female (per 1,000 female adults)",SP.DYN.AMRT.FE,Morocco,MAR,160.092,156.301,153.488,147.494,142.189,137.055,132.426,128.175,124.389,118.679,113.437,108.787,104.592,100.723,96.866,92.365,88.583,85.393,84.929,83.996
"Mortality rate, adult, female (per 1,000 female adults)",SP.DYN.AMRT.FE,Nigeria,NGA,378.092,373.899,375.315,372.034,371.36,371.27,376.039,370.645,370.421,365.599,365.771,363.371,363.219,364.599,365.831,361.489,361.014,357.041,357.014,366.108
"Mortality rate, adult, female (per 1,000 female adults)",SP.DYN.AMRT.FE,Ethiopia,ETH,364.688,351.082,343.363,331.147,316.663,296.941,279.585,258.915,248.976,236.685,225.847,212.412,208.834,197.241,184.946,185.113,174.744,171.203,174.956,177.314
"Mortality rate, adult, female (per 1,000 female adults)",SP.DYN.AMRT.FE,Haiti,HTI,258.593,247.194,259.335,232.136,226.448,221.856,217.433,213.223,482.177,213.909,205.747,201.146,195.002,192.369,188.327,183.52,182.532,176.812,179.648,195.569
"Mortality rate, adult, female (per 1,000 female adults)",SP.DYN.AMRT.FE,Afghanistan,AFG,282.338,270.723,264.795,259.868,254.511,247.96,241.256,236.917,231.583,225.563,220.219,214.871,212.215,209.573,204.096,196.522,193.284,190.261,210.053,214.241
"Mortality rate, adult, female (per 1,000 female adults)",SP.DYN.AMRT.FE,Bangladesh,BGD,155.796,150.016,148.313,146.967,148.327,156.221,150.703,149.51,133.139,132.536,118.525,112.607,114.615,112.617,107.952,103.032,100.365,94.56,116.992,121.34
"Mortality rate, adult, female (per 1,000 female adults)",SP.DYN.AMRT.FE,Uganda,UGA,440.994,447.131,438.38,414.15,383.971,374.543,370.467,357.963,352.022,336.068,317.869,297.19,293.565,280.116,264.368,262.371,247.133,243.695,244.897,242.689
"Mortality rate, adult, female (per 1,000 female adults)",SP.DYN.AMRT.FE,Nepal,NPL,200.404,190.12,181.871,174.605,172.609,168.506,171.903,168.538,171.739,165.196,165.636,158.705,159.766,171.946,152.419,152.218,152.864,143.707,144.182,156.14
"Mortality rate, adult, female (per 1,000 female adults)",SP.DYN.AMRT.FE,Mozambique,MOZ,375.247,389.229,395.081,401.465,403.384,398.6,391.082,386.314,376.276,364.691,347.634,328.273,311.432,293.808,273.924,258.86,237.235,224.848,219.484,260.731
"Mortality rate, adult, female (per 1,000 female adults)",SP.DYN.AMRT.FE,Sudan,SDN,228.56,234.148,246.105,240.326,220.109,208.495,210.805,195.42,194.833,192.471,184.373,184.077,176.289,176.556,177.178,170.214,168.96,168.399,168.518,174.373
"Mortality rate, adult, female (per 1,000 female adults)",SP.DYN.AMRT.FE,Madagascar,MDG,264.318,257.227,245.004,243.259,233.207,225.671,224.14,215.519,215.233,204.814,206.354,196.64,196.729,198.543,188.364,188.439,187.404,177.536,184.575,197.519
"Mortality rate, adult, female (per 1,000 female adults)",SP.DYN.AMRT.FE,Rwanda,RWA,385.947,361.386,332.876,308.915,291.737,277.01,260.381,252.93,245.723,235.275,224.498,224.606,211.358,210.06,197.06,196.146,194.728,192.821,182.744,194.623
"Mortality rate attributed to unsafe water, unsafe sanitation and lack of hygiene (per 100,000 population)",SH.STA.WASH.P5,United States,USA,..,..,..,..,..,..,..,..,..,..,..,..,..,..,..,..,..,2.3,..,..
"Mortality rate attributed to unsafe water, unsafe sanitation and lack of hygiene (per 100,000 population)",SH.STA.WASH.P5,Germany,DEU,..,..,..,..,..,..,..,..,..,..,..,..,..,..,..,..,..,3.2,..,..
"Mortality rate attributed to unsafe water, unsafe sanitation and lack of hygiene (per 100,000 population)",SH.STA.WASH.P5,Japan,JPN,..,..,..,..,..,..,..,..,..,..,..,..,..,..,..,..,..,8.4,..,..
"Mortality rate attributed to unsafe water, unsafe sanitation and lack of hygiene (per 100,000 population)",SH.STA.WASH.P5,Norway,NOR,..,..,..,..,..,..,..,..,..,..,..,..,..,..,..,..,..,3.6,..,..
"Mortality rate attributed to unsafe water, unsafe sanitation and lack of hygiene (per 100,000 population)",SH.STA.WASH.P5,Australia,AUS,..,..,..,..,..,..,..,..,..,..,..,..,..,..,..,..,..,1.9,..,..
"Mortality rate attributed to unsafe water, unsafe sanitation and lack of hygiene (per 100,000 population)",SH.STA.WASH.P5,"Korea, Rep.",KOR,..,..,..,..,..,..,..,..,..,..,..,..,..,..,..,..,..,5.2,..,..
"Mortality rate attributed to unsafe water, unsafe sanitation and lack of hygiene (per 100,000 population)",SH.STA.WASH.P5,Canada,CAN,..,..,..,..,..,..,..,..,..,..,..,..,..,..,..,..,..,2.3,..,..
"Mortality rate attributed to unsafe water, unsafe sanitation and lack of hygiene (per 100,000 population)",SH.STA.WASH.P5,United Kingdom,GBR,..,..,..,..,..,..,..,..,..,..,..,..,..,..,..,..,..,6.1,..,..
"Mortality rate attributed to unsafe water, unsafe sanitation and lack of hygiene (per 100,000 population)",SH.STA.WASH.P5,Switzerland,CHE,..,..,..,..,..,..,..,..,..,..,..,..,..,..,..,..,..,2.5,..,..
"Mortality rate attributed to unsafe water, unsafe sanitation and lack of hygiene (per 100,000 population)",SH.STA.WASH.P5,Italy,ITA,..,..,..,..,..,..,..,..,..,..,..,..,..,..,..,..,..,3,..,..
"Mortality rate attributed to unsafe water, unsafe sanitation and lack of hygiene (per 100,000 population)",SH.STA.WASH.P5,Sweden,SWE,..,..,..,..,..,..,..,..,..,..,..,..,..,..,..,..,..,3,..,..
"Mortality rate attributed to unsafe water, unsafe sanitation and lack of hygiene (per 100,000 population)",SH.STA.WASH.P5,Brazil,BRA,..,..,..,..,..,..,..,..,..,..,..,..,..,..,..,..,..,6.6,..,..
"Mortality rate attributed to unsafe water, unsafe sanitation and lack of hygiene (per 100,000 population)",SH.STA.WASH.P5,India,IND,..,..,..,..,..,..,..,..,..,..,..,..,..,..,..,..,..,36.4,..,..
"Mortality rate attributed to unsafe water, unsafe sanitation and lack of hygiene (per 100,000 population)",SH.STA.WASH.P5,South Africa,ZAF,..,..,..,..,..,..,..,..,..,..,..,..,..,..,..,..,..,27.6,..,..
"Mortality rate attributed to unsafe water, unsafe sanitation and lack of hygiene (per 100,000 population)",SH.STA.WASH.P5,Mexico,MEX,..,..,..,..,..,..,..,..,..,..,..,..,..,..,..,..,..,3.5,..,..
"Mortality rate attributed to unsafe water, unsafe sanitation and lack of hygiene (per 100,000 population)",SH.STA.WASH.P5,Indonesia,IDN,..,..,..,..,..,..,..,..,..,..,..,..,..,..,..,..,..,15.8,..,..
"Mortality rate attributed to unsafe water, unsafe sanitation and lack of hygiene (per 100,000 population)",SH.STA.WASH.P5,Philippines,PHL,..,..,..,..,..,..,..,..,..,..,..,..,..,..,..,..,..,16.9,..,..
"Mortality rate attributed to unsafe water, unsafe sanitation and lack of hygiene (per 100,000 population)",SH.STA.WASH.P5,"Egypt, Arab Rep.",EGY,..,..,..,..,..,..,..,..,..,..,..,..,..,..,..,..,..,4.8,..,..
"Mortality rate attributed to unsafe water, unsafe sanitation and lack of hygiene (per 100,000 population)",SH.STA.WASH.P5,Colombia,COL,..,..,..,..,..,..,..,..,..,..,..,..,..,..,..,..,..,3.4,..,..
"Mortality rate attributed to unsafe water, unsafe sanitation and lack of hygiene (per 100,000 population)",SH.STA.WASH.P5,Argentina,ARG,..,..,..,..,..,..,..,..,..,..,..,..,..,..,..,..,..,11.4,..,..
"Mortality rate attributed to unsafe water, unsafe sanitation and lack of hygiene (per 100,000 population)",SH.STA.WASH.P5,Viet Nam,VNM,..,..,..,..,..,..,..,..,..,..,..,..,..,..,..,..,..,6.9,..,..
"Mortality rate attributed to unsafe water, unsafe sanitation and lack of hygiene (per 100,000 population)",SH.STA.WASH.P5,Morocco,MAR,..,..,..,..,..,..,..,..,..,..,..,..,..,..,..,..,..,4.6,..,..
"Mortality rate attributed to unsafe water, unsafe sanitation and lack of hygiene (per 100,000 population)",SH.STA.WASH.P5,Nigeria,NGA,..,..,..,..,..,..,..,..,..,..,..,..,..,..,..,..,..,71.7,..,..
"Mortality rate attributed to unsafe water, unsafe sanitation and lack of hygiene (per 100,000 population)",SH.STA.WASH.P5,Ethiopia,ETH,..,..,..,..,..,..,..,..,..,..,..,..,..,..,..,..,..,40.7,..,..
"Mortality rate attributed to unsafe water, unsafe sanitation and lack of hygiene (per 100,000 population)",SH.STA.WASH.P5,Haiti,HTI,..,..,..,..,..,..,..,..,..,..,..,..,..,..,..,..,..,25.9,..,..
"Mortality rate attributed to unsafe water, unsafe sanitation and lack of hygiene (per 100,000 population)",SH.STA.WASH.P5,Afghanistan,AFG,..,..,..,..,..,..,..,..,..,..,..,..,..,..,..,..,..,16.6,..,..
"Mortality rate attributed to unsafe water, unsafe sanitation and lack of hygiene (per 100,000 population)",SH.STA.WASH.P5,Bangladesh,BGD,..,..,..,..,..,..,..,..,..,..,..,..,..,..,..,..,..,18.2,..,..
"Mortality rate attributed to unsafe water, unsafe sanitation and lack of hygiene (per 100,000 population)",SH.STA.WASH.P5,Uganda,UGA,..,..,..,..,..,..,..,..,..,..,..,..,..,..,..,..,..,28.1,..,..
"Mortality rate attributed to unsafe water, unsafe sanitation and lack of hygiene (per 100,000 population)",SH.STA.WASH.P5,Nepal,NPL,..,..,..,..,..,..,..,..,..,..,..,..,..,..,..,..,..,17.8,..,..
"Mortality rate attributed to unsafe water, unsafe sanitation and lack of hygiene (per 100,000 population)",SH.STA.WASH.P5,Mozambique,MOZ,..,..,..,..,..,..,..,..,..,..,..,..,..,..,..,..,..,45.6,..,..
"Mortality rate attributed to unsafe water, unsafe sanitation and lack of hygiene (per 100,000 population)",SH.STA.WASH.P5,Sudan,SDN,..,..,..,..,..,..,..,..,..,..,..,..,..,..,..,..,..,15.8,..,..
"Mortality rate attributed to unsafe water, unsafe sanitation and lack of hygiene (per 100,000 population)",SH.STA.WASH.P5,Madagascar,MDG,..,..,..,..,..,..,..,..,..,..,..,..,..,..,..,..,..,40.1,..,..
"Mortality rate attributed to unsafe water, unsafe sanitation and lack of hygiene (per 100,000 population)",SH.STA.WASH.P5,Rwanda,RWA,..,..,..,..,..,..,..,..,..,..,..,..,..,..,..,..,..,25,..,..
"Mortality from CVD, cancer, diabetes or CRD between exact ages 30 and 70 (%)",SH.DYN.NCOM.ZS,United States,USA,17.3,17,16.4,16.1,15.7,15.4,15.2,14.9,14.5,14.3,14.2,14,13.9,13.9,14,13.8,13.6,13.6,..,..
"Mortality from CVD, cancer, diabetes or CRD between exact ages 30 and 70 (%)",SH.DYN.NCOM.ZS,Germany,DEU,15.3,15,14.4,14.1,13.6,13.5,13.3,13.2,13,12.8,12.6,12.8,12.4,12.6,12.4,12.1,12.2,12.1,..,..
"Mortality from CVD, cancer, diabetes or CRD between exact ages 30 and 70 (%)",SH.DYN.NCOM.ZS,Japan,JPN,10.8,10.6,10.5,10.3,10,9.9,9.7,9.6,9.5,9.4,9.1,8.9,8.8,8.6,8.7,8.6,8.4,8.3,..,..
"Mortality from CVD, cancer, diabetes or CRD between exact ages 30 and 70 (%)",SH.DYN.NCOM.ZS,Norway,NOR,13.9,13.1,12.7,12.3,12,12,11.7,11.3,11.3,10.8,10.7,10.5,9.9,9.5,9.5,9.2,8.9,8.7,..,..
"Mortality from CVD, cancer, diabetes or CRD between exact ages 30 and 70 (%)",SH.DYN.NCOM.ZS,Australia,AUS,12.3,11.8,11.5,11.4,10.9,10.6,10.5,10.1,9.9,9.8,9.3,9.3,9.3,9.3,9,8.7,8.7,8.6,..,..
"Mortality from CVD, cancer, diabetes or CRD between exact ages 30 and 70 (%)",SH.DYN.NCOM.ZS,"Korea, Rep.",KOR,15.5,14.9,14.3,13.5,12.7,12.2,11.6,11,10.6,10,9.5,9,8.7,8.4,8.2,7.8,7.5,7.3,..,..
"Mortality from CVD, cancer, diabetes or CRD between exact ages 30 and 70 (%)",SH.DYN.NCOM.ZS,Canada,CAN,13.8,13.5,13.1,12.7,12.3,12.2,11.9,11.5,11.1,10.8,10.7,10.5,10.4,10.3,10.4,10.1,9.8,9.6,..,..
"Mortality from CVD, cancer, diabetes or CRD between exact ages 30 and 70 (%)",SH.DYN.NCOM.ZS,United Kingdom,GBR,15.7,15.3,14.6,14.2,13.8,13.6,13.2,12.7,12.4,12,11.7,11.6,11.3,11.3,11.3,10.8,10.5,10.3,..,..
"Mortality from CVD, cancer, diabetes or CRD between exact ages 30 and 70 (%)",SH.DYN.NCOM.ZS,Switzerland,CHE,11.4,11.5,11,10.8,10.4,10.4,10.1,9.8,9.7,9.4,9.4,9.1,8.8,8.8,8.5,8.2,8.1,7.9,..,..
"Mortality from CVD, cancer, diabetes or CRD between exact ages 30 and 70 (%)",SH.DYN.NCOM.ZS,Italy,ITA,12.9,12.7,12,11.8,11.4,11.2,10.9,10.8,10.4,10.5,10.4,10,9.8,9.8,9.3,9.4,9.1,9,..,..
"Mortality from CVD, cancer, diabetes or CRD between exact ages 30 and 70 (%)",SH.DYN.NCOM.ZS,Sweden,SWE,12.7,12.3,12,11.8,11.4,11.2,11.1,10.6,10.4,10.1,9.8,9.8,9.1,9.2,9.1,9,8.5,8.4,..,..
"Mortality from CVD, cancer, diabetes or CRD between exact ages 30 and 70 (%)",SH.DYN.NCOM.ZS,Brazil,BRA,20.5,20.1,20,19,18.7,18.4,18.4,18,17.7,17.6,17.1,16.8,16.3,16.2,16.3,15.8,15.7,15.5,..,..
"Mortality from CVD, cancer, diabetes or CRD between exact ages 30 and 70 (%)",SH.DYN.NCOM.ZS,India,IND,24.6,23.9,22.5,22.5,22.8,23.1,23.3,23.2,23.7,23.9,23.7,22.7,22,22.6,22.6,22.2,22,21.9,..,..
"Mortality from CVD, cancer, diabetes or CRD between exact ages 30 and 70 (%)",SH.DYN.NCOM.ZS,South Africa,ZAF,32.3,32.5,32.2,32.3,32.4,32.2,32.3,32,31.3,30,29.1,28.5,28.7,28.8,28.5,27.8,25.5,24.1,..,..
"Mortality from CVD, cancer, diabetes or CRD between exact ages 30 and 70 (%)",SH.DYN.NCOM.ZS,Mexico,MEX,17,17.1,16.7,16.7,16.4,16.1,16.4,16.1,15.9,15.4,15.5,15.2,15.6,15.7,16,15.7,15.6,15.6,..,..
"Mortality from CVD, cancer, diabetes or CRD between exact ages 30 and 70 (%)",SH.DYN.NCOM.ZS,Indonesia,IDN,25.8,25.9,26,26.1,26.1,26.2,26.2,26.2,26.1,25.9,25.8,25.7,25.6,25.6,25.4,25.2,25,24.8,..,..
"Mortality from CVD, cancer, diabetes or CRD between exact ages 30 and 70 (%)",SH.DYN.NCOM.ZS,Philippines,PHL,24.4,24,24.2,24.3,25,24.6,24.6,24.8,24.4,24.2,24.8,24.8,24,24.6,24.6,24.6,24.6,24.5,..,..
"Mortality from CVD, cancer, diabetes or CRD between exact ages 30 and 70 (%)",SH.DYN.NCOM.ZS,"Egypt, Arab Rep.",EGY,28.9,29.5,29.3,29,29.4,29.1,29.4,29.9,29.9,29.2,30,28.8,29.2,30.4,29.4,28.1,28.3,28,..,..
"Mortality from CVD, cancer, diabetes or CRD between exact ages 30 and 70 (%)",SH.DYN.NCOM.ZS,Colombia,COL,14.1,14.1,13.8,13.5,13.2,12.6,12.1,11.3,11.1,10.5,10.3,10.2,10.2,10.3,10.3,10.2,9.8,9.7,..,..
"Mortality from CVD, cancer, diabetes or CRD between exact ages 30 and 70 (%)",SH.DYN.NCOM.ZS,Argentina,ARG,20.3,20,19.3,18.8,18.3,18.8,18,17.8,17.8,17.6,17.4,17,16.4,16.5,16.8,16.2,16.1,15.7,..,..
"Mortality from CVD, cancer, diabetes or CRD between exact ages 30 and 70 (%)",SH.DYN.NCOM.ZS,Viet Nam,VNM,21.6,21.6,21.7,21.8,21.9,22.2,22.4,22.4,22.4,22.3,22.3,22.2,22.1,21.9,21.8,21.6,21.4,21.2,..,..
"Mortality from CVD, cancer, diabetes or CRD between exact ages 30 and 70 (%)",SH.DYN.NCOM.ZS,Morocco,MAR,25,25.2,25.1,25,24.9,25,24.8,24.6,24.4,24.3,24.2,24.7,24.5,24.4,24.3,24.2,24.2,24.1,..,..
"Mortality from CVD, cancer, diabetes or CRD between exact ages 30 and 70 (%)",SH.DYN.NCOM.ZS,Nigeria,NGA,21.6,21.4,21.2,20.7,20.3,20,19.6,19.2,18.8,18.7,18.5,18.3,18,17.8,17.6,17.3,17.1,16.9,..,..
"Mortality from CVD, cancer, diabetes or CRD between exact ages 30 and 70 (%)",SH.DYN.NCOM.ZS,Ethiopia,ETH,25.2,24.4,23.7,23.1,22.4,21.8,21.2,20.4,19.6,19,18.3,17.9,17.6,17.7,17.4,17.2,17.1,17.1,..,..
"Mortality from CVD, cancer, diabetes or CRD between exact ages 30 and 70 (%)",SH.DYN.NCOM.ZS,Haiti,HTI,33.8,33.8,33.7,33.8,33.7,33.9,33.8,33.7,33.7,33.5,33.3,32.9,32.8,32.6,32.2,31.7,31.6,31.3,..,..
"Mortality from CVD, cancer, diabetes or CRD between exact ages 30 and 70 (%)",SH.DYN.NCOM.ZS,Afghanistan,AFG,42.1,41.5,41.4,40.9,40.5,40.1,39.4,38.4,37.8,37.1,36.6,36.2,35.7,35.6,35.6,35.5,35.4,35.3,..,..
"Mortality from CVD, cancer, diabetes or CRD between exact ages 30 and 70 (%)",SH.DYN.NCOM.ZS,Bangladesh,BGD,22.9,22.9,22.8,23.3,23.7,23.4,22.7,22.1,21.5,20.2,19.4,19,18.8,18.6,18.5,18.8,18.9,18.9,..,..
"Mortality from CVD, cancer, diabetes or CRD between exact ages 30 and 70 (%)",SH.DYN.NCOM.ZS,Uganda,UGA,29.3,29,28.9,28.9,28.1,26.3,25.1,24.6,24.1,23.9,23.1,22.8,22.3,21.9,22,21.3,21.1,21.2,..,..
"Mortality from CVD, cancer, diabetes or CRD between exact ages 30 and 70 (%)",SH.DYN.NCOM.ZS,Nepal,NPL,18,18.1,18.1,18.4,18.8,19,19.4,20,20.2,20.8,21.1,21.3,21.5,21.5,21.3,21.4,21.5,21.5,..,..
"Mortality from CVD, cancer, diabetes or CRD between exact ages 30 and 70 (%)",SH.DYN.NCOM.ZS,Mozambique,MOZ,28.6,28.7,29,29.4,29.7,29.9,30.7,31.6,32.3,32.8,33.3,33.1,32.4,31.8,31.3,30.9,30.8,30.6,..,..
"Mortality from CVD, cancer, diabetes or CRD between exact ages 30 and 70 (%)",SH.DYN.NCOM.ZS,Sudan,SDN,25.7,25.3,24.8,24.6,24.3,24.1,24,24.2,23.6,24.3,23.8,23.8,23.5,23.3,23.2,23.1,23,22.8,..,..
"Mortality from CVD, cancer, diabetes or CRD between exact ages 30 and 70 (%)",SH.DYN.NCOM.ZS,Madagascar,MDG,28.8,29.3,29.2,28.6,28.4,28,27.9,27.8,27.7,27.6,27.2,27,27.1,26.6,26.5,26.2,26.1,26,..,..
"Mortality from CVD, cancer, diabetes or CRD between exact ages 30 and 70 (%)",SH.DYN.NCOM.ZS,Rwanda,RWA,31.8,29.5,27.5,26,25,24.2,23.4,22.5,22,21.5,21.2,20.8,20.8,20.6,20.4,20.3,20.3,20.2,..,..
"Life expectancy at birth, total (years)",SP.DYN.LE00.IN,United States,USA,76.9365853658537,77.0365853658537,77.4878048780488,77.4878048780488,77.6878048780488,77.9878048780488,78.0390243902439,78.390243902439,78.5414634146342,78.6414634146341,78.7414634146342,78.7414634146342,78.8414634146341,78.690243902439,78.5390243902439,78.5390243902439,78.6390243902439,78.7878048780488,76.9804878048781,76.3292682926829
"Life expectancy at birth, total (years)",SP.DYN.LE00.IN,Germany,DEU,78.2292682926829,78.3804878048781,78.6804878048781,78.9317073170732,79.1317073170732,79.5341463414634,79.7365853658537,79.8365853658537,79.9878048780488,80.4365853658537,80.5390243902439,80.490243902439,81.090243902439,80.6414634146341,80.990243902439,80.9926829268293,80.8926829268293,81.2926829268293,81.0414634146342,80.790243902439
"Life expectancy at birth, total (years)",SP.DYN.LE00.IN,Japan,JPN,81.6907317073171,81.76,82.030243902439,81.9551219512195,82.3219512195122,82.5070731707317,82.5875609756098,82.9314634146342,82.8426829268293,82.5912195121951,83.0960975609756,83.3319512195122,83.5878048780488,83.7939024390244,83.9848780487805,84.099756097561,84.2109756097561,84.3563414634146,84.56,84.4456097560976
"Life expectancy at birth, total (years)",SP.DYN.LE00.IN,Norway,NOR,78.9878048780488,79.390243902439,79.8414634146342,80.0414634146342,80.3439024390244,80.3951219512195,80.5926829268293,80.7951219512195,80.9975609756098,81.2951219512195,81.4512195121951,81.7512195121951,82.1,82.3048780487805,82.4073170731707,82.609756097561,82.7585365853659,82.9585365853659,83.209756097561,83.1634146341463
"Life expectancy at birth, total (years)",SP.DYN.LE00.IN,Australia,AUS,79.9365853658537,80.2390243902439,80.490243902439,80.8414634146341,81.0414634146342,81.2926829268293,81.3951219512195,81.5439024390244,81.6951219512195,81.8951219512195,82.0463414634146,82.1487804878049,82.3,82.4,82.4487804878049,82.5,82.7487804878049,82.9,83.2,83.3
"Life expectancy at birth, total (years)",SP.DYN.LE00.IN,"Korea, Rep.",KOR,76.7658536585366,77.2146341463415,77.6658536585366,78.1682926829268,78.6682926829268,79.119512195122,79.5170731707317,79.9682926829268,80.1170731707317,80.5682926829269,80.819512195122,81.2707317073171,81.7219512195122,82.0243902439024,82.2756097560976,82.6268292682927,82.6268292682927,83.2268292682927,83.4268292682927,83.5268292682927
"Life expectancy at birth, total (years)",SP.DYN.LE00.IN,Canada,CAN,79.5307317073171,79.7151219512195,79.9921951219512,80.1126829268293,80.5436585365854,80.5436585365854,80.7246341463415,81.0660975609756,81.3221951219512,81.4826829268293,81.6636585365854,81.7448780487805,81.7843902439025,81.8156097560976,81.9248780487805,81.8329268292683,81.8439024390244,82.2239024390244,81.6604878048781,81.5870731707317
"Life expectancy at birth, total (years)",SP.DYN.LE00.IN,United Kingdom,GBR,78.1439024390244,78.4463414634146,78.7463414634146,79.0487804878049,79.2487804878049,79.4487804878049,79.6,80.0512195121951,80.4024390243902,80.9512195121951,80.9048780487805,81.0048780487805,81.3048780487805,80.9560975609756,81.1560975609756,81.2560975609756,81.2560975609756,81.4048780487805,80.3512195121951,80.7
"Life expectancy at birth, total (years)",SP.DYN.LE00.IN,Switzerland,CHE,80.3853658536585,80.5365853658537,81.0878048780488,81.2365853658537,81.490243902439,81.7414634146342,81.9926829268293,82.0439024390244,82.2463414634147,82.6951219512195,82.6975609756098,82.7975609756098,83.1975609756098,82.8975609756098,83.6024390243903,83.5512195121951,83.7536585365854,83.9048780487805,83,83.7512195121951
"Life expectancy at birth, total (years)",SP.DYN.LE00.IN,Italy,ITA,80.2292682926829,79.9829268292683,80.7804878048781,80.7829268292683,81.2829268292683,81.4341463414634,81.4853658536585,81.6365853658537,82.0365853658537,82.1878048780488,82.2390243902439,82.690243902439,83.090243902439,82.5439024390244,83.2439024390244,82.9463414634147,83.3463414634146,83.4975609756098,82.1951219512195,82.6463414634146
"Life expectancy at birth, total (years)",SP.DYN.LE00.IN,Sweden,SWE,79.8463414634146,80.0951219512195,80.4975609756098,80.5463414634146,80.7487804878049,80.9,81.1,81.3512195121951,81.4512195121951,81.8024390243903,81.7048780487805,81.9560975609756,82.2536585365854,82.2048780487805,82.3073170731707,82.409756097561,82.5585365853659,83.109756097561,82.3560975609756,83.0560975609756
"Life expectancy at birth, total (years)",SP.DYN.LE00.IN,Brazil,BRA,70.41,70.72,71.131,71.753,72.037,72.365,72.715,72.948,73.182,73.343,73.552,73.918,74.306,74.332,74.442,74.827,75.109,75.338,74.009,72.75
"Life expectancy at birth, total (years)",SP.DYN.LE00.IN,India,IND,63.616,64.094,64.524,64.996,65.412,65.788,66.149,66.513,66.909,67.359,67.887,68.46,69.074,69.636,70.117,70.467,70.71,70.91,70.15,67.24
"Life expectancy at birth, total (years)",SP.DYN.LE00.IN,South Africa,ZAF,55.666,54.331,54.043,53.98,54.278,54.992,56.022,57.447,58.899,60.651,61.846,62.533,63.38,63.95,64.747,65.402,65.674,66.175,65.252,62.341
"Life expectancy at birth, total (years)",SP.DYN.LE00.IN,Mexico,MEX,74.106,74.274,74.372,74.376,74.331,74.238,74.152,74.119,74.19,74.365,74.574,74.739,74.797,74.682,74.412,74.138,74.015,74.202,70.133,70.213
"Life expectancy at birth, total (years)",SP.DYN.LE00.IN,Indonesia,IDN,67.134,67.413,65.75,67.649,67.914,68.189,68.226,68.494,68.679,68.823,68.973,69.264,69.533,69.699,69.798,69.936,70.338,70.518,68.808,67.57
"Life expectancy at birth, total (years)",SP.DYN.LE00.IN,Philippines,PHL,69.781,69.924,70.037,70.24,70.282,70.483,70.564,70.633,70.754,70.788,70.881,70.835,71.151,71.268,71.387,71.516,71.689,71.865,72.119,69.266
"Life expectancy at birth, total (years)",SP.DYN.LE00.IN,"Egypt, Arab Rep.",EGY,68.564,68.402,68.613,68.779,68.977,69.128,69.319,69.48,69.664,69.88,70.085,70.052,70.415,70.483,70.844,71.302,71.367,71.358,70.99,70.221
"Life expectancy at birth, total (years)",SP.DYN.LE00.IN,Colombia,COL,71.939,72.361,72.695,73.081,73.468,73.837,74.295,74.742,75.033,75.32,75.597,75.827,76.043,76.257,76.471,76.646,76.748,76.752,74.769,72.83
"Life expectancy at birth, total (years)",SP.DYN.LE00.IN,Argentina,ARG,74.408,74.08,74.855,75.139,75.433,75.006,75.641,75.936,75.721,76.124,76.467,76.491,76.755,76.76,76.308,76.833,76.999,77.284,75.892,75.39
"Life expectancy at birth, total (years)",SP.DYN.LE00.IN,Viet Nam,VNM,72.801,72.98,73.135,73.271,73.319,73.436,73.411,73.498,73.513,73.692,73.704,73.775,73.855,73.876,73.938,73.963,73.976,74.093,75.378,73.618
"Life expectancy at birth, total (years)",SP.DYN.LE00.IN,Morocco,MAR,67.547,67.915,68.231,68.704,69.128,69.604,70.048,70.458,70.829,71.269,71.679,72.122,72.538,72.92,73.284,73.66,73.986,74.27,73.92,74.042
"Life expectancy at birth, total (years)",SP.DYN.LE00.IN,Nigeria,NGA,47.928,48.441,48.767,49.297,49.73,50.033,50.225,50.712,50.945,51.357,51.497,51.707,51.791,51.841,52.043,52.305,52.554,52.91,52.887,52.676
"Life expectancy at birth, total (years)",SP.DYN.LE00.IN,Ethiopia,ETH,51.517,52.533,53.235,54.008,55.149,56.426,57.592,58.804,59.73,60.721,61.543,62.373,62.905,63.649,64.392,64.838,65.412,65.838,65.371,64.975
"Life expectancy at birth, total (years)",SP.DYN.LE00.IN,Haiti,HTI,58.855,59.507,58.475,60.415,60.763,61.103,61.332,61.741,46.019,61.623,62.291,62.605,62.987,63.237,63.392,63.854,64.019,64.255,64.052,63.192
"Life expectancy at birth, total (years)",SP.DYN.LE00.IN,Afghanistan,AFG,56.454,57.344,57.944,58.361,58.684,59.111,59.852,60.364,60.851,61.419,61.923,62.417,62.545,62.659,63.136,63.016,63.081,63.565,62.575,61.982
"Life expectancy at birth, total (years)",SP.DYN.LE00.IN,Bangladesh,BGD,66.612,66.824,67.187,67.299,67.241,66.714,67.051,67.403,68.638,68.809,69.554,69.565,69.986,70.491,71.09,71.788,72.567,72.806,71.968,72.381
"Life expectancy at birth, total (years)",SP.DYN.LE00.IN,Uganda,UGA,49.648,50.368,51.547,52.976,54.369,55.236,55.823,56.488,57.055,57.965,58.817,59.763,60.408,61.086,61.648,62.115,62.714,62.991,62.851,62.705
"Life expectancy at birth, total (years)",SP.DYN.LE00.IN,Nepal,NPL,63.264,64.197,64.818,65.457,65.868,66.329,66.421,66.761,66.814,67.313,67.47,67.965,68.085,67.456,68.776,68.91,68.979,69.558,69.246,68.45
"Life expectancy at birth, total (years)",SP.DYN.LE00.IN,Mozambique,MOZ,50.59,50.87,51.249,51.561,51.961,52.566,53.164,53.788,54.198,54.869,55.639,56.492,57.274,58.151,59.038,59.771,60.526,61.166,61.172,59.325
"Life expectancy at birth, total (years)",SP.DYN.LE00.IN,Sudan,SDN,58.976,58.2,56.773,57.279,60.281,61.256,61.206,62.644,63.016,63.246,63.792,63.678,64.269,64.659,64.78,65.445,65.681,65.876,65.614,65.267
"Life expectancy at birth, total (years)",SP.DYN.LE00.IN,Madagascar,MDG,58.892,59.491,60.149,60.57,61.315,61.757,62.142,62.734,62.873,63.494,63.544,63.962,64.255,64.339,64.997,65.094,65.27,65.882,65.182,64.485
"Life expectancy at birth, total (years)",SP.DYN.LE00.IN,Rwanda,RWA,51.032,53.368,55.491,57.316,58.714,59.965,61.134,61.958,62.54,63.261,64.009,64.426,64.94,65.298,65.737,65.941,66.251,66.437,66.774,66.072
Lifetime risk of maternal death (%),SH.MMR.RISK.ZS,United States,USA,0.0267274614231462,0.0273352399361792,0.027177465732719,0.0275622231919603,0.0273873237361084,0.0274380869525204,0.0290188217703087,0.0319932348722947,0.0243663667482852,0.0264212081553863,0.0273880222234036,0.0284187219525554,0.0290487957304206,0.030061301321781,0.0318871873009397,0.0330834555487871,0.0336245502918663,0.034318567593978,0.0363816314955037,..
Lifetime risk of maternal death (%),SH.MMR.RISK.ZS,Germany,DEU,0.0100764568415454,0.00995682278185627,0.00955531716020049,0.00963540971889065,0.00563025903981483,0.00903569215472527,0.00898052380862665,0.00907394230015915,0.00857710065304371,0.00831409646260449,0.00764665666186727,0.00744903768101944,0.00658135680996519,0.00639569264786058,0.00871959004365323,0.00824030682650283,0.00819366953216744,0.00774883673033368,0.00771177604458732,..
Lifetime risk of maternal death (%),SH.MMR.RISK.ZS,Japan,JPN,0.0107601991187624,0.010542022073281,0.0101842363591934,0.00999303008027816,0.00914008453385737,0.00857850447467565,0.00836247881770144,0.00818338652810404,0.00787246184047068,0.00762607773678962,0.00738104516213312,0.0071535494684719,0.00710404426299457,0.00675160075703283,0.0067843109917095,0.00705002892946012,0.00723664986369159,0.00443958748001637,0.0045074535772379,..
Lifetime risk of maternal death (%),SH.MMR.RISK.ZS,Norway,NOR,0.00893508085837495,0.00928307299819289,0.00960569280870418,0.00958036545157324,0.00895312774035231,0.00860904385129929,0.00783479814213613,0.00742776539471871,0.00698936365586386,0.00663757667324846,0.00555856801035726,0.00545133422286971,0.00449757456234848,0.00418762978578623,0.00388556764967432,0.00374983465335153,0.00347247479995326,0.00338189498029462,0.00231768810110825,..
Lifetime risk of maternal death (%),SH.MMR.RISK.ZS,Australia,AUS,0.00967082152378477,0.00957604973945887,0.00888853510264932,0.00798784087652925,0.00793392157662995,0.0106482515264707,0.0102002949534952,0.0112244003854414,0.0113747348269522,0.012386187982092,0.0122260456346902,0.0125087288152162,0.00937390367671867,0.00912063164720422,0.0090015082330268,0.0083008683074658,0.0076987200388362,0.00884236581611864,0.00513229585494024,..
Lifetime risk of maternal death (%),SH.MMR.RISK.ZS,"Korea, Rep.",KOR,0.0229803572792316,0.0138101215246568,0.0133089539530535,0.0129346937821023,0.0116660924302402,0.0105366627962419,0.00982192666206982,0.00929703468794668,0.00860820114847005,0.0133840864392026,0.0127112329757947,0.00726799508937141,0.00672444591749355,0.0064910937665929,0.00636724243276616,0.00647418450359611,0.00671236339849681,0.00665924963426305,0.00565034895903161,..
Lifetime risk of maternal death (%),SH.MMR.RISK.ZS,Canada,CAN,0.0144171816502786,0.0147169055326191,0.0148129263129566,0.0157410929861889,0.0152443597554359,0.0146738817017305,0.022188702950093,0.0219102956009014,0.0207495390816671,0.0206145025346647,0.0205502758447799,0.0199513839655113,0.0202987281162972,0.020261384148773,0.0217568129460498,0.0218481651072605,0.0152818696982919,0.0155035295884585,0.015309248752025,..
Lifetime risk of maternal death (%),SH.MMR.RISK.ZS,United Kingdom,GBR,0.0199260488615895,0.0196922103545758,0.0192150247135312,0.0191877783493143,0.0190313826615346,0.0185102813437694,0.0182796108281342,0.0175563270104482,0.0165650154896873,0.0157396769576582,0.0144507755081012,0.0145363136952682,0.0147046577793467,0.014588087227577,0.0147983702885618,0.0148125690179561,0.0160080498673089,0.0160364184799109,0.0171032873674179,..
Lifetime risk of maternal death (%),SH.MMR.RISK.ZS,Switzerland,CHE,0.0127723492413696,0.0123325281552156,0.0124400489053926,0.0130535047167999,0.0123931154839238,0.0116509232012326,0.0114786165840548,0.0108959094872501,0.0113098481300758,0.0112981174063487,0.0103053840740746,0.010088562752233,0.00934112968579752,0.0090125494052632,0.0140371863981474,0.00856805195162955,0.0129565206040035,0.0123853772731891,0.0128598135592329,..
Lifetime risk of maternal death (%),SH.MMR.RISK.ZS,Italy,ITA,0.013050663020219,0.0122515982806683,0.010998656880683,0.0107878031163926,0.010082420321392,0.00985425280697412,0.00941601382764192,0.00965813730125864,0.00937820172122136,0.00953497211014521,0.00945717512259251,0.00945112090376364,0.0090111344043644,0.00906457202991382,0.00880494069564266,0.00887350486501558,0.00511102335246613,0.00494083526690867,0.00480275431525232,..
Lifetime risk of maternal death (%),SH.MMR.RISK.ZS,Sweden,SWE,0.00986114094463533,0.00973505510559132,0.00918293056401911,0.00883894838221493,0.00896367702839594,0.00882768963650341,0.00871316814797011,0.00864099667899557,0.00788664835712662,0.00850724246903257,0.00857787496773681,0.0085771334059137,0.0083184177444783,0.00774145390502044,0.00770169154702257,0.0078564781302954,0.00789144792478682,0.00788360325235634,0.00784946614845976,..
Lifetime risk of maternal death (%),SH.MMR.RISK.ZS,Brazil,BRA,0.1735152299532,0.141531785148254,0.143590487408063,0.144131963347407,0.147005945845437,0.148520679666464,0.145433814730958,0.140221416198931,0.131890279498623,0.127970135912914,0.0979778557016148,0.104917058138524,0.107426480734124,0.107288235645875,0.108284149096249,0.10313340170779,0.102293325265637,0.105028535147813,0.124426033802352,..
Lifetime risk of maternal death (%),SH.MMR.RISK.ZS,India,IND,1.105777390962,1.06038689762543,1.01447513360675,0.96397611354009,0.754662879369825,0.712438468516915,0.67218199250198,0.63192807185775,0.485168681094142,0.461906069981462,0.440386786795418,0.420563452650781,0.322214927093121,0.30543993444653,0.290157768553409,0.284323874289897,0.277346297123164,0.279018070818981,0.211163385347433,..
Lifetime risk of maternal death (%),SH.MMR.RISK.ZS,South Africa,ZAF,0.409141946809213,0.427217976831291,0.548024162191506,0.521210663765375,0.494052712135354,0.523248386902897,0.522998007185564,0.554074578863212,0.546228149901689,0.491044914408992,0.421245442119432,0.390556688516766,0.368454541204035,0.370055444203699,0.292477670317941,0.352663580600295,0.332483460090966,0.314757046469472,0.33782697722692,..
Lifetime risk of maternal death (%),SH.MMR.RISK.ZS,Mexico,MEX,0.176621401646206,0.143766369397819,0.145266882542123,0.147232962537702,0.150136580465528,0.154076348767199,0.156746142299206,0.124104097778649,0.123639126304433,0.121412442486025,0.118918817878421,0.118125520340014,0.119799566017296,0.125719718120095,0.101600169548673,0.108291132861076,0.114857392850021,0.119934833035527,0.121860330518605,..
Lifetime risk of maternal death (%),SH.MMR.RISK.ZS,Indonesia,IDN,0.776532360613623,0.729889231539746,0.763495914874532,0.74912718080438,0.690544942449304,0.682823472163198,0.695369677212562,0.656058785653483,0.520272016011091,0.64179950670507,0.492504249525209,0.46190954992673,0.462483738328649,0.46304214210099,0.462390585500785,0.462625801490612,0.432861609001471,0.324109012158324,0.353906437053535,..
Lifetime risk of maternal death (%),SH.MMR.RISK.ZS,Philippines,PHL,0.472926166678415,0.469676553832619,0.471605441226786,0.460489178963145,0.455496254871215,0.439361931582015,0.365658726158595,0.361521252928551,0.360226650880477,0.369032237825617,0.355998398178004,0.354810604526773,0.275983150178541,0.272192484872766,0.266989028705369,0.260270528504265,0.254720609175455,0.249960738605864,0.242392089582353,..
Lifetime risk of maternal death (%),SH.MMR.RISK.ZS,"Egypt, Arab Rep.",EGY,0.273534376694048,0.225399725933296,0.21485172813242,0.198128796640023,0.181799225915242,0.164901398246998,0.150720578029942,0.137882632407721,0.14481817624451,0.130671852674061,0.117670849902162,0.107108021324455,0.0960459189670532,0.0910835338976676,0.0735476882724268,0.0677952463718362,0.0660400914392771,0.0554250117230727,0.0525236831345463,..
Lifetime risk of maternal death (%),SH.MMR.RISK.ZS,Colombia,COL,0.256141968028505,0.199046936311462,0.198437258634929,0.197167507034903,0.19709753273245,0.200462868792061,0.15083267427613,0.147672537363672,0.146117833815027,0.146231127931738,0.146250702626543,0.145688706592682,0.144822237151681,0.145105125927597,0.14527570821142,0.148089274834616,0.10906059039379,0.112972768892938,0.128942565337508,..
Lifetime risk of maternal death (%),SH.MMR.RISK.ZS,Argentina,ARG,0.195826731188591,0.216860190855361,0.202415698102075,0.151582565788921,0.148619122605288,0.151276926778675,0.143873717000515,0.136866798223097,0.133364804388994,0.121706897154344,0.109135554937547,0.105080924551797,0.101269701408944,0.0954094345400858,0.0976202220201663,0.0927831201719802,0.0706152065871151,0.0678548968029463,0.0931459459870504,..
Lifetime risk of maternal death (%),SH.MMR.RISK.ZS,Viet Nam,VNM,0.1488616,0.1442752,0.1382923,0.1364121,0.1360285,0.1317249,0.1284274,0.1262747,0.1241416,0.1195958,0.1163225,0.1125476,0.1094769,0.1072832,0.1062349,0.106552,0.1056301,0.1043557,0.0943542,..
Lifetime risk of maternal death (%),SH.MMR.RISK.ZS,Morocco,MAR,0.616680617373944,0.589150063036688,0.569220250920702,0.529749947665667,0.490255577650474,0.45782178032238,0.426873591430134,0.395194947922677,0.367457353163194,0.334542287093372,0.31137964160328,0.292368094979794,0.280311652767488,0.26640299007112,0.206010927867797,0.194209549580603,0.188671392156688,0.184769415169536,0.174110949029077,..
Lifetime risk of maternal death (%),SH.MMR.RISK.ZS,Nigeria,NGA,6.53527231843787,6.3822957419042,6.40372014105318,6.32438043146937,6.31291969623776,6.37014092008537,6.46806595708413,6.49210829853913,6.62100932290439,5.98951891112521,6.08809213956086,6.21524436352308,6.3632679504441,5.89043905883811,5.9705184685924,5.96964498975754,6.01598589861461,5.95570171261861,5.25050236466573,..
Lifetime risk of maternal death (%),SH.MMR.RISK.ZS,Ethiopia,ETH,5.97758884220494,5.38874633293007,5.3722916550701,5.27705191865952,4.65700050256137,4.50105709628911,3.97704610256725,3.78402985990301,3.3186113774456,3.16852126816361,2.68667458156325,2.47694877107588,2.07745053350506,1.86134524588678,1.66560209745588,1.63105003108047,1.46545859529132,1.38328506270159,1.16663017202715,..
Lifetime risk of maternal death (%),SH.MMR.RISK.ZS,Haiti,HTI,1.52712829936146,1.47130923237118,1.68704019143905,1.44094706234274,1.25020041702392,1.3386468446989,1.4022431003313,1.4453041096501,1.29291859424016,1.55532348697173,1.28363393448326,1.31273373532075,1.30467018069661,1.31361288994532,1.30552205270511,1.06318138683893,1.08831860524055,1.05989610729539,1.06593384493432,..
Lifetime risk of maternal death (%),SH.MMR.RISK.ZS,Afghanistan,AFG,9.52510157986914,8.96387430518319,8.01181076888072,7.94154155287414,7.19546998992883,7.06980966381942,6.34718876196331,5.73146081392652,5.65298401811193,5.57206415212989,4.9889087890114,4.92229572461484,4.45392359091823,4.40423184519823,4.26603578550222,3.65965934813299,3.56534676070181,3.46636972274314,3.13021000603877,..
Lifetime risk of maternal death (%),SH.MMR.RISK.ZS,Bangladesh,BGD,1.53971682510686,1.50405577374372,1.25999285222664,1.27461567467673,1.07564958177428,1.14801847322421,1.12212781460757,0.916116333099713,0.818774584262549,0.820321966112963,0.565712877425469,0.523336125321658,0.523940494156861,0.506461434215998,0.469920739697974,0.439874631028783,0.413138460832807,0.377718035968747,0.254152396842147,..
Lifetime risk of maternal death (%),SH.MMR.RISK.ZS,Uganda,UGA,3.05961254362217,2.89278439482387,2.86668768249484,2.85124566138117,2.76006737088644,2.42258658645679,2.4847226990928,2.50254122953573,2.26645403387177,2.1987525539192,2.06513207363239,1.83169678350779,1.95931619810301,1.78619467969753,1.75054100086866,1.76332959275796,1.5090865418153,1.55476678973034,1.5157636041432,..
Lifetime risk of maternal death (%),SH.MMR.RISK.ZS,Nepal,NPL,1.87213321612561,1.76593960868916,1.45268788757257,1.41438300506674,1.21050577588551,1.20105935571236,1.04602669324002,1.03150517574244,1.06337038485529,0.799981841462764,0.780397880830128,0.708950383548311,0.688079349855183,0.68099173813411,0.60973543773266,0.607955088970325,0.479378218015809,0.435640580833113,0.417377353656104,..
Lifetime risk of maternal death (%),SH.MMR.RISK.ZS,Mozambique,MOZ,2.61539779684704,2.49892214660867,2.37435874211397,2.27968637736096,2.19939652579737,2.14544771567526,2.12662317066421,2.02358591475919,1.83963241854498,1.70367537262879,1.56948080400445,1.32538613867373,1.33401002456024,1.25807418337706,1.02313827654853,0.939429610553174,0.853959901706019,0.801593512169048,0.641200717433824,..
Lifetime risk of maternal death (%),SH.MMR.RISK.ZS,Sudan,SDN,3.29094078340397,2.94939903527601,2.77249717173498,2.58920403264852,2.47356968851548,2.20515261791615,2.38806322207844,2.10173510375679,2.0448409310171,1.77137519232662,1.65369134689763,1.62081058522944,1.51368531881299,1.50097276511241,1.51653727288861,1.46051242771208,1.47806263952809,1.50354925742649,1.27661160623555,..
Lifetime risk of maternal death (%),SH.MMR.RISK.ZS,Madagascar,MDG,3.51497612679359,3.46441106223424,3.325814211606,2.97372222633333,2.82628845889641,2.74731370230527,2.77802451913442,2.68471838693133,2.46620532784756,2.41374444661866,2.21239330729457,2.12022644652535,2.17945825879704,2.24490786102929,2.08996118467348,1.83825714121972,1.83905525302935,1.73344582483235,1.70895201351863,..
Lifetime risk of maternal death (%),SH.MMR.RISK.ZS,Rwanda,RWA,4.09208660433926,3.61768583438329,3.06656707954361,2.75603242709754,2.3589848754114,2.28495880223054,2.13821497134058,1.859292539443,1.79381268792421,1.71741560818771,1.42872215913236,1.40860444099768,1.34102472142072,1.36202303014984,1.2780174449277,1.1112982379149,1.13888105712877,1.13976028080797,1.05331221119194,..
Number of maternal deaths,SH.MMR.DTHS,United States,USA,520,540,540,550,560,570,600,640,570,610,630,650,670,690,730,740,740,750,770,..
Number of maternal deaths,SH.MMR.DTHS,Germany,DEU,51,50,47,47,36,44,43,43,42,40,38,37,34,34,39,37,37,34,34,..
Number of maternal deaths,SH.MMR.DTHS,Japan,JPN,91,87,83,79,74,69,68,65,62,59,56,54,52,49,48,46,46,36,36,..
Number of maternal deaths,SH.MMR.DTHS,Norway,NOR,3,3,3,3,3,3,3,3,2,2,2,2,2,1,1,1,1,1,1,..
Number of maternal deaths,SH.MMR.DTHS,Australia,AUS,14,14,13,12,12,15,15,16,16,18,18,18,16,16,16,15,14,16,9,..
Number of maternal deaths,SH.MMR.DTHS,"Korea, Rep.",KOR,80,62,58,54,49,47,42,39,37,44,42,31,28,26,24,22,21,19,24,..
Number of maternal deaths,SH.MMR.DTHS,Canada,CAN,34,35,35,38,38,38,48,47,45,44,45,43,44,43,46,47,41,40,41,..
Number of maternal deaths,SH.MMR.DTHS,United Kingdom,GBR,77,79,79,79,81,82,83,79,76,73,67,65,66,65,66,64,67,65,67,..
Number of maternal deaths,SH.MMR.DTHS,Switzerland,CHE,7,6,6,7,7,6,6,6,6,6,6,6,6,6,7,5,6,6,6,..
Number of maternal deaths,SH.MMR.DTHS,Italy,ITA,50,48,44,43,41,40,39,40,38,37,36,35,32,31,29,29,21,20,19,..
Number of maternal deaths,SH.MMR.DTHS,Sweden,SWE,5,6,5,5,5,5,5,6,5,5,6,6,5,5,5,5,5,5,5,..
Number of maternal deaths,SH.MMR.DTHS,Brazil,BRA,2400,2200,2300,2300,2300,2200,2200,2100,1900,1900,1700,1800,1900,1900,1800,1800,1800,1800,2000,..
Number of maternal deaths,SH.MMR.DTHS,India,IND,94000,89000,85000,79000,68000,63000,59000,56000,48000,45000,42000,40000,34000,32000,30000,29000,28000,27000,24000,..
Number of maternal deaths,SH.MMR.DTHS,South Africa,ZAF,1800,2000,2400,2400,2300,2500,2600,2600,2500,2300,2000,1800,1700,1700,1500,1600,1500,1500,1500,..
Number of maternal deaths,SH.MMR.DTHS,Mexico,MEX,1300,1200,1200,1200,1200,1300,1300,1200,1200,1100,1100,1100,1100,1100,1000,1100,1100,1100,1200,..
Number of maternal deaths,SH.MMR.DTHS,Indonesia,IDN,13000,13000,13000,13000,12000,12000,13000,12000,11000,12000,10000,9500,9400,9300,9100,9000,8300,7200,7800,..
Number of maternal deaths,SH.MMR.DTHS,Philippines,PHL,2900,2900,2900,2900,2900,2800,2600,2600,2500,2500,2500,2500,2200,2100,2100,2000,2000,2000,1900,..
Number of maternal deaths,SH.MMR.DTHS,"Egypt, Arab Rep.",EGY,1400,1300,1300,1200,1100,1000,960,900,910,840,790,750,690,660,550,500,490,440,420,..
Number of maternal deaths,SH.MMR.DTHS,Colombia,COL,790,690,680,670,650,650,570,550,530,530,530,520,520,510,510,520,460,480,550,..
Number of maternal deaths,SH.MMR.DTHS,Argentina,ARG,500,560,520,450,440,450,430,410,410,370,330,320,310,300,300,270,230,220,290,..
Number of maternal deaths,SH.MMR.DTHS,Viet Nam,VNM,1100,1000,980,960,940,920,910,900,890,870,860,840,820,800,790,780,770,760,677,..
Number of maternal deaths,SH.MMR.DTHS,Morocco,MAR,1500,1400,1400,1300,1200,1100,1000,990,930,860,800,760,720,680,580,550,530,510,470,..
Number of maternal deaths,SH.MMR.DTHS,Nigeria,NGA,63000,63000,64000,65000,66000,68000,72000,73000,76000,74000,76000,79000,82000,81000,83000,84000,86000,86000,82000,..
Number of maternal deaths,SH.MMR.DTHS,Ethiopia,ETH,30000,28000,28000,28000,26000,25000,24000,22000,21000,20000,18000,16000,15000,14000,12000,12000,11000,11000,10000,..
Number of maternal deaths,SH.MMR.DTHS,Haiti,HTI,1000,980,1100,960,910,970,1000,1100,1100,1200,1000,1100,1000,1100,1100,950,970,950,950,..
Number of maternal deaths,SH.MMR.DTHS,Afghanistan,AFG,13000,13000,12000,12000,12000,12000,11000,10000,10000,10000,10000,10000,10000,10000,9900,9100,9000,8900,8700,..
Number of maternal deaths,SH.MMR.DTHS,Bangladesh,BGD,16000,15000,14000,14000,12000,13000,12000,11000,9600,9300,7200,6700,6700,6400,6000,5500,5200,4800,3700,..
Number of maternal deaths,SH.MMR.DTHS,Uganda,UGA,5500,5600,5600,5600,5400,5100,5300,5400,5200,5100,4800,4500,4800,4700,4700,4800,4500,4700,4700,..
Number of maternal deaths,SH.MMR.DTHS,Nepal,NPL,3400,3100,2800,2600,2400,2300,2200,2100,2200,1800,1800,1600,1600,1500,1400,1300,1200,1100,1100,..
Number of maternal deaths,SH.MMR.DTHS,Mozambique,MOZ,3700,3600,3500,3400,3400,3300,3400,3300,3100,2900,2700,2500,2500,2400,2100,1900,1800,1700,1500,..
Number of maternal deaths,SH.MMR.DTHS,Sudan,SDN,6500,6200,5900,5600,5500,5100,5400,4900,4900,4500,4200,4200,4000,4100,4300,4200,4300,4500,4100,..
Number of maternal deaths,SH.MMR.DTHS,Madagascar,MDG,4300,4300,4200,4100,3900,3900,4000,3900,3900,3800,3700,3600,3700,3900,3700,3600,3600,3500,3500,..
Number of maternal deaths,SH.MMR.DTHS,Rwanda,RWA,2800,2500,2100,1900,1700,1700,1600,1400,1400,1300,1200,1200,1100,1200,1100,1100,1100,1100,1000,..
"Cause of death, by communicable diseases and maternal, prenatal and nutrition conditions (% of total)",SH.DTH.COMM.ZS,United States,USA,..,..,..,..,..,..,..,..,5.69330817392815,..,..,..,..,5.65120332746147,..,..,..,5.3020598009239,..,..
"Cause of death, by communicable diseases and maternal, prenatal and nutrition conditions (% of total)",SH.DTH.COMM.ZS,Germany,DEU,..,..,..,..,..,..,..,..,4.63146515804543,..,..,..,..,5.00682305682493,..,..,..,4.7599854163992,..,..
"Cause of death, by communicable diseases and maternal, prenatal and nutrition conditions (% of total)",SH.DTH.COMM.ZS,Japan,JPN,..,..,..,..,..,..,..,..,13.382204291544,..,..,..,..,13.1540299447058,..,..,..,10.2966193961317,..,..
"Cause of death, by communicable diseases and maternal, prenatal and nutrition conditions (% of total)",SH.DTH.COMM.ZS,Norway,NOR,..,..,..,..,..,..,..,..,6.87862976124475,..,..,..,..,7.42234803270632,..,..,..,7.67957977902199,..,..
"Cause of death, by communicable diseases and maternal, prenatal and nutrition conditions (% of total)",SH.DTH.COMM.ZS,Australia,AUS,..,..,..,..,..,..,..,..,3.95449604319344,..,..,..,..,4.56955742794355,..,..,..,4.94105432186094,..,..
"Cause of death, by communicable diseases and maternal, prenatal and nutrition conditions (% of total)",SH.DTH.COMM.ZS,"Korea, Rep.",KOR,..,..,..,..,..,..,..,..,7.11362012358738,..,..,..,..,9.72475098150742,..,..,..,12.8287871492843,..,..
"Cause of death, by communicable diseases and maternal, prenatal and nutrition conditions (% of total)",SH.DTH.COMM.ZS,Canada,CAN,..,..,..,..,..,..,..,..,5.21486099636725,..,..,..,..,5.58540227423586,..,..,..,4.77225226729925,..,..
"Cause of death, by communicable diseases and maternal, prenatal and nutrition conditions (% of total)",SH.DTH.COMM.ZS,United Kingdom,GBR,..,..,..,..,..,..,..,..,7.31670708299623,..,..,..,..,8.06694106556286,..,..,..,8.1567751410004,..,..
"Cause of death, by communicable diseases and maternal, prenatal and nutrition conditions (% of total)",SH.DTH.COMM.ZS,Switzerland,CHE,..,..,..,..,..,..,..,..,3.63047104736056,..,..,..,..,4.59482082386875,..,..,..,4.74880946988912,..,..
"Cause of death, by communicable diseases and maternal, prenatal and nutrition conditions (% of total)",SH.DTH.COMM.ZS,Italy,ITA,..,..,..,..,..,..,..,..,3.62593178697899,..,..,..,..,5.12217927744996,..,..,..,5.50478804647942,..,..
"Cause of death, by communicable diseases and maternal, prenatal and nutrition conditions (% of total)",SH.DTH.COMM.ZS,Sweden,SWE,..,..,..,..,..,..,..,..,4.53888243821254,..,..,..,..,5.8738291247966,..,..,..,5.91546177237149,..,..
"Cause of death, by communicable diseases and maternal, prenatal and nutrition conditions (% of total)",SH.DTH.COMM.ZS,Brazil,BRA,..,..,..,..,..,..,..,..,13.824082750291,..,..,..,..,14.176204494403,..,..,..,13.7086408761723,..,..
"Cause of death, by communicable diseases and maternal, prenatal and nutrition conditions (% of total)",SH.DTH.COMM.ZS,India,IND,..,..,..,..,..,..,..,..,35.0090893635252,..,..,..,..,28.2602532026273,..,..,..,24.166184366593,..,..
"Cause of death, by communicable diseases and maternal, prenatal and nutrition conditions (% of total)",SH.DTH.COMM.ZS,South Africa,ZAF,..,..,..,..,..,..,..,..,48.8833234546531,..,..,..,..,37.2667407294851,..,..,..,35.6803578327848,..,..
"Cause of death, by communicable diseases and maternal, prenatal and nutrition conditions (% of total)",SH.DTH.COMM.ZS,Mexico,MEX,..,..,..,..,..,..,..,..,11.5781091734769,..,..,..,..,10.0366534189482,..,..,..,9.0934368360701,..,..
"Cause of death, by communicable diseases and maternal, prenatal and nutrition conditions (% of total)",SH.DTH.COMM.ZS,Indonesia,IDN,..,..,..,..,..,..,..,..,25.3232657616765,..,..,..,..,21.8838899263593,..,..,..,18.9256595520418,..,..
"Cause of death, by communicable diseases and maternal, prenatal and nutrition conditions (% of total)",SH.DTH.COMM.ZS,Philippines,PHL,..,..,..,..,..,..,..,..,28.2227662613871,..,..,..,..,25.7267317242772,..,..,..,24.281664665108,..,..
"Cause of death, by communicable diseases and maternal, prenatal and nutrition conditions (% of total)",SH.DTH.COMM.ZS,"Egypt, Arab Rep.",EGY,..,..,..,..,..,..,..,..,12.7963030093853,..,..,..,..,10.8222436470346,..,..,..,9.62846081312771,..,..
"Cause of death, by communicable diseases and maternal, prenatal and nutrition conditions (% of total)",SH.DTH.COMM.ZS,Colombia,COL,..,..,..,..,..,..,..,..,11.008446288901,..,..,..,..,10.4542008383461,..,..,..,10.3397734089232,..,..
"Cause of death, by communicable diseases and maternal, prenatal and nutrition conditions (% of total)",SH.DTH.COMM.ZS,Argentina,ARG,..,..,..,..,..,..,..,..,14.1294278660707,..,..,..,..,15.4917818001276,..,..,..,17.5964944783087,..,..
"Cause of death, by communicable diseases and maternal, prenatal and nutrition conditions (% of total)",SH.DTH.COMM.ZS,Viet Nam,VNM,..,..,..,..,..,..,..,..,12.8608712834905,..,..,..,..,10.7556548655589,..,..,..,9.30494112386208,..,..
"Cause of death, by communicable diseases and maternal, prenatal and nutrition conditions (% of total)",SH.DTH.COMM.ZS,Morocco,MAR,..,..,..,..,..,..,..,..,13.5048736228847,..,..,..,..,10.7258770970721,..,..,..,8.9061293772705,..,..
"Cause of death, by communicable diseases and maternal, prenatal and nutrition conditions (% of total)",SH.DTH.COMM.ZS,Nigeria,NGA,..,..,..,..,..,..,..,..,68.9355246696758,..,..,..,..,66.4700062869741,..,..,..,65.2078910458964,..,..
"Cause of death, by communicable diseases and maternal, prenatal and nutrition conditions (% of total)",SH.DTH.COMM.ZS,Ethiopia,ETH,..,..,..,..,..,..,..,..,57.5492694627423,..,..,..,..,50.9538007724542,..,..,..,44.654315277746,..,..
"Cause of death, by communicable diseases and maternal, prenatal and nutrition conditions (% of total)",SH.DTH.COMM.ZS,Haiti,HTI,..,..,..,..,..,..,..,..,10.2500040055332,..,..,..,..,28.5463594619439,..,..,..,24.6562332642119,..,..
"Cause of death, by communicable diseases and maternal, prenatal and nutrition conditions (% of total)",SH.DTH.COMM.ZS,Afghanistan,AFG,..,..,..,..,..,..,..,..,48.1499135188659,..,..,..,..,39.3909806318543,..,..,..,32.9304513537869,..,..
"Cause of death, by communicable diseases and maternal, prenatal and nutrition conditions (% of total)",SH.DTH.COMM.ZS,Bangladesh,BGD,..,..,..,..,..,..,..,..,32.9783972251383,..,..,..,..,28.8076630750759,..,..,..,22.6128372233556,..,..
"Cause of death, by communicable diseases and maternal, prenatal and nutrition conditions (% of total)",SH.DTH.COMM.ZS,Uganda,UGA,..,..,..,..,..,..,..,..,65.3267869748602,..,..,..,..,57.700693349788,..,..,..,51.6605577071455,..,..
"Cause of death, by communicable diseases and maternal, prenatal and nutrition conditions (% of total)",SH.DTH.COMM.ZS,Nepal,NPL,..,..,..,..,..,..,..,..,36.8196108292267,..,..,..,..,27.5266598559534,..,..,..,24.8208329609614,..,..
"Cause of death, by communicable diseases and maternal, prenatal and nutrition conditions (% of total)",SH.DTH.COMM.ZS,Mozambique,MOZ,..,..,..,..,..,..,..,..,62.1781951050473,..,..,..,..,58.4835516040188,..,..,..,54.4396366039944,..,..
"Cause of death, by communicable diseases and maternal, prenatal and nutrition conditions (% of total)",SH.DTH.COMM.ZS,Sudan,SDN,..,..,..,..,..,..,..,..,44.7989164218489,..,..,..,..,38.1308912460105,..,..,..,35.5456510407433,..,..
"Cause of death, by communicable diseases and maternal, prenatal and nutrition conditions (% of total)",SH.DTH.COMM.ZS,Madagascar,MDG,..,..,..,..,..,..,..,..,50.6139842438789,..,..,..,..,47.2712770841528,..,..,..,45.459444882299,..,..
"Cause of death, by communicable diseases and maternal, prenatal and nutrition conditions (% of total)",SH.DTH.COMM.ZS,Rwanda,RWA,..,..,..,..,..,..,..,..,49.6738027401655,..,..,..,..,42.2274063896273,..,..,..,38.1809158837927,..,..
"Cause of death, by non-communicable diseases (% of total)",SH.DTH.NCOM.ZS,United States,USA,..,..,..,..,..,..,..,..,88.1043193118658,..,..,..,..,88.042831442106,..,..,..,88.1449804799197,..,..
"Cause of death, by non-communicable diseases (% of total)",SH.DTH.NCOM.ZS,Germany,DEU,..,..,..,..,..,..,..,..,91.500669582915,..,..,..,..,91.0462466946146,..,..,..,90.5983327596301,..,..
"Cause of death, by non-communicable diseases (% of total)",SH.DTH.NCOM.ZS,Japan,JPN,..,..,..,..,..,..,..,..,80.277952877026,..,..,..,..,81.5693594983226,..,..,..,84.7905248056048,..,..
"Cause of death, by non-communicable diseases (% of total)",SH.DTH.NCOM.ZS,Norway,NOR,..,..,..,..,..,..,..,..,87.6724112288554,..,..,..,..,87.1864695254935,..,..,..,86.7221299287588,..,..
"Cause of death, by non-communicable diseases (% of total)",SH.DTH.NCOM.ZS,Australia,AUS,..,..,..,..,..,..,..,..,90.4568900838594,..,..,..,..,89.5734193050277,..,..,..,89.1143536670652,..,..
"Cause of death, by non-communicable diseases (% of total)",SH.DTH.NCOM.ZS,"Korea, Rep.",KOR,..,..,..,..,..,..,..,..,80.1622548279412,..,..,..,..,79.9542233154575,..,..,..,77.9104186148433,..,..
"Cause of death, by non-communicable diseases (% of total)",SH.DTH.NCOM.ZS,Canada,CAN,..,..,..,..,..,..,..,..,88.7360795967705,..,..,..,..,88.6363987933695,..,..,..,89.8086329490656,..,..
"Cause of death, by non-communicable diseases (% of total)",SH.DTH.NCOM.ZS,United Kingdom,GBR,..,..,..,..,..,..,..,..,89.3427633545594,..,..,..,..,88.4900017661646,..,..,..,88.1570765293416,..,..
"Cause of death, by non-communicable diseases (% of total)",SH.DTH.NCOM.ZS,Switzerland,CHE,..,..,..,..,..,..,..,..,90.6957485730542,..,..,..,..,89.7083775891724,..,..,..,89.5529243677502,..,..
"Cause of death, by non-communicable diseases (% of total)",SH.DTH.NCOM.ZS,Italy,ITA,..,..,..,..,..,..,..,..,92.2468466267496,..,..,..,..,91.1489832076112,..,..,..,90.6385058588077,..,..
"Cause of death, by non-communicable diseases (% of total)",SH.DTH.NCOM.ZS,Sweden,SWE,..,..,..,..,..,..,..,..,90.6386642834919,..,..,..,..,88.9668585102809,..,..,..,89.0470759204382,..,..
"Cause of death, by non-communicable diseases (% of total)",SH.DTH.NCOM.ZS,Brazil,BRA,..,..,..,..,..,..,..,..,73.0184281962182,..,..,..,..,73.369855341327,..,..,..,74.7376983511031,..,..
"Cause of death, by non-communicable diseases (% of total)",SH.DTH.NCOM.ZS,India,IND,..,..,..,..,..,..,..,..,54.7948740551498,..,..,..,..,62.042953140371,..,..,..,65.9332019454579,..,..
"Cause of death, by non-communicable diseases (% of total)",SH.DTH.NCOM.ZS,South Africa,ZAF,..,..,..,..,..,..,..,..,40.8141965079597,..,..,..,..,50.3104679515096,..,..,..,51.3300565987341,..,..
"Cause of death, by non-communicable diseases (% of total)",SH.DTH.NCOM.ZS,Mexico,MEX,..,..,..,..,..,..,..,..,76.0637841319078,..,..,..,..,79.8132340601764,..,..,..,80.4103092072542,..,..
"Cause of death, by non-communicable diseases (% of total)",SH.DTH.NCOM.ZS,Indonesia,IDN,..,..,..,..,..,..,..,..,69.0694680236578,..,..,..,..,73.0713752539611,..,..,..,76.3264256879934,..,..
"Cause of death, by non-communicable diseases (% of total)",SH.DTH.NCOM.ZS,Philippines,PHL,..,..,..,..,..,..,..,..,64.0094112000817,..,..,..,..,67.2160919773446,..,..,..,69.7491443602475,..,..
"Cause of death, by non-communicable diseases (% of total)",SH.DTH.NCOM.ZS,"Egypt, Arab Rep.",EGY,..,..,..,..,..,..,..,..,81.9617087171341,..,..,..,..,84.1887281782163,..,..,..,85.6078303042361,..,..
"Cause of death, by non-communicable diseases (% of total)",SH.DTH.NCOM.ZS,Colombia,COL,..,..,..,..,..,..,..,..,68.3482972289314,..,..,..,..,73.3244708620116,..,..,..,75.6457144242242,..,..
"Cause of death, by non-communicable diseases (% of total)",SH.DTH.NCOM.ZS,Argentina,ARG,..,..,..,..,..,..,..,..,79.9626676608716,..,..,..,..,78.2957693035364,..,..,..,76.6944625404959,..,..
"Cause of death, by non-communicable diseases (% of total)",SH.DTH.NCOM.ZS,Viet Nam,VNM,..,..,..,..,..,..,..,..,78.4023051500846,..,..,..,..,80.4074337526207,..,..,..,81.3665708335802,..,..
"Cause of death, by non-communicable diseases (% of total)",SH.DTH.NCOM.ZS,Morocco,MAR,..,..,..,..,..,..,..,..,77.0622552195819,..,..,..,..,81.4320974162168,..,..,..,84.1902894663775,..,..
"Cause of death, by non-communicable diseases (% of total)",SH.DTH.NCOM.ZS,Nigeria,NGA,..,..,..,..,..,..,..,..,24.0613185693917,..,..,..,..,25.6790307111329,..,..,..,27.1317098254344,..,..
"Cause of death, by non-communicable diseases (% of total)",SH.DTH.NCOM.ZS,Ethiopia,ETH,..,..,..,..,..,..,..,..,32.7501686912737,..,..,..,..,38.2774493240118,..,..,..,43.2587026475636,..,..
"Cause of death, by non-communicable diseases (% of total)",SH.DTH.NCOM.ZS,Haiti,HTI,..,..,..,..,..,..,..,..,16.3212192582758,..,..,..,..,61.0969736296395,..,..,..,64.7169351587221,..,..
"Cause of death, by non-communicable diseases (% of total)",SH.DTH.NCOM.ZS,Afghanistan,AFG,..,..,..,..,..,..,..,..,40.8191640676136,..,..,..,..,44.2190527205372,..,..,..,49.7810848710223,..,..
"Cause of death, by non-communicable diseases (% of total)",SH.DTH.NCOM.ZS,Bangladesh,BGD,..,..,..,..,..,..,..,..,59.4311989454775,..,..,..,..,63.7038514843619,..,..,..,70.2556717831391,..,..
"Cause of death, by non-communicable diseases (% of total)",SH.DTH.NCOM.ZS,Uganda,UGA,..,..,..,..,..,..,..,..,25.2838361938874,..,..,..,..,30.9851503785501,..,..,..,35.5809226467057,..,..
"Cause of death, by non-communicable diseases (% of total)",SH.DTH.NCOM.ZS,Nepal,NPL,..,..,..,..,..,..,..,..,54.2148861914656,..,..,..,..,59.8492417290464,..,..,..,66.4573216682287,..,..
"Cause of death, by non-communicable diseases (% of total)",SH.DTH.NCOM.ZS,Mozambique,MOZ,..,..,..,..,..,..,..,..,30.2106519355533,..,..,..,..,33.0677058020347,..,..,..,36.1641671601934,..,..
"Cause of death, by non-communicable diseases (% of total)",SH.DTH.NCOM.ZS,Sudan,SDN,..,..,..,..,..,..,..,..,44.7198507244728,..,..,..,..,50.4399559629139,..,..,..,53.9452462094465,..,..
"Cause of death, by non-communicable diseases (% of total)",SH.DTH.NCOM.ZS,Madagascar,MDG,..,..,..,..,..,..,..,..,40.033065782203,..,..,..,..,42.7857032203935,..,..,..,45.0253641794136,..,..
"Cause of death, by non-communicable diseases (% of total)",SH.DTH.NCOM.ZS,Rwanda,RWA,..,..,..,..,..,..,..,..,39.3308944428683,..,..,..,..,46.4104608241861,..,..,..,50.3926880607269,..,..
Out-of-pocket expenditure (% of current health expenditure),SH.XPD.OOPC.CH.ZS,United States,USA,14.32724667,14.15013218,13.97359943,13.91274643,13.67800713,13.59681606,13.35940933,12.64768028,12.36791706,12.32014465,12.3353653,12.28748417,11.98743725,11.77453041,11.64962196,11.41782665,11.32823181,11.30830574,9.93104649,10.70016861
Out-of-pocket expenditure (% of current health expenditure),SH.XPD.OOPC.CH.ZS,Germany,DEU,12.57544136,12.8403635,14.02402878,14.12018967,14.50947285,14.41461849,14.11885929,13.89635754,13.96304226,14.00676441,14.17265987,13.3224678,13.00751305,13.08010769,12.95303154,12.91704845,13.16894913,13.4410553,12.40803623,12.16129494
Out-of-pocket expenditure (% of current health expenditure),SH.XPD.OOPC.CH.ZS,Japan,JPN,15.98,16.89,16.59,15.67,16.42,15.52,15.24,15.16,14.57,13.12,12.97,12.7,12.87,12.95,12.85,12.65,12.99,12.9,11.94,12.03
Out-of-pocket expenditure (% of current health expenditure),SH.XPD.OOPC.CH.ZS,Norway,NOR,16.83,16.6,16.76,16.71,16.45,16.07,15.66,15.25,15.05,15.21,14.8,14.59,14.38,14.14,14.27,14.51,13.97,13.92,13.79,13.85
Out-of-pocket expenditure (% of current health expenditure),SH.XPD.OOPC.CH.ZS,Australia,AUS,19.92001152,19.14758873,19.21869659,19.64301491,19.74941826,19.00255966,19.04162598,19.05284309,19.74928665,19.17248344,19.93433952,19.52692413,17.84737015,17.20188141,16.94656563,16.60431671,16.24427223,14.73396778,14.91264343,13.82497215
Out-of-pocket expenditure (% of current health expenditure),SH.XPD.OOPC.CH.ZS,"Korea, Rep.",KOR,38.66801453,38.80971909,38.36969376,38.80373383,36.54515457,35.72550583,37.10074615,34.72049713,34.80883026,34.93216705,35.33079147,34.90507889,34.75905991,34.46717072,34.05442047,33.44021225,33.05436707,31.61123085,28.98741913,29.09882355
Out-of-pocket expenditure (% of current health expenditure),SH.XPD.OOPC.CH.ZS,Canada,CAN,15.9083395,15.2514801,15.28786945,15.36829376,15.87158966,15.59448147,15.48428726,15.22482872,15.64700031,15.1972847,15.03200054,14.5929203,14.74378586,14.73381138,15.63871956,15.85270691,15.59457874,15.45603371,13.77592468,14.02343464
Out-of-pocket expenditure (% of current health expenditure),SH.XPD.OOPC.CH.ZS,United Kingdom,GBR,14.56150246,16.28264809,14.85345936,13.66093445,13.69477558,13.49915886,13.81945992,14.61379528,14.83723164,14.82185364,15.07844067,15.31006908,15.29448986,15.39231491,15.38864422,15.70869541,16.46084976,16.61176109,13.5569973,13.51221371
Out-of-pocket expenditure (% of current health expenditure),SH.XPD.OOPC.CH.ZS,Switzerland,CHE,29.04967117,28.62252808,28.75733566,27.14404869,27.3494606,27.33333206,26.49785995,26.20129585,25.58391571,25.13305092,25.01251602,24.77769089,24.33957672,23.9412899,23.29603767,23.40680122,23.74767685,23.77205276,22.89645958,22.70652771
Out-of-pocket expenditure (% of current health expenditure),SH.XPD.OOPC.CH.ZS,Italy,ITA,24.13,23.72,22.83,21.61,21.32,21.52,21.34,20.66,20.55,22.03,22.08,22.23,22.54,23.47,23.32,23.81,23.55,23.46,21.46,21.89
Out-of-pocket expenditure (% of current health expenditure),SH.XPD.OOPC.CH.ZS,Sweden,SWE,16.51,15.88,16.28,16.64,16.54,16.34,16.33,16.4,16.38,14.55,14.81,14.93,14.92,14.9,14.49,14.09,13.96,13.71,12.83,13.08
Out-of-pocket expenditure (% of current health expenditure),SH.XPD.OOPC.CH.ZS,Brazil,BRA,36.40619659,35.47386169,35.3658371,35.87643814,34.37126541,33.09412003,30.88409233,31.21031952,29.38520432,29.29958534,29.68202972,28.17706871,28.18024635,24.70735931,24.42057228,24.46793365,24.82529449,24.87984657,22.77106476,22.65208626
Out-of-pocket expenditure (% of current health expenditure),SH.XPD.OOPC.CH.ZS,India,IND,73.37,73.42,72.48,73.15,72.26,70.82,69.15,66.76,65.18,62.22,63,69.07,67.01,64.66,63.21,55.11,53.23,52,49.45,49.82
Out-of-pocket expenditure (% of current health expenditure),SH.XPD.OOPC.CH.ZS,South Africa,ZAF,13.55776787,12.32614422,11.84590149,11.31283569,10.58286381,9.70289135,8.84287548,8.10977173,7.99506283,7.75090933,7.72201967,7.61004734,5.66398144,5.73639154,5.78551388,5.83464336,5.83615637,5.72827816,5.38762617,5.50673628
Out-of-pocket expenditure (% of current health expenditure),SH.XPD.OOPC.CH.ZS,Mexico,MEX,54.35933304,55.66365051,53.69269943,54.58955383,53.76394653,52.49715424,48.59585571,47.35383987,43.50876617,40.73421097,40.64141083,39.87906647,40.87202454,41.04377365,41.3722229,41.78836441,42.30939865,42.28219223,38.76134109,41.37071991
Out-of-pocket expenditure (% of current health expenditure),SH.XPD.OOPC.CH.ZS,Indonesia,IDN,46.37796402,46.01685333,45.9106369,55.3282814,53.37503815,49.54561996,49.36756516,49.22135544,60.58386612,56.22341919,53.61792374,50.89988327,45.24729156,43.04529953,38.51763916,36.59593964,35.64099503,35.07468796,31.6984539,27.48734474
Out-of-pocket expenditure (% of current health expenditure),SH.XPD.OOPC.CH.ZS,Philippines,PHL,47.77,47.7,47.78,52.11,54.04,55.97,57.45,55.58,54.85,58.89,58.31,57.57,52.38,51.18,50.49,50.15,50.44,48.79,44.56,44.61
Out-of-pocket expenditure (% of current health expenditure),SH.XPD.OOPC.CH.ZS,"Egypt, Arab Rep.",EGY,63.76679611,65.40507507,64.55256653,64.58325958,60.41719818,60.32749176,61.82380295,60.43681335,62.62810135,60.49510574,60.88405991,57.93513489,55.12137222,59.45430374,58.99694824,56.39825058,62.61043167,62.50646591,59.31352997,54.90198135
Out-of-pocket expenditure (% of current health expenditure),SH.XPD.OOPC.CH.ZS,Colombia,COL,11.48958969,8.60398769,13.75860023,16.407938,17.93350601,19.24854279,20.85275078,18.01454926,17.0035553,15.31575584,17.85850143,17.15289879,16.27700996,15.40105057,15.61221027,15.36301041,15.1307478,14.73766041,14.50628376,13.66964531
Out-of-pocket expenditure (% of current health expenditure),SH.XPD.OOPC.CH.ZS,Argentina,ARG,29.99389839,28.24989319,27.62963104,33.06813431,32.41083908,31.28629875,30.2619133,26.18709564,26.78010178,26.89295959,26.08745956,26.81741714,27.04210854,25.93237305,27.00738144,21.28657913,25.13258934,23.94149971,21.75679016,22.36627579
Out-of-pocket expenditure (% of current health expenditure),SH.XPD.OOPC.CH.ZS,Viet Nam,VNM,34.54223251,34.54283524,34.6751709,34.64176559,34.69738388,34.66907883,34.57612991,34.63538361,34.67405701,34.68690491,40.77892303,41.58710098,41.02820969,42.13227844,41.35647964,42.58786774,44.58100891,45.11730576,42.71472549,40.01131821
Out-of-pocket expenditure (% of current health expenditure),SH.XPD.OOPC.CH.ZS,Morocco,MAR,53.84698105,56.20530701,57.37558365,59.65603256,58.74881363,57.18305206,56.41322708,54.49833298,55.61273193,54.24003983,52.74585342,51.66726685,49.15629196,48.95444107,48.8467865,47.96567535,46.98527527,46.1103363,43.6934967,44.75625992
Out-of-pocket expenditure (% of current health expenditure),SH.XPD.OOPC.CH.ZS,Nigeria,NGA,65.04915619,72.81436157,64.54787445,65.97051239,70.45880127,70.93754578,72.75693512,74.47493744,76.87748718,74.72514343,72.84432983,70.92673492,71.85419464,71.89007568,75.18703461,77.38787079,75.94579315,71.49702454,74.67578125,76.24337006
Out-of-pocket expenditure (% of current health expenditure),SH.XPD.OOPC.CH.ZS,Ethiopia,ETH,37.46262741,34.4589386,34.86631393,31.3402977,38.7753334,36.99623489,38.47733307,41.53925705,42.29021072,46.53789139,42.16745377,42.40406799,38.47408676,36.74348068,35.43159103,34.40161896,35.49158096,37.9252243,33.07913589,36.99786377
Out-of-pocket expenditure (% of current health expenditure),SH.XPD.OOPC.CH.ZS,Haiti,HTI,48.17779922,48.05616379,46.48625946,46.01602173,43.06276703,40.12002563,38.57956314,39.27423859,33.30967331,26.08627892,28.43981743,36.24164581,31.0153141,33.96487808,35.29019165,45.40202332,38.85435486,39.03829193,46.90286636,43.53165817
Out-of-pocket expenditure (% of current health expenditure),SH.XPD.OOPC.CH.ZS,Afghanistan,AFG,85.37560272,86.06919098,84.52758789,78.97008514,76.82497406,78.16998291,75.40338898,72.77924347,78.9966507,73.25517273,74.48620605,72.04785919,73.05592346,78.3822937,75.97433472,75.48258209,76.22302246,76.818367,74.81396484,77.21405029
Out-of-pocket expenditure (% of current health expenditure),SH.XPD.OOPC.CH.ZS,Bangladesh,BGD,62.93533707,63.01078033,63.09557724,65.38332367,65.63786316,66.41323853,67.83094788,67.94347382,67.95515442,68.17604828,68.27939606,69.62185669,70.75862885,72.67826843,71.49494171,70.08963776,70.67902374,72.05020905,74.00198364,72.9874649
Out-of-pocket expenditure (% of current health expenditure),SH.XPD.OOPC.CH.ZS,Uganda,UGA,44.01218414,45.41841125,38.37783051,48.59888458,54.05321884,54.48364639,52.74197388,42.84917831,37.39066696,33.01004791,37.51226807,42.51777649,40.14643478,39.4708519,40.60963821,38.08950424,35.62893295,38.26028442,34.00273132,31.25317955
Out-of-pocket expenditure (% of current health expenditure),SH.XPD.OOPC.CH.ZS,Nepal,NPL,51.96,53.81,51.6,49.22,42.5,60.96,61.63,57.62,56.2,58.38,56.08,63.53,60.05,59.44,55.44,57.38,57.73,57.91,54.17,51.26
Out-of-pocket expenditure (% of current health expenditure),SH.XPD.OOPC.CH.ZS,Mozambique,MOZ,26.60668564,21.21561623,15.60630703,12.31847477,12.74688625,12.01949692,10.49852276,8.2377615,7.1121192,6.71953869,5.5548296,8.01625633,10.42437363,11.26148605,10.55004883,9.67307854,9.49615574,9.52183342,10.08967018,8.87722778
Out-of-pocket expenditure (% of current health expenditure),SH.XPD.OOPC.CH.ZS,Sudan,SDN,61.42131805,62.56050873,57.1778717,54.63094711,55.78925323,58.00177002,62.40304947,52.47582245,61.31344604,65.93135071,65.45468903,74.83428192,67.03178406,79.40106964,71.1858902,72.54642487,66.95339966,67.37359619,52.96360779,56.85788345
Out-of-pocket expenditure (% of current health expenditure),SH.XPD.OOPC.CH.ZS,Madagascar,MDG,37.60177994,34.52891541,30.5815773,33.02706146,31.6536274,32.65489578,37.18899536,37.6555481,36.15040588,27.97330856,32.48873138,35.58833694,28.16691399,25.1729393,23.05756378,25.63452339,29.28008461,34.22468185,30.93841553,32.71157837
Out-of-pocket expenditure (% of current health expenditure),SH.XPD.OOPC.CH.ZS,Rwanda,RWA,28.46427345,17.11997414,21.21723175,23.79763412,14.26959229,12.49653721,11.78379345,11.37705517,11.0873909,10.79211998,10.17707443,12.30982971,12.07820892,12.18094063,11.36179352,11.81888771,11.8659668,12.1073637,10.27080822,10.13342953
Risk of catastrophic expenditure for surgical care (% of people at risk),SH.SGR.CRSK.ZS,United States,USA,..,1,0.8,1,1,0.8,0.8,0.8,0.6,0.7,0.7,0.7,0.8,0.7,0.6,0.6,0.6,0.6,0.3,0.3
Risk of catastrophic expenditure for surgical care (% of people at risk),SH.SGR.CRSK.ZS,Germany,DEU,..,0,0,0.1,0.1,0.1,0.1,0,0,0,0,0,0,0,0,0,0.1,0,0,0
Risk of catastrophic expenditure for surgical care (% of people at risk),SH.SGR.CRSK.ZS,Japan,JPN,..,0.6,0.6,0.4,0.5,0.4,0.8,..,0.3,0.3,0.5,0.2,0.3,0.3,0.3,0.2,0.3,0.3,0.3,0.3
Risk of catastrophic expenditure for surgical care (% of people at risk),SH.SGR.CRSK.ZS,Norway,NOR,..,0.1,0.4,0.3,0,0,0,0,0,0,0,0,0,0,0,0,0,0,0,0
Risk of catastrophic expenditure for surgical care (% of people at risk),SH.SGR.CRSK.ZS,Australia,AUS,..,0.5,0.4,0.3,..,..,0.6,0.2,0.5,0.3,0.3,0.3,0.3,0.3,0.2,0.3,0.2,0.1,0.1,0.1
Risk of catastrophic expenditure for surgical care (% of people at risk),SH.SGR.CRSK.ZS,"Korea, Rep.",KOR,..,..,..,..,0.3,..,0.3,0.2,0.2,0.2,0.2,0.2,0.1,0.1,0.1,0.1,0.1,0.1,0.1,0.1
Risk of catastrophic expenditure for surgical care (% of people at risk),SH.SGR.CRSK.ZS,Canada,CAN,..,0.5,0.4,0.4,0.5,0.4,0.4,0.4,0.3,0.2,0.3,0.3,0.2,0.2,0.2,0.2,0.2,0.1,0.2,0.2
Risk of catastrophic expenditure for surgical care (% of people at risk),SH.SGR.CRSK.ZS,United Kingdom,GBR,..,0.1,0.1,0.1,0.1,0.1,0.1,0.1,0.1,0.1,0.1,0,0,0,0,0,0.1,0,0,0
Risk of catastrophic expenditure for surgical care (% of people at risk),SH.SGR.CRSK.ZS,Switzerland,CHE,..,1.6,1.7,1.4,2.2,2.4,2,1.5,1.5,1.1,1.1,1.2,1.3,1.2,1.5,1.4,1.7,1.4,1.1,1
Risk of catastrophic expenditure for surgical care (% of people at risk),SH.SGR.CRSK.ZS,Italy,ITA,..,0.8,0.6,0.4,0.4,0.3,0.4,0.4,0.5,0.6,0.8,0.8,0.8,1,0.9,1,0.9,0.7,0.8,0.7
Risk of catastrophic expenditure for surgical care (% of people at risk),SH.SGR.CRSK.ZS,Sweden,SWE,..,0,0,0,0,0,0.1,0.1,0.1,0,0,0.1,0,0.1,0.1,0,0.1,0,0,0
Risk of catastrophic expenditure for surgical care (% of people at risk),SH.SGR.CRSK.ZS,Brazil,BRA,..,25.9,25.6,25.4,23.6,21,18.1,17.4,18.7,14.9,14.9,13.3,13.1,11.8,13.4,13.3,13.7,13.2,8.3,13.1
Risk of catastrophic expenditure for surgical care (% of people at risk),SH.SGR.CRSK.ZS,India,IND,..,81,78.3,76.9,73.8,70.5,67.2,63.1,57.8,52.8,51.3,53.2,46.4,42.5,37.9,30.1,25,23.8,24.1,22.8
Risk of catastrophic expenditure for surgical care (% of people at risk),SH.SGR.CRSK.ZS,South Africa,ZAF,..,..,..,20.7,19.7,..,15.3,10.5,14.1,13.6,13.5,13.4,11.9,12,6.8,6.8,6.7,13.8,11.9,11.6
Risk of catastrophic expenditure for surgical care (% of people at risk),SH.SGR.CRSK.ZS,Mexico,MEX,..,17.6,18.6,18.4,16.7,17.3,16.2,14.6,12.4,11.2,12.6,9,12.5,12.3,11.3,16.2,10.4,10.3,9.5,8.7
Risk of catastrophic expenditure for surgical care (% of people at risk),SH.SGR.CRSK.ZS,Indonesia,IDN,..,24.7,24.5,31.6,29.9,27.6,25.4,24,32.1,30.9,27.8,25.2,20,18.2,13.6,11.4,9.9,8.1,7.4,7.4
Risk of catastrophic expenditure for surgical care (% of people at risk),SH.SGR.CRSK.ZS,Philippines,PHL,..,42.9,42,43.8,44.6,45.1,45.4,43.1,42,43.4,41.6,39.7,34.8,31,29,27.6,24,24.6,25.2,18.1
Risk of catastrophic expenditure for surgical care (% of people at risk),SH.SGR.CRSK.ZS,"Egypt, Arab Rep.",EGY,..,51.4,50.1,50.1,41.2,41.4,39.9,37.4,36.5,32.6,28.6,27.5,27,29.5,28,24.4,29.7,30,25.2,27.1
Risk of catastrophic expenditure for surgical care (% of people at risk),SH.SGR.CRSK.ZS,Colombia,COL,..,9,14.6,14.5,20.5,20.8,17.5,14.9,13.9,11.4,11.5,10.8,10.1,8.1,8,7,7.4,7.4,9.5,7.5
Risk of catastrophic expenditure for surgical care (% of people at risk),SH.SGR.CRSK.ZS,Argentina,ARG,..,16.4,12.6,13.3,10.7,9.2,7.1,5.7,5.1,3.9,3.2,3,3.6,3.5,4.3,2.9,3.7,4.8,4.6,5
Risk of catastrophic expenditure for surgical care (% of people at risk),SH.SGR.CRSK.ZS,Viet Nam,VNM,..,..,..,..,..,..,..,..,..,..,..,..,..,..,..,..,..,..,..,..
Risk of catastrophic expenditure for surgical care (% of people at risk),SH.SGR.CRSK.ZS,Morocco,MAR,..,..,..,43,42.5,39.2,34.8,32.3,33.5,31.1,29.1,26.3,24.1,25.1,24.9,22,21,20.1,21,19.5
Risk of catastrophic expenditure for surgical care (% of people at risk),SH.SGR.CRSK.ZS,Nigeria,NGA,..,..,..,..,..,..,..,..,..,..,..,..,..,..,..,..,..,..,..,..
Risk of catastrophic expenditure for surgical care (% of people at risk),SH.SGR.CRSK.ZS,Ethiopia,ETH,..,30.1,23.5,..,30.7,28.7,27.5,29.7,25.8,..,..,21.2,16.9,13.9,12.8,10.9,11.6,..,..,6
Risk of catastrophic expenditure for surgical care (% of people at risk),SH.SGR.CRSK.ZS,Haiti,HTI,..,..,39.8,40.7,37.5,..,..,..,..,20.5,23,29.5,24.9,26.8,26.8,34.5,27.9,28.9,37.9,37.9
Risk of catastrophic expenditure for surgical care (% of people at risk),SH.SGR.CRSK.ZS,Afghanistan,AFG,..,..,..,..,..,..,..,..,..,..,..,..,..,..,..,..,..,..,..,..
Risk of catastrophic expenditure for surgical care (% of people at risk),SH.SGR.CRSK.ZS,Bangladesh,BGD,..,89.7,86.5,85.9,84.2,81.5,81.1,80.5,79.3,76.6,74.9,73.9,73.4,72.3,70.3,66.1,61.6,60.5,61.1,56.8
Risk of catastrophic expenditure for surgical care (% of people at risk),SH.SGR.CRSK.ZS,Uganda,UGA,..,90.3,85.3,92.6,94.3,94.1,91.9,81.4,75.7,69.3,72.9,79.5,77.3,..,75.3,74.1,68.8,70.5,70.1,68.9
Risk of catastrophic expenditure for surgical care (% of people at risk),SH.SGR.CRSK.ZS,Nepal,NPL,..,84.6,82.5,80.8,..,85.5,85.6,81.5,82,83.7,80.4,85.2,..,79.7,74.1,76.3,73.8,70,64.8,61.4
Risk of catastrophic expenditure for surgical care (% of people at risk),SH.SGR.CRSK.ZS,Mozambique,MOZ,..,..,..,..,..,..,..,..,..,..,..,..,..,..,..,..,..,..,..,..
Risk of catastrophic expenditure for surgical care (% of people at risk),SH.SGR.CRSK.ZS,Sudan,SDN,..,64.5,58.1,49.6,..,..,..,43.6,49.4,66,69.5,75.5,65.3,61.3,66.6,69.1,67.7,69.3,59.5,61.6
Risk of catastrophic expenditure for surgical care (% of people at risk),SH.SGR.CRSK.ZS,Madagascar,MDG,..,81.8,72.2,75,73.8,76.3,78.8,79.7,78.7,68.1,74.9,76.3,68.6,63.2,59,..,..,..,..,..
Risk of catastrophic expenditure for surgical care (% of people at risk),SH.SGR.CRSK.ZS,Rwanda,RWA,..,..,..,64.3,45.6,39.7,27.3,24.4,26.9,24.8,22.5,24.3,22.9,24.7,17.5,19,19.3,19.8,16.8,16.1
Risk of impoverishing expenditure for surgical care (% of people at risk),SH.SGR.IRSK.ZS,United States,USA,..,0.5,0.4,0.5,0.5,0.4,0.4,0.4,0.3,0.4,0.4,0.4,0.5,0.4,0.4,0.4,0.4,0.4,0.3,0.2
Risk of impoverishing expenditure for surgical care (% of people at risk),SH.SGR.IRSK.ZS,Germany,DEU,..,0,0,0,0,0,0,0,0,0,0,0,0,0,0,0,0,0,0,0
Risk of impoverishing expenditure for surgical care (% of people at risk),SH.SGR.IRSK.ZS,Japan,JPN,..,0.1,0.1,0.1,0.1,0.1,0.2,..,0.1,0.1,0.2,0.1,0.1,0.1,0.1,0.1,0.1,0.1,0.1,0.1
Risk of impoverishing expenditure for surgical care (% of people at risk),SH.SGR.IRSK.ZS,Norway,NOR,..,0,0,0,0,0,0,0,0,0,0,0,0,0,0,0,0,0,0,0
Risk of impoverishing expenditure for surgical care (% of people at risk),SH.SGR.IRSK.ZS,Australia,AUS,..,0.1,0.1,0.1,..,..,0.2,0,0.1,0.1,0.1,0.1,0.1,0.1,0.1,0.1,0.1,0,0.1,0.1
Risk of impoverishing expenditure for surgical care (% of people at risk),SH.SGR.IRSK.ZS,"Korea, Rep.",KOR,..,..,..,..,0.2,..,0.2,0.1,0.1,0.1,0.1,0.1,0.1,0.1,0.1,0.1,0.1,0.1,0.1,0.1
Risk of impoverishing expenditure for surgical care (% of people at risk),SH.SGR.IRSK.ZS,Canada,CAN,..,0.1,0.1,0.1,0.1,0.1,0.1,0.1,0.1,0,0.1,0.1,0.1,0.1,0,0,0,0,0.1,0
Risk of impoverishing expenditure for surgical care (% of people at risk),SH.SGR.IRSK.ZS,United Kingdom,GBR,..,0.1,0.1,0.1,0.1,0,0.1,0.1,0,0,0,0,0,0,0,0,0,0,0,0
Risk of impoverishing expenditure for surgical care (% of people at risk),SH.SGR.IRSK.ZS,Switzerland,CHE,..,0,0,0,0.1,0.1,0.1,0,0,0,0,0,0,0,0,0,0.1,0,0,0
Risk of impoverishing expenditure for surgical care (% of people at risk),SH.SGR.IRSK.ZS,Italy,ITA,..,0.2,0.1,0.1,0.1,0.1,0.1,0.1,0.1,0.2,0.2,0.2,0.2,0.2,0.2,0.2,0.2,0.2,0.2,0.2
Risk of impoverishing expenditure for surgical care (% of people at risk),SH.SGR.IRSK.ZS,Sweden,SWE,..,0,0,0,0,0,0,0,0,0,0,0,0,0,0,0,0,0,0,0
Risk of impoverishing expenditure for surgical care (% of people at risk),SH.SGR.IRSK.ZS,Brazil,BRA,..,27.5,27.2,26.8,25.6,23.5,21.3,20.4,22.4,18.4,18.2,17.1,16.8,16.8,18.9,18.7,19,18.3,13.9,18.3
Risk of impoverishing expenditure for surgical care (% of people at risk),SH.SGR.IRSK.ZS,India,IND,..,88.5,86.8,85.4,83.9,82.2,80.6,77.4,75.6,71.4,69.2,66.4,63.1,59.4,55.4,52.4,48.4,46.3,49.6,43.9
Risk of impoverishing expenditure for surgical care (% of people at risk),SH.SGR.IRSK.ZS,South Africa,ZAF,..,..,..,37.6,36.7,..,33.2,28.5,32.6,32.1,31.8,31.8,32.4,32.4,25.3,25.1,24.8,34.3,33.1,32.3
Risk of impoverishing expenditure for surgical care (% of people at risk),SH.SGR.IRSK.ZS,Mexico,MEX,..,11.7,13.1,12.7,11.4,12.3,12.2,11,9.9,9.5,11,7.7,10.8,10.6,9.6,14,8.5,8.5,8.4,7.7
Risk of impoverishing expenditure for surgical care (% of people at risk),SH.SGR.IRSK.ZS,Indonesia,IDN,..,44.4,43.5,42.6,41.9,41.8,39.4,37.7,37.9,38.8,36.9,35.4,33,31.9,29,26.9,25.1,22.6,23.6,23.3
Risk of impoverishing expenditure for surgical care (% of people at risk),SH.SGR.IRSK.ZS,Philippines,PHL,..,51.1,50,48.9,48.4,47.7,47.1,46,45.3,44.4,42.8,41.3,39.2,36,34.2,32.9,29,30.3,33.2,28.1
Risk of impoverishing expenditure for surgical care (% of people at risk),SH.SGR.IRSK.ZS,"Egypt, Arab Rep.",EGY,..,46,45.3,45.3,40.1,40.6,37.7,36.4,33.6,31.6,27.3,28.7,30.1,29.5,28.2,26.5,27.3,27.7,25.2,23.7
Risk of impoverishing expenditure for surgical care (% of people at risk),SH.SGR.IRSK.ZS,Colombia,COL,..,29,30.9,28.6,33.5,32.6,28.2,27.1,26.4,24.4,22.5,21.9,21.3,19.1,18.8,17.5,18.1,18.7,22.3,17.8
Risk of impoverishing expenditure for surgical care (% of people at risk),SH.SGR.IRSK.ZS,Argentina,ARG,..,23.4,19.3,17.4,14.6,13.1,10.8,10.6,9.2,7.4,6.5,6,7,7,7.3,6.1,6.8,8.8,9.9,8.6
Risk of impoverishing expenditure for surgical care (% of people at risk),SH.SGR.IRSK.ZS,Viet Nam,VNM,..,..,..,..,..,..,..,..,..,..,..,..,..,..,..,..,..,..,..,..
Risk of impoverishing expenditure for surgical care (% of people at risk),SH.SGR.IRSK.ZS,Morocco,MAR,..,..,..,38.8,39.1,36.9,33,31.8,32.4,30.8,29.7,27.6,26.8,27.9,27.6,25.2,24.7,24.3,27.8,25.9
Risk of impoverishing expenditure for surgical care (% of people at risk),SH.SGR.IRSK.ZS,Nigeria,NGA,..,..,..,..,..,..,..,..,..,..,..,..,..,..,..,..,..,..,..,..
Risk of impoverishing expenditure for surgical care (% of people at risk),SH.SGR.IRSK.ZS,Ethiopia,ETH,..,78.2,75.8,..,70.3,70.3,69,65.3,61.2,..,..,51.4,49.1,45.1,44.5,41.4,41.4,..,..,29.1
Risk of impoverishing expenditure for surgical care (% of people at risk),SH.SGR.IRSK.ZS,Haiti,HTI,..,..,52.1,53.5,52.8,..,..,..,..,51.3,51.7,50.5,50.8,49.6,47.8,47,45.3,46.4,49.5,49.5
Risk of impoverishing expenditure for surgical care (% of people at risk),SH.SGR.IRSK.ZS,Afghanistan,AFG,..,..,..,..,..,..,..,..,..,..,..,..,..,..,..,..,..,..,..,..
Risk of impoverishing expenditure for surgical care (% of people at risk),SH.SGR.IRSK.ZS,Bangladesh,BGD,..,98.5,97,96.1,95.5,93.7,93,92.6,92.2,90.6,89.3,87.9,87,85.2,84.3,82,77.9,75.9,75,71.2
Risk of impoverishing expenditure for surgical care (% of people at risk),SH.SGR.IRSK.ZS,Uganda,UGA,..,96.5,96.3,97.1,96.9,96.8,95.5,92.5,92.1,91.2,91.4,92.3,92.3,..,90.3,91.1,89.6,88.8,89.2,88.9
Risk of impoverishing expenditure for surgical care (% of people at risk),SH.SGR.IRSK.ZS,Nepal,NPL,..,96.5,96.2,96.2,..,95.2,95.1,94.1,97,97,96.5,96.2,..,95.2,94.4,94.5,93.3,91.3,90.6,88.6
Risk of impoverishing expenditure for surgical care (% of people at risk),SH.SGR.IRSK.ZS,Mozambique,MOZ,..,..,..,..,..,..,..,..,..,..,..,..,..,..,..,..,..,..,..,..
Risk of impoverishing expenditure for surgical care (% of people at risk),SH.SGR.IRSK.ZS,Sudan,SDN,..,66.9,65.2,59.1,..,..,..,54.9,52.8,65.7,69.5,68.8,64.1,63.2,62.8,64,66.6,68.5,71,72.9
Risk of impoverishing expenditure for surgical care (% of people at risk),SH.SGR.IRSK.ZS,Madagascar,MDG,..,97.4,96.5,97,95.3,95.6,95.2,95.8,96.3,97.3,96.3,95.8,96.4,96.3,96.1,..,..,..,..,..
Risk of impoverishing expenditure for surgical care (% of people at risk),SH.SGR.IRSK.ZS,Rwanda,RWA,..,..,..,93.1,91.8,90.3,92,90.3,88.3,86.6,85.5,85.6,84.4,80.7,81.1,82.3,79.5,79.6,79.9,78.5
Capital health expenditure (% of GDP),SH.XPD.KHEX.GD.ZS,United States,USA,0.63534105,0.64340693,0.64132005,0.65351146,0.66472423,0.71600777,0.75824261,0.70349532,0.68444699,0.6998437,0.706173,0.69121373,0.64682055,0.64115965,0.63442624,0.66585016,0.66294718,0.64316523,0.63545704,0.62429416
Capital health expenditure (% of GDP),SH.XPD.KHEX.GD.ZS,Germany,DEU,..,..,..,..,..,..,..,..,..,..,..,..,..,..,..,..,..,..,..,..
Capital health expenditure (% of GDP),SH.XPD.KHEX.GD.ZS,Japan,JPN,..,..,..,..,..,..,..,..,..,..,..,..,..,..,..,..,..,..,..,..
Capital health expenditure (% of GDP),SH.XPD.KHEX.GD.ZS,Norway,NOR,..,..,..,..,..,..,..,..,..,..,..,..,..,..,..,..,..,..,..,..
Capital health expenditure (% of GDP),SH.XPD.KHEX.GD.ZS,Australia,AUS,0.49539164,0.41787812,..,..,..,..,..,..,..,..,..,..,..,..,..,..,..,..,..,..
Capital health expenditure (% of GDP),SH.XPD.KHEX.GD.ZS,"Korea, Rep.",KOR,..,..,..,..,..,..,..,..,..,..,..,..,..,..,..,..,..,..,..,..
Capital health expenditure (% of GDP),SH.XPD.KHEX.GD.ZS,Canada,CAN,0.41326061,0.44643751,0.41250724,0.4640432,0.48383656,0.61307919,0.47915494,0.54793304,0.58610934,0.55770832,0.55659932,0.48322913,0.43591252,0.45552984,0.42353997,0.38220248,0.38157806,0.38803828,0.48073846,0.47270992
Capital health expenditure (% of GDP),SH.XPD.KHEX.GD.ZS,United Kingdom,GBR,..,..,..,..,..,..,..,..,..,..,..,..,..,..,..,..,..,..,..,..
Capital health expenditure (% of GDP),SH.XPD.KHEX.GD.ZS,Switzerland,CHE,..,..,..,..,..,..,..,..,..,..,..,..,..,..,..,..,..,..,..,..
Capital health expenditure (% of GDP),SH.XPD.KHEX.GD.ZS,Italy,ITA,..,..,..,..,..,..,..,..,..,..,..,..,..,..,..,..,..,..,..,..
Capital health expenditure (% of GDP),SH.XPD.KHEX.GD.ZS,Sweden,SWE,..,..,..,..,..,..,..,..,..,..,..,..,..,..,..,..,..,..,..,..
Capital health expenditure (% of GDP),SH.XPD.KHEX.GD.ZS,Brazil,BRA,0.71736205,0.53237838,0.63670027,0.7050637,0.74211955,0.78216702,0.84121084,0.82504284,0.30873579,0.26323113,0.30566424,0.28242829,0.37300876,0.2895411,0.31721717,0.25351468,0.33637446,0.292492,0.20817091,..
Capital health expenditure (% of GDP),SH.XPD.KHEX.GD.ZS,India,IND,0.13,0.13,0.14,0.16,0.18,0.18,0.17,0.17,0.18,0.19,0.2,0.28,0.26,0.24,0.27,0.38,0.3,0.31,0.38,..
Capital health expenditure (% of GDP),SH.XPD.KHEX.GD.ZS,South Africa,ZAF,0.11919755,0.10496657,0.14214234,0.14211689,0.17989676,0.19451307,0.19382331,0.20664749,0.21349947,0.19763726,0.22146522,0.19060354,0.18391097,0.22423856,0.19796313,..,..,..,..,..
Capital health expenditure (% of GDP),SH.XPD.KHEX.GD.ZS,Mexico,MEX,0.03862351,0.07476646,0.06094366,0.12093282,0.11649629,0.09540497,0.12782037,0.22113964,0.19516744,0.11883424,0.10542289,0.08809453,0.09332759,0.07663223,0.08285465,0.07024644,0.0847646,0.06373075,0.13258837,0.07945221
Capital health expenditure (% of GDP),SH.XPD.KHEX.GD.ZS,Indonesia,IDN,0.2422429,0.44289514,0.39647394,0.19221886,0.74896973,1.14058006,1.5462302,0.35963088,0.09928947,0.10745579,0.11114662,0.14210127,0.10707583,0.18466647,0.19835542,0.21494839,0.19273698,..,..,..
Capital health expenditure (% of GDP),SH.XPD.KHEX.GD.ZS,Philippines,PHL,0.02,0.02,0.01,0.01,0.01,0.02,0.02,0.05,0.06,0.08,0.08,0.09,0.32,0.46,0.49,0.51,0.69,0.43,0.49,0.41
Capital health expenditure (% of GDP),SH.XPD.KHEX.GD.ZS,"Egypt, Arab Rep.",EGY,..,..,..,..,..,..,..,..,..,..,0.15959068,..,..,0.36649528,..,..,..,..,..,..
Capital health expenditure (% of GDP),SH.XPD.KHEX.GD.ZS,Colombia,COL,0.37137103,0.35201803,0.27152318,0.34671679,0.3804234,0.51886499,0.59454489,0.6234324,0.61439013,0.69476384,0.82817262,0.82266265,0.86036724,..,0,..,..,..,..,..
Capital health expenditure (% of GDP),SH.XPD.KHEX.GD.ZS,Argentina,ARG,0.00289711,0.01465814,0.02900673,0.01975768,0.01338378,0.01735669,0.02163509,0.03708528,0.02510831,0.02983253,0.02435402,0.03883833,0.03190604,0.0230072,0.03173462,0.00970424,..,..,..,..
Capital health expenditure (% of GDP),SH.XPD.KHEX.GD.ZS,Viet Nam,VNM,0.5587303,0.56116164,0.30075097,0.37509292,0.36237499,0.30447447,0.41245189,0.68118453,0.42887169,0.37555271,0.34329298,0.33090794,0.38257921,0.38223347,0.22285002,0.31951338,0.26139918,..,0.30409127,0.21260828
Capital health expenditure (% of GDP),SH.XPD.KHEX.GD.ZS,Morocco,MAR,0.1079875,0.10862634,0.11009463,0.11335745,0.11172808,0.12985753,0.14641024,0.17493439,0.20821311,0.179268,0.15606132,0.1325452,0.14458977,0.14608777,..,..,0.15236016,..,..,..
Capital health expenditure (% of GDP),SH.XPD.KHEX.GD.ZS,Nigeria,NGA,..,..,..,..,0.14318086,0.12165571,0.11850548,0.12064154,0.22609136,0.33519816,0.17587431,0.24704845,0.1349608,0.03564165,0.18983622,0.13156208,0.26808563,0.13456421,0.17311247,0.17309357
Capital health expenditure (% of GDP),SH.XPD.KHEX.GD.ZS,Ethiopia,ETH,..,..,..,..,..,..,..,..,..,..,..,..,0.48604342,..,..,0.33443406,..,..,0.2887629,..
Capital health expenditure (% of GDP),SH.XPD.KHEX.GD.ZS,Haiti,HTI,0.33781499,0.28528404,0.206522,0.16828193,0.23569308,0.12522562,0.14181395,0.12867291,0.18602778,0.34077534,0.31309444,0.49068323,0.20958008,0.22267249,0.16662404,0.09705564,0.09930997,0.15208527,0.4495289,..
Capital health expenditure (% of GDP),SH.XPD.KHEX.GD.ZS,Afghanistan,AFG,0.28302228,0.57128608,0.07789336,0.12873553,0.36553812,0.75308651,0.185379,0.07316807,0.17126994,0.10517059,0.13647778,0.18895136,0.164755,0.21357547,..,0.28592768,0.3672294,0.31406656,0.41934216,0.53925675
Capital health expenditure (% of GDP),SH.XPD.KHEX.GD.ZS,Bangladesh,BGD,0.20895284,0.10515158,0.17075062,0.18209353,0.24639018,0.19311346,0.27035642,0.25321814,0.26517209,0.24826254,0.18167762,0.15885867,0.13653828,0.15371795,0.06978054,0.02475028,..,..,..,..
Capital health expenditure (% of GDP),SH.XPD.KHEX.GD.ZS,Uganda,UGA,..,..,..,..,..,..,..,..,..,0.12681176,0.39376155,0.09425746,0.11568817,0.13328831,0.12898347,0.12382711,0.10588693,0.15759133,..,..
Capital health expenditure (% of GDP),SH.XPD.KHEX.GD.ZS,Nepal,NPL,0.58,0.54,0.96,0.95,1.12,0.67,0.87,0.76,0.25,0.3,0.29,0.4,0.27,0.27,0.37,0.47,0.36,0.32,0.54,0.72
Capital health expenditure (% of GDP),SH.XPD.KHEX.GD.ZS,Mozambique,MOZ,..,..,..,..,..,..,..,..,..,..,..,..,..,0.51809144,..,..,..,0.63825524,0.80074435,0.55011779
Capital health expenditure (% of GDP),SH.XPD.KHEX.GD.ZS,Sudan,SDN,..,..,..,..,..,..,..,..,..,..,..,0.15128219,..,0.31555614,..,..,0.17232621,..,..,..
Capital health expenditure (% of GDP),SH.XPD.KHEX.GD.ZS,Madagascar,MDG,..,..,..,..,..,..,..,..,..,..,0.08738706,0.0291343,..,..,..,..,..,0.15605848,0.68940175,0.4024353
Capital health expenditure (% of GDP),SH.XPD.KHEX.GD.ZS,Rwanda,RWA,..,0.27765724,..,..,0.64604503,..,..,..,..,..,..,..,..,..,..,..,..,..,..,..
Proportion of population spending more than 10% of household consumption or income on out-of-pocket health care expenditure (%),SH.UHC.OOPC.10.ZS,United States,USA,6.32,5.79,5.58,5.67,5.42,..,4.56,4.7,..,4.72,4.99,4.77,4.9,4.4,4.47,4.5,4.51,4.35,3.98,4.61
Proportion of population spending more than 10% of household consumption or income on out-of-pocket health care expenditure (%),SH.UHC.OOPC.10.ZS,Germany,DEU,..,..,..,..,..,..,..,..,1.53,..,..,..,..,..,..,..,..,..,..,..
Proportion of population spending more than 10% of household consumption or income on out-of-pocket health care expenditure (%),SH.UHC.OOPC.10.ZS,Japan,JPN,..,..,..,..,..,..,..,..,9.1,9.2,9.3,9.1,9.1,9.2,9.4,9.6,9.7,10.5,10.9,11.1
Proportion of population spending more than 10% of household consumption or income on out-of-pocket health care expenditure (%),SH.UHC.OOPC.10.ZS,Norway,NOR,..,..,..,..,..,..,..,..,..,..,..,..,..,..,..,..,..,..,..,..
Proportion of population spending more than 10% of household consumption or income on out-of-pocket health care expenditure (%),SH.UHC.OOPC.10.ZS,Australia,AUS,..,..,..,..,..,..,..,2.33,..,..,..,..,..,2.47,..,..,..,..,..,..
Proportion of population spending more than 10% of household consumption or income on out-of-pocket health care expenditure (%),SH.UHC.OOPC.10.ZS,"Korea, Rep.",KOR,..,8.33,8.25,9.59,10.78,11.83,11.1,12.11,12.7,12.28,12.34,12.31,12.85,13.51,13.95,13.21,11.96,..,..,..
Proportion of population spending more than 10% of household consumption or income on out-of-pocket health care expenditure (%),SH.UHC.OOPC.10.ZS,Canada,CAN,3,3.3,3.2,3.7,4,4,4.3,4.4,..,..,..,..,3.5,3.3,3.4,3.8,..,3.5,..,..
Proportion of population spending more than 10% of household consumption or income on out-of-pocket health care expenditure (%),SH.UHC.OOPC.10.ZS,United Kingdom,GBR,..,..,..,2.03,..,..,..,..,1.73,..,..,1.64,2.03,..,2.09,2.2,2.27,2.22,2.36,..
Proportion of population spending more than 10% of household consumption or income on out-of-pocket health care expenditure (%),SH.UHC.OOPC.10.ZS,Switzerland,CHE,..,..,..,..,9.11,10.36,6.9,9.05,8.15,9.19,9.39,7.5,8.7,7.95,7.15,7.9,..,..,..,..
Proportion of population spending more than 10% of household consumption or income on out-of-pocket health care expenditure (%),SH.UHC.OOPC.10.ZS,Italy,ITA,..,..,..,..,..,..,..,..,9.29,..,..,..,..,..,..,..,..,..,..,..
Proportion of population spending more than 10% of household consumption or income on out-of-pocket health care expenditure (%),SH.UHC.OOPC.10.ZS,Sweden,SWE,..,..,..,..,..,..,..,..,..,..,..,..,..,..,..,..,..,..,..,..
Proportion of population spending more than 10% of household consumption or income on out-of-pocket health care expenditure (%),SH.UHC.OOPC.10.ZS,Brazil,BRA,..,..,..,..,..,..,15.07,..,..,..,..,..,..,..,..,11.81,..,..,..,..
Proportion of population spending more than 10% of household consumption or income on out-of-pocket health care expenditure (%),SH.UHC.OOPC.10.ZS,India,IND,..,15.41,..,..,16.84,12.98,..,13.97,..,17.91,..,..,..,..,..,17.46,..,..,..,..
Proportion of population spending more than 10% of household consumption or income on out-of-pocket health care expenditure (%),SH.UHC.OOPC.10.ZS,South Africa,ZAF,..,..,..,1.75,..,..,2.93,..,..,..,..,..,1.03,..,..,..,..,..,..,..
Proportion of population spending more than 10% of household consumption or income on out-of-pocket health care expenditure (%),SH.UHC.OOPC.10.ZS,Mexico,MEX,..,..,..,..,..,..,3.58,..,2.88,..,2.52,..,2.62,..,1.54,..,2.51,..,4.44,..
Proportion of population spending more than 10% of household consumption or income on out-of-pocket health care expenditure (%),SH.UHC.OOPC.10.ZS,Indonesia,IDN,2.29,..,2.06,2.14,1.82,2.54,..,3.5,3.45,3.87,3.45,3.74,4.38,3.61,4.31,4.52,4.74,2.53,2.23,1.97
Proportion of population spending more than 10% of household consumption or income on out-of-pocket health care expenditure (%),SH.UHC.OOPC.10.ZS,Philippines,PHL,..,2.94,..,..,4.39,..,..,4.5,..,..,6.13,..,..,6.31,..,..,..,..,..,..
Proportion of population spending more than 10% of household consumption or income on out-of-pocket health care expenditure (%),SH.UHC.OOPC.10.ZS,"Egypt, Arab Rep.",EGY,..,..,..,..,..,..,12.57,..,..,..,26.2,..,..,31.22,..,31.14,..,..,..,..
Proportion of population spending more than 10% of household consumption or income on out-of-pocket health care expenditure (%),SH.UHC.OOPC.10.ZS,Colombia,COL,..,..,..,..,..,..,20.01,..,..,..,..,..,..,..,8.19,..,..,..,..,..
Proportion of population spending more than 10% of household consumption or income on out-of-pocket health care expenditure (%),SH.UHC.OOPC.10.ZS,Argentina,ARG,..,..,16.9,..,..,..,..,..,..,..,..,..,..,..,..,9.57,..,..,..,..
Proportion of population spending more than 10% of household consumption or income on out-of-pocket health care expenditure (%),SH.UHC.OOPC.10.ZS,Viet Nam,VNM,12.72,..,15.91,..,14.41,..,14.55,..,11.32,..,9.14,..,9.82,..,9.39,..,10.03,..,8.46,..
Proportion of population spending more than 10% of household consumption or income on out-of-pocket health care expenditure (%),SH.UHC.OOPC.10.ZS,Morocco,MAR,..,..,..,..,22,..,..,..,..,..,..,13.4,..,..,..,..,..,8.2,..,..
Proportion of population spending more than 10% of household consumption or income on out-of-pocket health care expenditure (%),SH.UHC.OOPC.10.ZS,Nigeria,NGA,..,22.53,..,..,..,..,..,24.77,18.87,..,16.88,..,..,18.53,..,..,15.79,..,..,..
Proportion of population spending more than 10% of household consumption or income on out-of-pocket health care expenditure (%),SH.UHC.OOPC.10.ZS,Ethiopia,ETH,..,..,0.82,..,..,..,..,..,..,1.88,..,..,..,2.12,..,..,3.48,..,..,..
Proportion of population spending more than 10% of household consumption or income on out-of-pocket health care expenditure (%),SH.UHC.OOPC.10.ZS,Haiti,HTI,..,..,..,..,..,..,..,..,..,..,9.43,11.54,..,..,..,..,..,..,..,..
Proportion of population spending more than 10% of household consumption or income on out-of-pocket health care expenditure (%),SH.UHC.OOPC.10.ZS,Afghanistan,AFG,..,..,..,..,..,4.84,..,..,..,..,..,14.63,..,..,23.84,..,..,..,26.08,..
Proportion of population spending more than 10% of household consumption or income on out-of-pocket health care expenditure (%),SH.UHC.OOPC.10.ZS,Bangladesh,BGD,..,..,..,12.34,..,..,..,..,14.22,..,..,..,..,..,24.42,..,..,..,..,..
Proportion of population spending more than 10% of household consumption or income on out-of-pocket health care expenditure (%),SH.UHC.OOPC.10.ZS,Uganda,UGA,9.57,..,..,20.3,..,..,..,16.77,..,..,15.74,..,..,..,15.27,..,..,..,..,..
Proportion of population spending more than 10% of household consumption or income on out-of-pocket health care expenditure (%),SH.UHC.OOPC.10.ZS,Nepal,NPL,..,9.97,..,..,..,..,..,..,..,..,..,10.31,10.2,9.84,10.66,..,..,..,..,..
Proportion of population spending more than 10% of household consumption or income on out-of-pocket health care expenditure (%),SH.UHC.OOPC.10.ZS,Mozambique,MOZ,0.83,..,..,..,..,..,1.19,..,..,..,..,..,1.61,..,..,..,..,3.58,..,..
Proportion of population spending more than 10% of household consumption or income on out-of-pocket health care expenditure (%),SH.UHC.OOPC.10.ZS,Sudan,SDN,..,..,..,..,..,..,..,18.36,..,..,..,..,12.46,..,..,..,..,..,..,..
Proportion of population spending more than 10% of household consumption or income on out-of-pocket health care expenditure (%),SH.UHC.OOPC.10.ZS,Madagascar,MDG,..,..,..,0.21,..,..,..,..,1.64,..,2.87,..,..,..,..,..,..,..,..,..
Proportion of population spending more than 10% of household consumption or income on out-of-pocket health care expenditure (%),SH.UHC.OOPC.10.ZS,Rwanda,RWA,..,..,..,2.35,..,..,..,..,..,..,..,1.63,..,..,1.15,..,..,..,..,..
External health expenditure channeled through government (% of external health expenditure),SH.XPD.EHEX.EH.ZS,United States,USA,0,0,0,0,0,0,0,0,0,0,0,0,0,0,0,0,0,0,0,0
External health expenditure channeled through government (% of external health expenditure),SH.XPD.EHEX.EH.ZS,Germany,DEU,..,..,..,..,..,..,..,..,..,..,..,..,..,..,..,..,..,..,..,..
External health expenditure channeled through government (% of external health expenditure),SH.XPD.EHEX.EH.ZS,Japan,JPN,0,0,0,0,0,0,0,0,0,0,0,0,0,0,0,0,0,..,..,..
External health expenditure channeled through government (% of external health expenditure),SH.XPD.EHEX.EH.ZS,Norway,NOR,0,0,0,0,0,0,0,0,0,0,0,0,0,0,0,0,0,0,0,0
External health expenditure channeled through government (% of external health expenditure),SH.XPD.EHEX.EH.ZS,Australia,AUS,0,0,0,0,0,0,0,0,0,0,0,0,0,0,0,0,0,0,0,0
External health expenditure channeled through government (% of external health expenditure),SH.XPD.EHEX.EH.ZS,"Korea, Rep.",KOR,0,0,0,0,0,0,0,0,0,0,0,0,0,0,0,0,0,0,0,0
External health expenditure channeled through government (% of external health expenditure),SH.XPD.EHEX.EH.ZS,Canada,CAN,0,0,0,0,0,0,0,0,0,0,0,0,0,0,0,0,0,0,0,0
External health expenditure channeled through government (% of external health expenditure),SH.XPD.EHEX.EH.ZS,United Kingdom,GBR,0,0,0,0,0,0,0,0,0,0,0,0,0,0,0,0,0,0,0,0
External health expenditure channeled through government (% of external health expenditure),SH.XPD.EHEX.EH.ZS,Switzerland,CHE,0,0,0,0,0,0,0,0,0,0,0,0,0,0,0,0,0,0,0,0
External health expenditure channeled through government (% of external health expenditure),SH.XPD.EHEX.EH.ZS,Italy,ITA,..,..,..,..,..,..,..,..,..,..,..,..,..,..,..,..,..,..,..,..
External health expenditure channeled through government (% of external health expenditure),SH.XPD.EHEX.EH.ZS,Sweden,SWE,..,..,..,..,..,..,..,..,..,..,..,..,..,..,..,..,..,..,..,..
External health expenditure channeled through government (% of external health expenditure),SH.XPD.EHEX.EH.ZS,Brazil,BRA,0,0,0,0.507414612934567,2.39241950289049,4.16872838685114,4.13816885160496,2.45233860571548,0.886854256159734,3.51550711142066,15.8339433913501,92.6691405333778,86.7416768211133,93.9465110935506,51.6998954602337,88.9918902070208,95.4125266920504,92.4814536640776,58.3042916681682,81.4545925391284
External health expenditure channeled through government (% of external health expenditure),SH.XPD.EHEX.EH.ZS,India,IND,84.2222980401077,84.2205652852436,84.2646853634715,84.2650006993333,84.2655001562291,84.2646670937111,84.2662632375189,84.7097195042401,78.6520490311097,76.7634181936112,68.7806441275437,50.8085779574618,49.1211429587693,47.4862395732849,46.2113990236011,35.7899725786249,40.5188660331208,45.269084084993,61.5916635927702,80.9240501119936
External health expenditure channeled through government (% of external health expenditure),SH.XPD.EHEX.EH.ZS,South Africa,ZAF,0,0,0,0,0,0,0,0,0,0,0,0,0,0,0,0,0,0,0,0
External health expenditure channeled through government (% of external health expenditure),SH.XPD.EHEX.EH.ZS,Mexico,MEX,..,..,..,..,..,..,..,..,..,..,..,..,..,..,..,..,..,..,..,..
External health expenditure channeled through government (% of external health expenditure),SH.XPD.EHEX.EH.ZS,Indonesia,IDN,11.5071804505477,1.3286447716271,6.9812152355496,15.4644968991569,22.9292476650348,33.5870319588097,62.5260000308651,65.3481460076856,73.879932152395,54.421203898693,49.0569077026763,33.5513311021508,31.7233353027579,53.0650564201301,58.4244123468821,75.4726625166283,73.5078865593241,82.1053966294235,72.5266799532236,96.7396807500422
External health expenditure channeled through government (% of external health expenditure),SH.XPD.EHEX.EH.ZS,Philippines,PHL,..,..,..,..,..,..,..,..,..,..,..,..,..,..,..,..,..,..,..,..
External health expenditure channeled through government (% of external health expenditure),SH.XPD.EHEX.EH.ZS,"Egypt, Arab Rep.",EGY,..,1.52284263959391,20.4545454545455,14.327485380117,21.501014198783,48.6263736263736,62.6970227670753,62.9533678756477,64.792899408284,61.4958448753463,73.0639730639731,44.9664429530201,96.3114754098361,..,85.0295845802356,41.5584415584416,87.2375880291926,90.2550503537721,84.5117363355273,67.2946502333704
External health expenditure channeled through government (% of external health expenditure),SH.XPD.EHEX.EH.ZS,Colombia,COL,0.0480163002566516,0.870269431983111,1.09484476747353,1.13247014149958,0.623812240979635,1.19929544964408,1.59672097391859,20.5149012614886,5.26230398685387,11.7381389721725,11.3698779685627,..,..,..,..,..,..,..,..,..
External health expenditure channeled through government (% of external health expenditure),SH.XPD.EHEX.EH.ZS,Argentina,ARG,0.196721182511452,6.02857234386947,0.362685363487791,1.90648542957826,0.692490669286637,9.65645130316311,0.205157137351399,8.10952417087294,11.2597822482415,12.028898180087,17.8260908040988,99.0738748763183,66.4816302765479,99.6866070116261,98.5130382907747,99.337793264249,98.5029112324986,97.373662265948,96.8870582669801,99.55212923472
External health expenditure channeled through government (% of external health expenditure),SH.XPD.EHEX.EH.ZS,Viet Nam,VNM,37.9510966132224,34.6495789844159,35.1035827254785,40.9524492884153,37.21175201085,42.1947485722984,64.3829722491702,54.9682347502774,67.4889644356532,57.7957846982485,59.3657741920511,70.241569984315,76.7806213317365,70.9459815659961,80.7157429428346,42.1292108312635,6.08659380250734,5.53199434247194,..,..
External health expenditure channeled through government (% of external health expenditure),SH.XPD.EHEX.EH.ZS,Morocco,MAR,28.9455208193677,22.6247381291092,19.1090240268696,43.3357064108308,88.8053639057655,45.8618554388667,34.1972910543571,0.603530287652182,69.2474996576726,79.8675268536312,46.7234125937925,99.8171155463978,25.7226333955128,14.7823881579702,48.1984675071343,73.9362151038979,..,85.7789791793219,94.8758288904646,93.5840479720488
External health expenditure channeled through government (% of external health expenditure),SH.XPD.EHEX.EH.ZS,Nigeria,NGA,53.7700300571038,70.8794315129318,70.8205861382792,65.4207269005166,63.4791606036069,63.5421209664737,62.475406395883,62.2032354384471,59.2253217884496,51.4017443020133,74.9590931690145,50.0420235429286,55.6553087616016,27.7798039451584,26.0577281679505,3.86677437012692,1.77135362870106,16.0051029507385,19.9063472107851,8.2926994067763
External health expenditure channeled through government (% of external health expenditure),SH.XPD.EHEX.EH.ZS,Ethiopia,ETH,21.9182021582462,19.6753477435753,39.3148125119038,18.4582578130779,39.196490299793,45.5401282765147,58.5722468590372,62.240381783853,59.547920291209,60.095278881183,61.9163642073878,52.9728099668331,27.3426480649662,66.1658465806417,80.9698672023388,55.8726918218432,57.3627028496898,58.7026589970277,41.1144869256975,55.9215258599187
External health expenditure channeled through government (% of external health expenditure),SH.XPD.EHEX.EH.ZS,Haiti,HTI,1.95171187813262,0.802905930082944,1.24516697430935,1.0931885566754,32.4267798793934,2.41316201101572,1.85432124009444,1.40853023971153,0.509239197539896,13.5536918165606,3.84856168449556,4.3010110526461,1.84605954892454,5.0862205353188,2.29983301042581,13.6552263980141,12.1163275322478,15.3521623889101,28.2977923880389,53.253755895104
External health expenditure channeled through government (% of external health expenditure),SH.XPD.EHEX.EH.ZS,Afghanistan,AFG,..,..,..,19.4901388826165,30.8721890306242,31.2503309547879,53.4171682274966,21.4300126019954,33.4849008073112,29.5036940055998,21.3142821019467,28.994202746122,34.3493967841629,48.5921151844655,35.4523075959581,30.1926773094247,29.6870446105519,26.1819037121789,31.0469960505885,9.37112860748943
External health expenditure channeled through government (% of external health expenditure),SH.XPD.EHEX.EH.ZS,Bangladesh,BGD,..,..,..,..,..,..,..,..,..,..,..,..,..,..,..,..,..,..,..,48.1305315283943
External health expenditure channeled through government (% of external health expenditure),SH.XPD.EHEX.EH.ZS,Uganda,UGA,10.5081637230753,16.7148809313568,9.9938486992202,25.9444164698705,25.5402113303476,29.0939572034336,54.3629957642085,28.4948602220509,32.2946674910643,27.3765271834178,22.2751537524273,25.3363022404719,26.1256549656916,8.87686134474155,0.00939912669858612,0.106391677695977,0.0896128749250666,0.0666017138632048,32.6200673054715,55.0053347948531
External health expenditure channeled through government (% of external health expenditure),SH.XPD.EHEX.EH.ZS,Nepal,NPL,41.961486789073,46.1507128309572,42.2278561242275,33.1694162436548,39.4178376828219,59.3520220588235,56.1253561253561,61.8037518037518,52.5726797226615,49.7717508055854,48.5894301297724,53.5827284571003,39.6745771432246,35.8208171410566,26.5789155899046,18.3258928571429,12.8516141212007,9.1291791081306,12.1501450903304,52.0359078590786
External health expenditure channeled through government (% of external health expenditure),SH.XPD.EHEX.EH.ZS,Mozambique,MOZ,10.4251403180024,11.4749177330586,7.24991845985669,17.2192016732106,10.7670879070946,32.8537995296107,62.9600282029063,62.8536422766618,55.9529962869916,65.5970383408758,34.6369634989652,45.6668005395547,45.0466409056739,44.0896621383362,58.8767729745683,63.0019158959346,59.9678934216767,52.0314208327693,37.6486773475326,60.2154969303641
External health expenditure channeled through government (% of external health expenditure),SH.XPD.EHEX.EH.ZS,Sudan,SDN,..,..,12.5,3.19148936170213,5.5045871559633,12.6373626373626,8.24175824175824,9.55414012738854,12.2605363984674,9.03225806451613,11.7967332123412,7.48175182481752,7.79220779220779,13.3764810013324,9.71009947102895,6.52186837944657,..,37.9294050636576,..,17.0837829480782
External health expenditure channeled through government (% of external health expenditure),SH.XPD.EHEX.EH.ZS,Madagascar,MDG,15.5820360148564,24.3285073428986,16.0535855289419,27.018530826984,28.5312208643814,38.2387828304803,66.415191097201,59.1670161425846,33.7890491956544,12.845004060571,18.5970135569269,20.403127771603,16.1600541081928,28.8045496190769,24.9729747856658,29.6539910107985,24.9257068354827,34.1402897810956,41.9560261157683,65.4812185779659
External health expenditure channeled through government (% of external health expenditure),SH.XPD.EHEX.EH.ZS,Rwanda,RWA,37.648414954942,7.71127968227241,32.1550165954442,45.1656667175682,51.5538586776992,56.5293830817037,59.5505777528258,62.9360582835608,64.7600106322843,62.1694678393509,62.1539007198601,72.7550148358803,53.2491061304865,64.1468116616877,64.2078542755091,66.6496476552674,65.6920318241336,62.9051941223085,48.1726228390348,63.6316774020632
External health expenditure (% of current health expenditure),SH.XPD.EHEX.CH.ZS,United States,USA,0,0,0,0,0,0,0,0,0,0,0,0,0,0,0,0,0,0,0,0
External health expenditure (% of current health expenditure),SH.XPD.EHEX.CH.ZS,Germany,DEU,..,..,..,..,..,..,..,..,..,..,..,..,..,..,..,..,..,..,..,..
External health expenditure (% of current health expenditure),SH.XPD.EHEX.CH.ZS,Japan,JPN,0,0,0,0,0,0,0,0,0,0,0,0,0,0,0,0,0,0,0,0
External health expenditure (% of current health expenditure),SH.XPD.EHEX.CH.ZS,Norway,NOR,0,0,0,0,0,0,0.05,0.05,0.05,0,0,0,0,0,0,0,0,0,0,0
External health expenditure (% of current health expenditure),SH.XPD.EHEX.CH.ZS,Australia,AUS,0,0,0,0,0,0,0,0,0,0,0,0,0,0,0,0,0,0,0,0
External health expenditure (% of current health expenditure),SH.XPD.EHEX.CH.ZS,"Korea, Rep.",KOR,0,0,0,0,0,0,0,0,0,0,0,0,0,0,0,0,0,0,0,0
External health expenditure (% of current health expenditure),SH.XPD.EHEX.CH.ZS,Canada,CAN,0,0,0,0,0,0,0,0,0,0,0,0,0,0,0,0,0,0,0,0
External health expenditure (% of current health expenditure),SH.XPD.EHEX.CH.ZS,United Kingdom,GBR,0.00820465,0.00843537,0.00782835,0.0080137,0.00814128,0.00784392,0.00782031,0.00733529,0.00782608,0.00852416,0.00903562,0.00985875,0.00964439,0.0105976,0.01138824,0.01257493,0.01196724,0.01170372,0.01010248,0.01033909
External health expenditure (% of current health expenditure),SH.XPD.EHEX.CH.ZS,Switzerland,CHE,0,0,0,0,0,0,0,0,0,0,0,0,0,0,0,0,0,0,0,0
External health expenditure (% of current health expenditure),SH.XPD.EHEX.CH.ZS,Italy,ITA,..,..,..,..,..,..,..,..,..,..,..,..,..,..,..,..,..,..,..,..
External health expenditure (% of current health expenditure),SH.XPD.EHEX.CH.ZS,Sweden,SWE,..,..,..,..,..,..,..,..,..,..,..,..,..,..,..,..,..,..,..,..
External health expenditure (% of current health expenditure),SH.XPD.EHEX.CH.ZS,Brazil,BRA,0.31573328,0.1969112,0.53066915,0.06743981,0.10612676,0.08170771,0.05353876,0.14908519,0.24594215,0.33908296,0.12457065,0.06794302,0.13800363,0.08012588,0.07430713,0.06623575,0.08543605,0.14588514,0.14454988,0.13051093
External health expenditure (% of current health expenditure),SH.XPD.EHEX.CH.ZS,India,IND,2.45,1.52,2.23,1.53,1.44,1.51,1.87,1.02,0.97,0.87,0.94,0.27,0.75,0.71,0.64,0.59,0.46,0.56,0.65,2.21
External health expenditure (% of current health expenditure),SH.XPD.EHEX.CH.ZS,South Africa,ZAF,0.64211953,5.54679585,5.4504323,11.78583527,6.42910051,7.2983675,8.06448936,8.09347248,7.64232397,7.09629297,6.6337676,6.74055386,1.73175645,1.6734798,2.04399228,1.08640862,1.13700962,1.12308216,1.33259892,1.42218828
External health expenditure (% of current health expenditure),SH.XPD.EHEX.CH.ZS,Mexico,MEX,..,..,..,..,..,..,..,..,..,..,..,..,..,..,..,..,..,..,0.02066442,0.11266483
External health expenditure (% of current health expenditure),SH.XPD.EHEX.CH.ZS,Indonesia,IDN,1.36987221,1.25123096,1.92621684,1.62566638,1.35958803,1.65610123,1.17098391,1.61047709,0.85548997,0.95352107,0.96095127,1.14404118,2.02952504,0.4901185,0.52739972,0.68619859,0.40497854,0.56584311,0.50208026,2.04382014
External health expenditure (% of current health expenditure),SH.XPD.EHEX.CH.ZS,Philippines,PHL,2.83,3.37,3.91,4.21,3.83,1.95,1.48,2.33,1.79,0.96,1.03,1.74,1.49,1.44,2.27,2.19,0.31,0.41,0.74,5.49
External health expenditure (% of current health expenditure),SH.XPD.EHEX.CH.ZS,"Egypt, Arab Rep.",EGY,..,0.85898668,1.06511736,1.22708189,1.56766725,2.09135318,1.35774577,1.60886967,0.64146358,0.57470351,0.37650833,0.16287425,1.36775744,0.2021538,1.01053631,0.31514263,0.65753311,1.03733182,1.12120557,0.63102561
External health expenditure (% of current health expenditure),SH.XPD.EHEX.CH.ZS,Colombia,COL,0.89307058,1.85925055,1.24544191,0.94987732,0.71090811,0.46726435,0.0604213,0.04857259,0.06274424,0.15312466,0.52656066,..,..,..,..,..,..,..,..,..
External health expenditure (% of current health expenditure),SH.XPD.EHEX.CH.ZS,Argentina,ARG,1.96734297,0.34346449,6.29007864,1.18307579,0.32621667,0.22942123,0.92570257,0.28787005,0.31598705,0.58026612,0.52099103,0.44593182,0.52839446,0.28386176,0.28183463,0.44271711,0.28029117,0.22744361,0.27920026,1.25958097
External health expenditure (% of current health expenditure),SH.XPD.EHEX.CH.ZS,Viet Nam,VNM,4.3623414,4.54324675,5.11276865,3.72654486,3.72516632,3.34360409,2.04960608,2.28239536,2.07970238,2.18726516,2.42122769,2.57226157,3.13825274,2.09400916,2.13210964,1.02458954,1.01655972,0.98078239,0.95702475,3.81894755
External health expenditure (% of current health expenditure),SH.XPD.EHEX.CH.ZS,Morocco,MAR,0.78767413,1.08487773,1.34776056,0.63327235,0.29296973,1.27529931,0.78664064,1.64205134,0.45711282,0.65455669,0.93984002,0.32120803,1.01806724,1.09044969,0.31129405,0.29096925,0.18119994,0.73660624,2.04626346,3.62300873
External health expenditure (% of current health expenditure),SH.XPD.EHEX.CH.ZS,Nigeria,NGA,7.30478525,5.7153182,6.2206955,5.44647121,5.40904903,5.90033722,6.06478882,6.21556139,6.25740099,7.85745382,8.41891193,12.44294357,12.27967644,9.91574001,10.3171196,7.59491062,7.16919279,11.74653053,9.58338356,7.86406326
External health expenditure (% of current health expenditure),SH.XPD.EHEX.CH.ZS,Ethiopia,ETH,12.69978905,14.1954155,29.63545799,22.24010468,32.3561554,33.34824371,46.76123047,33.59083939,34.44238663,37.52743149,27.94426346,23.27151108,23.43493462,18.26107597,20.23424911,35.35738373,36.14728546,34.14990616,34.44835281,28.30786896
External health expenditure (% of current health expenditure),SH.XPD.EHEX.CH.ZS,Haiti,HTI,34.86845779,34.37762833,33.40350342,33.01479721,45.22234726,34.89322662,35.82326126,35.12090683,46.15073395,64.68388367,60.74028778,48.3934021,54.94194794,50.87899399,49.43203354,33.95123672,40.86358643,42.25705719,30.56117821,35.01186371
External health expenditure (% of current health expenditure),SH.XPD.EHEX.CH.ZS,Afghanistan,AFG,13.73297024,6.65036392,9.9371376,15.71056557,18.48848534,16.17664719,18.47561455,21.8033886,15.52872467,21.13860512,21.17189598,22.91737556,21.98381996,16.44546318,18.94781876,19.42013359,19.73445702,19.83023643,16.13204002,19.34802628
External health expenditure (% of current health expenditure),SH.XPD.EHEX.CH.ZS,Bangladesh,BGD,9.99173546,9.66122818,10.01664925,9.45324707,8.1403017,8.05371952,8.34587193,9.39119339,8.98498154,8.60315228,9.1232996,9.00814438,8.34512901,7.78335238,6.1627984,6.05031443,5.8310504,5.56311464,5.40653753,7.63718414
External health expenditure (% of current health expenditure),SH.XPD.EHEX.CH.ZS,Uganda,UGA,24.13378525,18.63775635,30.71767807,31.9881134,29.25253105,27.04256248,28.45752525,41.49599457,45.13435364,50.18870926,46.01364136,37.431427,35.97454071,42.92503738,41.26190948,43.14041901,43.51276779,42.01983261,40.05800629,42.45602036
External health expenditure (% of current health expenditure),SH.XPD.EHEX.CH.ZS,Nepal,NPL,21.64,22.68,25.48,23.73,26.37,14.27,14.82,15.76,13.85,10.73,13.47,11.91,13.72,14.37,11.71,15.42,13.54,11.91,10.55,12.74
External health expenditure (% of current health expenditure),SH.XPD.EHEX.CH.ZS,Mozambique,MOZ,35.13338852,42.00235748,52.02708054,53.24565506,57.6572113,56.0282402,58.73655701,65.1905365,68.00089264,66.14413452,58.38664246,58.56697083,53.9694519,54.68386459,59.04349899,62.07133865,62.3315773,61.40115356,52.01459885,57.51488876
External health expenditure (% of current health expenditure),SH.XPD.EHEX.CH.ZS,Sudan,SDN,..,1.47526622,1.40056026,2.67882586,4.53977489,2.68199229,2.47652745,3.65839458,3.01768994,7.9209609,4.28994083,5.01028585,3.69378376,2.02046776,1.96161723,5.38007069,6.40590143,6.54384565,6.89716196,10.40927315
External health expenditure (% of current health expenditure),SH.XPD.EHEX.CH.ZS,Madagascar,MDG,19.77226067,10.05737686,21.5277462,23.25118256,24.34511757,16.2009716,20.07835007,24.72708511,15.7975378,26.11964035,19.1980896,20.29245567,24.95414925,28.20148087,26.06113815,22.92724419,29.83156395,38.18735504,45.6027298,40.45223236
External health expenditure (% of current health expenditure),SH.XPD.EHEX.CH.ZS,Rwanda,RWA,35.20578384,42.43741226,47.24222946,50.26538086,57.04694748,55.31784439,53.01771545,52.91990662,51.93137741,49.42181396,53.33390427,44.25626373,47.08756256,42.19313431,43.25985718,39.33655167,39.16656494,33.37908936,35.78504944,35.85033035
Domestic private health expenditure (% of current health expenditure),SH.XPD.PVTD.CH.ZS,United States,USA,54.79940414,55.02566528,54.57774353,54.52408981,53.69285965,53.66008377,52.5085144,51.4981842,51.15039444,51.06850815,51.17297745,50.50368118,49.22512054,48.62127304,48.80348587,48.83118439,48.55305481,48.193367,42.99185181,44.59674835
Domestic private health expenditure (% of current health expenditure),SH.XPD.PVTD.CH.ZS,Germany,DEU,22.17834282,22.59224129,24.10653687,24.32530975,24.76359177,24.83541489,24.72572136,24.34755135,24.3104763,24.58735847,24.56160355,23.58499718,22.97947502,23.02801704,22.68930054,22.39862251,22.73591995,22.83625412,21.49774742,20.95072556
Domestic private health expenditure (% of current health expenditure),SH.XPD.PVTD.CH.ZS,Japan,JPN,19.25,20.04,19.73,18.83,19.68,18.75,18.83,18.71,18.07,16.26,16.07,15.74,15.88,15.92,15.96,15.79,16.23,16.04,15.14,15.28
Domestic private health expenditure (% of current health expenditure),SH.XPD.PVTD.CH.ZS,Norway,NOR,17.12,16.83,16.98,16.95,16.66,16.3,15.81,15.51,15.27,15.58,15.24,14.98,14.71,14.49,14.62,14.88,14.3,14.28,14.03,14.1
Domestic private health expenditure (% of current health expenditure),SH.XPD.PVTD.CH.ZS,Australia,AUS,28.06231117,28.65874672,28.31289673,28.16251373,28.33368492,27.09379959,27.67008018,26.98945999,27.64272499,26.73970413,28.76534462,32.27200699,29.88535118,28.97174072,28.89646912,28.7446022,28.52773666,26.26117706,26.31917,23.96060181
Domestic private health expenditure (% of current health expenditure),SH.XPD.PVTD.CH.ZS,"Korea, Rep.",KOR,43.75179672,44.27659225,43.80278397,44.14305115,41.948452,41.22465515,43.05186844,41.44650269,41.60490036,42.41425323,43.31542206,43.05167007,43.75538635,43.68746567,43.65179443,43.0711937,42.62424088,42.11632538,40.16776276,38.99928284
Domestic private health expenditure (% of current health expenditure),SH.XPD.PVTD.CH.ZS,Canada,CAN,27.56201363,26.86018372,26.93806267,26.96445656,30.564888,30.40943527,30.24629021,29.80090141,30.11776161,29.77141762,29.49952698,29.0907383,29.25195313,29.15936279,30.15913963,30.38431358,30.31496811,30.48937988,26.30343819,27.0807209
Domestic private health expenditure (% of current health expenditure),SH.XPD.PVTD.CH.ZS,United Kingdom,GBR,19.82527161,21.08385468,19.36583328,18.3123455,18.23441696,18.06672668,18.41229057,18.76515961,18.90656853,18.91049576,19.1390934,19.33130074,19.24232864,19.19352913,18.70923615,19.21133232,19.91610527,19.96960068,16.28620911,16.29966164
Domestic private health expenditure (% of current health expenditure),SH.XPD.PVTD.CH.ZS,Switzerland,CHE,68.63698578,68.59426117,69.11468506,68.95198822,69.39105225,69.28932953,68.39421844,67.85113525,66.13457489,65.43453217,64.54816437,66.18049622,66.04161072,66.52748108,66.4094696,66.15475464,65.80513,66.3392868,64.0903244,63.78650284
Domestic private health expenditure (% of current health expenditure),SH.XPD.PVTD.CH.ZS,Italy,ITA,25.04,24.67,23.76,22.51,22.25,22.51,22.32,21.69,21.55,22.99,24.12,24.24,24.58,25.56,25.6,26.26,26.14,26.26,24.07,24.54
Domestic private health expenditure (% of current health expenditure),SH.XPD.PVTD.CH.ZS,Sweden,SWE,17.43,16.87,17.31,17.71,17.64,17.48,17.5,17.49,17.51,15.52,15.78,15.98,15.97,16.04,15.74,15.29,15.22,14.88,13.82,14.08
Domestic private health expenditure (% of current health expenditure),SH.XPD.PVTD.CH.ZS,Brazil,BRA,57.29716492,56.94624329,56.79905319,58.30109787,56.96648026,57.43232346,56.20293045,55.68764496,54.73280716,55.16175842,56.51361847,55.41260147,55.80924988,56.66341019,56.86286163,58.19537735,58.82274628,59.11333466,55.37608719,54.32703018
Domestic private health expenditure (% of current health expenditure),SH.XPD.PVTD.CH.ZS,India,IND,79.38,79.76,79.78,78.34,78.06,77.59,75.5,73.37,72.82,70.26,71.07,76.66,75.59,73.65,72.52,66.46,65.25,64.38,63.04,63.52
Domestic private health expenditure (% of current health expenditure),SH.XPD.PVTD.CH.ZS,South Africa,ZAF,64.82974243,54.81716156,55.18088913,48.21174622,46.59767914,44.90902328,44.58263016,42.16740036,41.02915955,41.0365181,41.63955688,42.10570145,42.70526123,41.25089264,41.35696411,41.6805954,41.70811844,40.53360748,36.88036346,38.19342422
Domestic private health expenditure (% of current health expenditure),SH.XPD.PVTD.CH.ZS,Mexico,MEX,57.31053543,58.49080276,56.54201508,57.76345825,57.1729126,56.18167877,54.08641815,53.33152771,49.78125381,47.1961174,46.9178772,46.24884415,47.91830063,47.79903793,48.72028351,49.46463013,50.37167358,50.83270264,47.09709167,49.79109573
Domestic private health expenditure (% of current health expenditure),SH.XPD.PVTD.CH.ZS,Indonesia,IDN,64.58784485,62.37353897,62.73160553,69.45800018,66.92236328,62.26914978,63.5949707,63.25576019,75.45695496,75.5667572,72.71173859,70.38717651,64.48092651,59.91054153,53.94567871,52.83429337,50.91791534,50.87226868,44.32585526,38.54430771
Domestic private health expenditure (% of current health expenditure),SH.XPD.PVTD.CH.ZS,Philippines,PHL,60.13,60.41,60.37,62.69,64.08,66.73,68.38,67.02,66.31,72.66,72.69,72.04,64.4,60.89,60.47,60.37,60.83,58.99,54.06,55.19
Domestic private health expenditure (% of current health expenditure),SH.XPD.PVTD.CH.ZS,"Egypt, Arab Rep.",EGY,65.53860474,67.21897888,66.42459106,66.48487854,62.40778351,62.6199379,64.24919891,63.34403229,66.42754364,65.58146667,70.91378021,70.57222748,69.08998871,68.55438995,68.12286377,68.712883,70.87649536,70.75879669,66.95245361,61.69075012
Domestic private health expenditure (% of current health expenditure),SH.XPD.PVTD.CH.ZS,Colombia,COL,22.91942024,20.76106453,25.22249985,27.22984886,27.20347404,28.88033295,30.57855797,27.89937782,27.71211815,26.34730148,29.61189842,30.14256477,29.59565735,29.16895866,29.67050552,28.95903397,28.38554192,30.12365532,28.71292496,27.40896225
Domestic private health expenditure (% of current health expenditure),SH.XPD.PVTD.CH.ZS,Argentina,ARG,43.47652435,44.94412231,41.91094971,47.3978157,47.07147217,45.46093369,43.9757576,39.75198364,40.73146057,39.09850693,37.0521431,35.95693207,34.04805756,33.00239944,34.32503891,35.0945549,41.12049103,39.20406342,35.73628998,35.5334816
Domestic private health expenditure (% of current health expenditure),SH.XPD.PVTD.CH.ZS,Viet Nam,VNM,51.66178894,55.14242172,53.56443787,54.86581802,56.88143539,58.42790985,58.13278961,59.55676651,57.66897583,58.95807266,52.93782425,52.1911087,52.60506821,54.32520294,54.06072617,55.42951965,57.35523605,58.39923096,57.4060173,53.46598816
Domestic private health expenditure (% of current health expenditure),SH.XPD.PVTD.CH.ZS,Morocco,MAR,72.58872986,74.45890045,74.76679993,74.15740204,62.83398819,61.15190125,60.19530106,58.0355072,59.63827896,57.36105347,55.84900665,55.40347672,60.24949265,60.07689285,60.30977631,60.00078583,59.62752151,58.72442627,55.72185135,57.52303696
Domestic private health expenditure (% of current health expenditure),SH.XPD.PVTD.CH.ZS,Nigeria,NGA,71.36207581,75.88537598,67.83808899,68.99703979,73.40917969,74.18617249,76.06096649,77.86317444,80.13829041,77.70685577,75.37893677,73.25357056,74.40258026,73.63851929,76.66194916,78.19173431,76.73253632,72.51712799,75.44963837,78.86326599
Domestic private health expenditure (% of current health expenditure),SH.XPD.PVTD.CH.ZS,Ethiopia,ETH,43.13770676,39.34571838,39.62669373,35.61906815,42.51520157,39.9972496,41.2253952,46.90293503,48.28907013,53.94320297,48.55954742,49.74310303,58.84427261,56.48737717,54.76727676,39.70265579,40.65382385,43.24883652,37.31850815,41.17137909
Domestic private health expenditure (% of current health expenditure),SH.XPD.PVTD.CH.ZS,Haiti,HTI,50.88784027,51.00587463,49.4968605,49.33516312,46.45661926,43.37880325,42.02285004,42.54765701,35.98209381,28.18361664,31.03731918,40.0238266,34.69728851,38.0692215,39.5484848,53.87294388,46.93828964,47.32492065,56.85890961,52.77209091
Domestic private health expenditure (% of current health expenditure),SH.XPD.PVTD.CH.ZS,Afghanistan,AFG,85.37560272,86.06919098,84.52758789,78.97008514,76.82497406,78.16999054,75.40338898,72.7792511,78.9966507,73.25517273,74.48620605,72.04785919,73.05591583,78.38230133,75.97433472,75.48403931,76.37773132,76.81837463,76.23153687,77.34925079
Domestic private health expenditure (% of current health expenditure),SH.XPD.PVTD.CH.ZS,Bangladesh,BGD,65.70114136,65.72670746,65.92006683,68.66895294,69.12872314,69.45909119,70.7351532,70.67395782,70.44635773,70.99597931,70.92236328,71.94525146,73.13734436,75.12078094,73.93395233,72.72188568,73.20014191,74.64625549,76.54676056,75.47958374
Domestic private health expenditure (% of current health expenditure),SH.XPD.PVTD.CH.ZS,Uganda,UGA,45.13589478,47.10014725,40.19822311,50.22586441,55.57476044,56.0913353,54.33587646,44.22186279,38.75179291,36.24131393,38.84606934,45.71916199,46.20917511,41.92140579,43.05947113,40.88721466,39.71256638,42.86341476,38.09126282,35.01169968
Domestic private health expenditure (% of current health expenditure),SH.XPD.PVTD.CH.ZS,Nepal,NPL,58.23,60.2,58.54,57.2,49.73,67.26,66.55,63.83,68.02,71.38,69.01,71.75,69.07,68.99,69.71,62.02,62.9,63.28,59.4,54.06
Domestic private health expenditure (% of current health expenditure),SH.XPD.PVTD.CH.ZS,Mozambique,MOZ,27.25561523,21.84199715,16.18545532,12.91511631,13.38787937,13.12143898,11.84046364,9.57833767,8.49968624,8.34747982,17.5775013,16.64415741,18.54088211,18.28590393,17.02968597,15.69281483,15.32885265,15.45444489,16.3225708,14.08927536
Domestic private health expenditure (% of current health expenditure),SH.XPD.PVTD.CH.ZS,Sudan,SDN,65.79949188,66.06427002,60.7492981,58.25021362,59.0795517,61.12584686,65.5871582,55.22544479,64.43519592,69.23600769,69.45655823,78.45028687,71.0333786,83.78509521,75.34825134,76.59540558,70.31276703,70.75403595,58.92655563,62.5420723
Domestic private health expenditure (% of current health expenditure),SH.XPD.PVTD.CH.ZS,Madagascar,MDG,44.82195282,46.57328796,37.03465652,39.6763916,38.33383942,42.46761322,45.34465408,45.45381165,44.44105911,36.7665863,42.71012878,44.94179153,35.87094116,32.04604721,29.45782852,30.29995346,34.60900116,39.79958725,35.8677063,38.51412964
Domestic private health expenditure (% of current health expenditure),SH.XPD.PVTD.CH.ZS,Rwanda,RWA,40.56259918,24.31324959,27.07551575,28.82634163,23.466259,22.46087837,22.99509239,22.9703083,22.84549332,22.88555908,21.30692482,23.67443848,21.512537,26.16271019,24.64941978,25.78299713,25.87659073,26.95556068,23.77607918,23.32616425
Domestic general government health expenditure per capita (current US$),SH.XPD.GHED.PC.CD,United States,USA,2397.67480952,2567.38336498,2747.05568732,2912.36178485,3139.26657597,3305.17004708,3489.41542591,3687.46978535,3826.41142602,3925.08539634,4040.13008676,4174.37003813,4482.64818225,4751.98451947,4914.80958842,5067.1553037,5289.01700232,5521.75704804,6703.26036315,6655.17237053
Domestic general government health expenditure per capita (current US$),SH.XPD.GHED.PC.CD,Germany,DEU,1998.07326727,2440.50732984,2625.78082102,2692.66687288,2782.27521964,3144.07152701,3515.12841575,3536.69097615,3490.36328857,3798.90529863,3595.15162921,3897.281613,4089.13885629,3561.76898586,3669.83836465,3934.54167655,4258.18895887,4233.96632217,4660.09119079,5237.80840019
Domestic general government health expenditure per capita (current US$),SH.XPD.GHED.PC.CD,Japan,JPN,1951,2122,2318,2350,2221,2261,2618,3007,3338,4277,4394,3672,3467,3157,3529,3494,3592,3748,3765,3683
Domestic general government health expenditure per capita (current US$),SH.XPD.GHED.PC.CD,Norway,NOR,3224,3853,4232,4638,4911,5772,6536,6165,6655,7514,7603,7857,7777,6470,6401,6653,7089,6864,6727,7871
Domestic general government health expenditure per capita (current US$),SH.XPD.GHED.PC.CD,Australia,AUS,1268.7619672,1598.57644023,1979.15959657,2165.25705102,2289.04416529,2781.61676433,2970.59912403,2929.13377522,3600.11515715,4329.06051313,4325.11949257,3957.46448854,4298.7281828,3780.81375349,3877.9329562,4142.51358198,4186.33634398,4089.48887533,4390.46770711,5364.85954895
Domestic general government health expenditure per capita (current US$),SH.XPD.GHED.PC.CD,"Korea, Rep.",KOR,299.17860291,352.78151878,398.20188605,495.83968318,616.62257377,708.10406656,647.61938468,643.58444197,796.25281364,868.13764762,880.49760924,958.30597482,1057.6473477,1066.75515566,1131.52743214,1264.14070785,1435.04797708,1508.44475634,1584.49183748,1988.89723887
Domestic general government health expenditure per capita (current US$),SH.XPD.GHED.PC.CD,Canada,CAN,1556.9671336,1866.72103375,2130.66972712,2403.76088289,2630.67850627,2938.06384479,3132.79900971,3066.89799523,3552.80039436,3808.537523,3904.9757234,3888.13619853,3701.35140356,3313.80453707,3259.96415113,3425.59877411,3540.22497126,3556.14666025,4177.37717342,4717.92679139
Domestic general government health expenditure per capita (current US$),SH.XPD.GHED.PC.CD,United Kingdom,GBR,1848.74309255,2197.21629604,2714.15798364,2888.4560858,3153.78149154,3578.12234376,3505.87546332,3179.40360744,3208.06208833,3404.65838154,3429.92602654,3471.94184163,3793.348682,3582.37442265,3265.27060646,3159.00289618,3384.00386539,3415.73974571,4106.70373027,4802.53806059
Domestic general government health expenditure per capita (current US$),SH.XPD.GHED.PC.CD,Switzerland,CHE,1320.9253014,1576.10570038,1732.26576365,1761.64548216,1736.13404467,1890.15055405,2250.53777994,2346.02511506,2587.47076679,3158.71900402,3103.39056996,3083.72633417,3160.83626579,3040.12483854,3049.60343759,3086.67640792,3150.17917595,3144.26801861,3621.65460945,3946.34766303
Domestic general government health expenditure per capita (current US$),SH.XPD.GHED.PC.CD,Italy,ITA,1321,1629,1956,2075,2202,2396,2722,2614,2524,2612,2342,2386,2379,1992,2009,2072,2218,2146,2325,2528
Domestic general government health expenditure per capita (current US$),SH.XPD.GHED.PC.CD,Sweden,SWE,2031,2586,2884,2919,3101,3557,3818,3413,3643,5366,5267,5627,5551,4701,4787,4945,5091,4812,5173,5929
Domestic general government health expenditure per capita (current US$),SH.XPD.GHED.PC.CD,Brazil,BRA,104.12898358,107.27451141,125.61439056,159.67783843,207.73388677,255.18587432,308.45049206,317.72222828,402.38873914,457.48902574,413.54290868,435.31874961,446.50474732,338.49178101,342.75336886,391.23177087,354.73819906,346.47301073,313.57747693,346.70005759
Domestic general government health expenditure per capita (current US$),SH.XPD.GHED.PC.CD,India,IND,4,4,4,6,6,7,9,10,12,14,14,13,13,15,16,19,20,21,23,25
Domestic general government health expenditure per capita (current US$),SH.XPD.GHED.PC.CD,South Africa,ZAF,62.44813335,114.30096141,143.90623265,161.7696585,198.31568263,219.85694527,211.62208304,245.18538129,322.40911892,360.01046513,338.42420577,308.29153251,304.39313162,285.01475274,262.24861336,307.21369591,325.83864567,321.72556479,304.12027274,352.44622671
Domestic general government health expenditure per capita (current US$),SH.XPD.GHED.PC.CD,Mexico,MEX,165.64705078,171.86465389,194.71793593,205.13186629,221.01515155,245.59918957,264.79069291,231.85561648,270.81238963,301.36784284,312.03181574,339.28454115,320.35615835,291.36755483,252.74439283,260.20140364,263.35165641,271.74970981,284.78014217,305.91035084
Domestic general government health expenditure per capita (current US$),SH.XPD.GHED.PC.CD,Indonesia,IDN,6.51863213,9.36141799,9.26365246,9.94880443,14.21259465,20.39026913,21.06848506,22.12790735,20.45707703,25.36558289,28.1443228,29.43082669,34.51394348,38.47541822,48.95451019,51.83114059,54.47545987,58.03070066,73.52028129,95.44028215
Domestic general government health expenditure per capita (current US$),SH.XPD.GHED.PC.CD,Philippines,PHL,10,12,12,15,18,20,23,24,29,26,29,32,37,44,45,46,49,58,75,80
Domestic general government health expenditure per capita (current US$),SH.XPD.GHED.PC.CD,"Egypt, Arab Rep.",EGY,22.60213625,16.4719738,16.77534821,19.69305881,24.50767589,26.51194577,31.75503856,35.47402325,35.3741206,40.17131011,40.98581318,41.73106519,46.73756032,54.21346533,44.84228235,33.44616168,34.22272246,40.98312776,48.17893022,67.70068865
Domestic general government health expenditure per capita (current US$),SH.XPD.GHED.PC.CD,Colombia,COL,100.38536036,100.08265114,117.06916635,150.26703585,172.74999114,218.39210282,262.65571208,276.35537074,326.49458643,368.45212489,381.59176841,405.08905294,413.18646618,331.9181248,314.4220151,351.84476039,370.36023852,349.89278239,329.51225434,404.72371717
Domestic general government health expenditure per capita (current US$),SH.XPD.GHED.PC.CD,Argentina,ARG,121.46786443,142.78991158,160.69074498,200.94817796,238.62477629,309.17850834,409.32963561,468.75522245,577.81536102,725.40137579,850.24868392,900.03306052,837.82365774,1017.41998184,822.84693813,963.61212261,712.62912612,615.51572509,572.71556387,660.36878437
Domestic general government health expenditure per capita (current US$),SH.XPD.GHED.PC.CD,Viet Nam,VNM,9.39764647,9.79632145,12.89725233,15.73784696,18.0709825,20.5219704,25.52967881,26.63958989,34.37623712,37.76025236,48.90446052,47.25504982,53.11991371,53.28715528,58.89675448,65.01784873,68.36870605,70.53640975,64.21880697,73.70611749
Domestic general government health expenditure per capita (current US$),SH.XPD.GHED.PC.CD,Morocco,MAR,16.86726559,18.95620536,21.71889191,24.44344224,40.56130493,49.47194292,59.73667168,66.7112405,67.19021876,75.17244069,74.34884795,79.57817524,72.97199573,63.10687269,63.72606971,66.10082361,70.44567923,71.85352898,81.55077123,85.91186974
Domestic general government health expenditure per capita (current US$),SH.XPD.GHED.PC.CD,Nigeria,NGA,3.85358864,7.18994278,11.45676995,13.78175025,13.92146081,13.77025835,14.31725216,10.8275485,10.28339128,11.99699252,14.75375525,14.42034853,14.13274184,15.83450613,10.18705905,10.34366801,10.57700393,10.96531682,10.44123687,11.12788484
Domestic general government health expenditure per capita (current US$),SH.XPD.GHED.PC.CD,Ethiopia,ETH,2.29220345,2.67679452,1.78210412,2.76321569,2.14376538,3.14234038,1.58841288,2.99688777,2.8332037,1.26533198,4.7667972,5.27180309,3.88137549,5.94277559,6.16791829,6.1129363,5.53186576,5.92812411,8.10198233,8.0810863
Domestic general government health expenditure per capita (current US$),SH.XPD.GHED.PC.CD,Haiti,HTI,3.16589967,2.70389433,4.08736353,4.43337388,2.40997917,8.12767471,8.9187368,9.20597036,9.91825377,5.47895715,6.15014421,6.8521335,6.72015302,7.54203537,6.59301186,6.52368263,7.56501107,5.1137527,5.55778436,7.0704612
Domestic general government health expenditure per capita (current US$),SH.XPD.GHED.PC.CD,Afghanistan,AFG,0.15160967,1.29700564,1.18617905,1.33553256,1.35533866,1.84962338,2.44655618,2.34359473,2.55007354,2.93559049,2.28442458,2.83484999,2.98555852,3.10637149,3.12218743,3.40957279,2.77333833,2.48787785,6.1311352,2.6857651
Domestic general government health expenditure per capita (current US$),SH.XPD.GHED.PC.CD,Bangladesh,BGD,2.27942359,2.5377712,2.67336969,2.54206863,2.81392511,3.24137164,3.3461322,3.62930659,4.35039989,4.75053385,4.76846127,5.22015237,5.61003404,5.73340587,7.87356598,8.9745517,9.3824752,9.43376367,9.14320207,9.7819054
Domestic general government health expenditure per capita (current US$),SH.XPD.GHED.PC.CD,Uganda,UGA,4.83598188,4.8762884,5.41340693,4.60369083,4.79852763,6.0937531,6.89677514,6.34435927,8.37347951,7.50490046,8.34868601,8.93045063,9.09352759,6.08510735,6.13544359,5.02771541,5.53423091,5.04973068,8.05820931,9.78984207
Domestic general government health expenditure per capita (current US$),SH.XPD.GHED.PC.CD,Nepal,NPL,2,2,2,3,3,3,4,4,5,6,6,6,7,8,9,11,12,13,18,22
Domestic general government health expenditure per capita (current US$),SH.XPD.GHED.PC.CD,Mozambique,MOZ,3.74311497,4.03303625,4.5230905,6.25764937,5.23940755,5.95518208,7.13898094,6.97239888,6.15116947,7.72458524,8.42003869,10.20762725,11.84389219,10.78832387,7.50873521,8.06376819,9.11716322,9.35331264,10.88270788,12.64243672
Domestic general government health expenditure per capita (current US$),SH.XPD.GHED.PC.CD,Sudan,SDN,5.97563882,7.66833829,11.59513908,15.12771592,20.97108517,30.75548197,27.46145751,34.17012917,24.89647745,19.08543919,20.79007786,16.92908361,23.54216081,13.94542126,21.25398254,12.82324319,8.27207038,8.06215922,7.97824481,5.83712958
Domestic general government health expenditure per capita (current US$),SH.XPD.GHED.PC.CD,Madagascar,MDG,5.42231407,7.80069592,6.03814452,6.02864784,6.25658762,8.14952621,7.37780781,5.95434949,8.58040727,8.67432045,7.51114264,6.86937823,9.04027645,9.06770004,11.02044581,11.30932709,7.70671218,3.49727992,3.19005892,3.71035207
Domestic general government health expenditure per capita (current US$),SH.XPD.GHED.PC.CD,Rwanda,RWA,1.78061705,5.7512418,5.21185831,5.24834423,5.30880418,7.46287097,9.60618354,10.62860483,12.11348456,14.3034656,14.50962233,15.30008833,15.89573279,15.44395964,16.27132992,16.86187413,18.01813632,20.3037304,23.41909853,24.58334149
Domestic general government health expenditure (% of general government expenditure),SH.XPD.GHED.GE.ZS,United States,USA,17.21998787,17.50525284,17.92674637,17.94121552,18.57398415,18.49798965,18.20108986,18.19150543,18.39227295,18.8483696,19.63227844,20.36190605,21.47749138,22.32148743,22.45710564,22.54361153,22.53722572,22.45334816,22.6003418,21.40855026
Domestic general government health expenditure (% of general government expenditure),SH.XPD.GHED.GE.ZS,Germany,DEU,16.55490875,16.66930389,16.45635414,16.66615295,16.93153572,17.40883636,17.45852661,17.63837624,17.44530869,17.96772194,18.22804832,18.70073318,19.16842651,19.51363564,19.59515953,19.91397285,20.01379776,20.09327698,19.76651764,19.94881821
Domestic general government health expenditure (% of general government expenditure),SH.XPD.GHED.GE.ZS,Japan,JPN,16.06,16.36,17.2,17.75,17.87,18.23,18.1,18.06,18.93,21.69,22.22,22.22,22.57,23.15,23.18,24.46,24.49,24.7,20.96,21.45
Domestic general government health expenditure (% of general government expenditure),SH.XPD.GHED.GE.ZS,Norway,NOR,15.81,15.86,16.12,16.28,16.01,16.14,16.51,16.48,16.61,16.79,17.18,17.1,17.23,17.58,17.55,17.4,17.6,17.52,17.05,17.92
Domestic general government health expenditure (% of general government expenditure),SH.XPD.GHED.GE.ZS,Australia,AUS,15.51416302,15.48101234,15.94705105,15.90276814,15.93996811,16.49022293,15.61295509,15.88237,16.11460304,16.32258987,16.18693733,15.40296459,17.63870811,18.30729294,18.483284,18.54355621,18.49000168,17.10577965,17.05628586,19.3241291
Domestic general government health expenditure (% of general government expenditure),SH.XPD.GHED.GE.ZS,"Korea, Rep.",KOR,9.08882332,7.67150831,8.52108574,9.10630512,9.85852146,10.3867588,10.02157688,10.26508617,11.48147774,11.20949078,11.1013546,11.62523556,11.84077549,12.20657825,12.77859974,13.25377369,13.79939747,13.97021866,13.10143757,14.82539463
Domestic general government health expenditure (% of general government expenditure),SH.XPD.GHED.GE.ZS,Canada,CAN,15.88256645,16.36354446,16.9260788,17.13103867,16.77815819,17.06455421,17.28317642,17.23786163,17.32469749,17.53298759,18.10433197,18.47538948,18.91319847,19.00966072,18.90594482,18.76758575,18.68912888,18.85293579,18.2251606,19.61343765
Domestic general government health expenditure (% of general government expenditure),SH.XPD.GHED.GE.ZS,United Kingdom,GBR,16.28907013,16.36387444,16.71930313,16.57209778,17.27092361,17.19756699,16.61664772,17.28977966,17.07456398,17.63252831,17.68024063,18.20179176,18.4877243,18.72927094,19.09605408,18.86876106,19.09147453,19.52971458,19.42317581,22.36486244
Domestic general government health expenditure (% of general government expenditure),SH.XPD.GHED.GE.ZS,Switzerland,CHE,8.83963394,9.30684757,9.30845737,9.39204693,9.34170818,9.55602741,9.77972221,9.97373199,10.3945961,10.72956944,11.00183201,10.43791008,10.6450367,10.73358727,10.9634409,11.0906496,11.16564178,11.19768238,10.95618057,11.71908569
Domestic general government health expenditure (% of general government expenditure),SH.XPD.GHED.GE.ZS,Italy,ITA,12.63,12.51,13.28,13.68,13.72,13.48,13.86,13.71,14.01,13.74,13.17,13.05,13.15,13.1,13.23,13.12,13.25,13.17,12.87,12.36
Domestic general government health expenditure (% of general government expenditure),SH.XPD.GHED.GE.ZS,Sweden,SWE,12.64,12.85,12.81,12.83,12.98,13.38,13.54,13.81,13.6,17.67,17.73,17.74,18.14,18.39,18.39,18.56,18.61,18.77,18.76,19.55
Domestic general government health expenditure (% of general government expenditure),SH.XPD.GHED.GE.ZS,Brazil,BRA,9.53710842,8.61266232,9.15159702,8.44161892,9.06236839,9.2810812,9.26833534,10.01319695,9.0462265,8.97184467,8.69835663,9.20397091,9.32368946,8.93705845,8.90739632,9.25983047,9.185112,9.23523808,9.63601589,10.94026566
Domestic general government health expenditure (% of general government expenditure),SH.XPD.GHED.GE.ZS,India,IND,2.77,2.68,2.65,2.94,2.89,2.79,2.8,3.12,3.11,3.38,3.44,3.24,3.25,3.38,3.39,3.66,3.68,3.85,3.69,3.69
Domestic general government health expenditure (% of general government expenditure),SH.XPD.GHED.GE.ZS,South Africa,ZAF,10.37981224,12.33823776,12.0292511,10.91880608,13.09509182,13.50931835,13.01471424,13.36997318,14.14495468,14.68394661,14.46731377,14.33791637,14.9161272,15.23773575,15.28983974,15.28983974,15.28983974,15.28983974,15.28983974,15.28983974
Domestic general government health expenditure (% of general government expenditure),SH.XPD.GHED.GE.ZS,Mexico,MEX,10.43169594,10.69286728,12.07247734,11.14233589,10.73126125,10.71415234,9.43475246,10.29210663,10.41032505,10.5141964,10.65864182,11.24126339,10.34577084,10.86458778,10.41155815,10.7295351,10.41115475,10.31756687,11.5203886,11.03306103
Domestic general government health expenditure (% of general government expenditure),SH.XPD.GHED.GE.ZS,Indonesia,IDN,3.98283839,4.49961615,4.20149517,4.2081809,4.51138687,5.43744278,4.6298461,5.41294384,3.91489601,3.96251845,4.07335424,4.28101349,5.33553553,6.62539768,8.17642403,8.15006733,8.36061573,8.5572319,10.16993046,12.11291027
Domestic general government health expenditure (% of general government expenditure),SH.XPD.GHED.GE.ZS,Philippines,PHL,4.75,5.46,5.62,6.61,6.63,6.46,6.51,6.64,7.18,6.19,6.06,6.29,7.29,8.14,7.72,7.62,7.35,7.8,9,8.46
Domestic general government health expenditure (% of general government expenditure),SH.XPD.GHED.GE.ZS,"Egypt, Arab Rep.",EGY,6.14118385,5.44320345,5.24308968,5.24353075,5.04994678,5.01764584,4.69924688,4.71808481,4.36156321,4.82708216,4.38540936,4.1566329,4.16148472,5.05797672,5.05797672,5.41994762,4.72158527,4.82284689,5.16112232,6.79944944
Domestic general government health expenditure (% of general government expenditure),SH.XPD.GHED.GE.ZS,Colombia,COL,14.86478043,15.59885502,15.73734665,16.83091927,16.05757141,16.2844429,16.6930294,17.0406208,16.82773972,16.48455429,16.19955254,16.34110641,16.18276405,17.03754425,17.65917969,18.60467529,15.75658035,16.53361511,18.49876976,19.00617027
Domestic general government health expenditure (% of general government expenditure),SH.XPD.GHED.GE.ZS,Argentina,ARG,18.4574852,17.12602234,16.25901031,16.02175713,15.09950352,14.39874649,14.65606022,16.42263222,16.69264221,16.27754211,16.66110992,16.54238701,16.28527832,16.49740791,15.52159119,16.03947067,15.48355103,16.13215828,15.74081135,16.22084427
Domestic general government health expenditure (% of general government expenditure),SH.XPD.GHED.GE.ZS,Viet Nam,VNM,8.61995983,7.16033077,8.6892519,8.66923904,8.76698685,7.93691111,8.12048721,6.85301065,8.6057291,9.1072073,9.5150404,8.16121387,9.12324142,8.49385166,9.59658623,10.09323883,10.21770763,10.19859123,8.42611885,8.96954346
Domestic general government health expenditure (% of general government expenditure),SH.XPD.GHED.GE.ZS,Morocco,MAR,4.18854809,4.14071369,4.12965059,3.85011864,6.48042345,6.83441544,6.68077278,7.56513786,7.53159714,7.21933842,7.16562605,7.64631701,6.83858538,6.97614002,7.02311468,7.12353611,7.18196535,7.39498091,7.2206831,7.18068504
Domestic general government health expenditure (% of general government expenditure),SH.XPD.GHED.GE.ZS,Nigeria,NGA,2.74149632,4.00685167,6.55428886,6.40770292,7.32234478,4.29357767,4.59404516,3.69395757,2.70293093,2.77141333,3.66798377,3.45903826,3.33638,5.33124638,4.8661375,4.44235229,3.8811214,3.75164723,4.18824244,4.0558753
Domestic general government health expenditure (% of general government expenditure),SH.XPD.GHED.GE.ZS,Ethiopia,ETH,8.36865902,8.41779423,5.72665405,7.55002403,5.07604218,6.49598169,2.74178195,5.30019999,5.10711432,2.09114456,6.40685463,6.19330263,4.08834219,5.57211685,5.02445269,4.78836012,4.76060486,4.76060486,6.79223251,7.09674501
Domestic general government health expenditure (% of general government expenditure),SH.XPD.GHED.GE.ZS,Haiti,HTI,7.3620429,6.6061697,7.94925022,6.66875458,2.994277,7.11358404,7.42596531,6.77164745,6.43094063,2.98430157,2.78391457,2.99849725,3.20148706,4.40003729,4.974617,4.76582003,4.72443056,4.02440834,4.10164928,3.92148709
Domestic general government health expenditure (% of general government expenditure),SH.XPD.GHED.GE.ZS,Afghanistan,AFG,1.21245599,5.45767879,3.60296822,3.37097836,2.72002935,2.60708547,3.00128436,2.51257253,2.25547075,2.18811917,1.37000275,1.77506959,1.86067402,2.01440597,2.14110541,2.31911564,1.90904689,1.77526009,4.24602795,4.05148983
Domestic general government health expenditure (% of general government expenditure),SH.XPD.GHED.GE.ZS,Bangladesh,BGD,4.5399313,4.7553134,4.86526632,4.38883734,4.7282033,5.07518816,3.84091425,4.11533833,4.43941641,4.18159103,4.01620436,3.61745524,3.59245324,3.37688875,4.09935808,4.10705233,3.75035429,3.29686975,3.07911539,3.07911539
Domestic general government health expenditure (% of general government expenditure),SH.XPD.GHED.GE.ZS,Uganda,UGA,8.74788189,8.94947052,8.76694775,7.13494539,7.16084242,7.79203367,7.2500844,7.03202295,7.11343718,6.89700985,7.05044317,7.32427549,7.00898075,5.08453417,5.17819309,3.92163825,4.16811514,3.13882995,4.39518547,4.88157225
Domestic general government health expenditure (% of general government expenditure),SH.XPD.GHED.GE.ZS,Nepal,NPL,6.1,5.52,5.48,6.25,7.58,5.18,5.31,4.69,4.81,4.87,4.69,4.88,5.27,5.15,5.31,4.51,3.81,4.03,5.67,6.49
Domestic general government health expenditure (% of general government expenditure),SH.XPD.GHED.GE.ZS,Mozambique,MOZ,6.31664944,6.31664944,6.31664944,8.39700031,5.67257071,5.60290384,5.66810656,4.9652133,4.67241478,4.34422016,4.3945961,4.72615862,4.31759024,5.55443764,5.99889708,5.99591827,5.76476336,6.16966534,7.2900424,8.15276432
Domestic general government health expenditure (% of general government expenditure),SH.XPD.GHED.GE.ZS,Sudan,SDN,10.70719147,10.07152081,9.52674675,8.09948635,9.4422226,10.46531487,8.78631306,14.01954556,9.48801804,7.03567696,9.06086254,7.5176096,10.61807156,6.66369581,12.92873669,8.32499409,6.17103291,5.56284285,9.58832169,7.86141205
Domestic general government health expenditure (% of general government expenditure),SH.XPD.GHED.GE.ZS,Madagascar,MDG,14.01566982,13.09897804,10.02646637,10.53517532,10.24659061,11.84111977,8.98169422,10.45279503,15.20980263,13.9367857,12.93699551,10.26806545,13.92414951,15.27427959,17.51086807,15.03208733,10.47741127,4.44415092,4.21817684,5.2659874
Domestic general government health expenditure (% of general government expenditure),SH.XPD.GHED.GE.ZS,Rwanda,RWA,3.70572662,12.45489502,10.78895473,8.09271908,7.20270061,7.79290724,8.0763216,8.43024445,8.55642414,8.90067959,8.36301804,8.30411816,7.98190641,7.9149456,8.88277149,8.88277149,8.88277149,8.92867947,9.0438261,9.47249985
Domestic general government health expenditure (% of GDP),SH.XPD.GHED.GD.ZS,United States,USA,6.32594919,6.52375746,6.60946608,6.63011026,6.81118298,6.91310453,7.2221179,7.8576026,7.91226292,7.89752531,7.87076855,7.91530657,8.22512245,8.4726429,8.6021204,8.57973289,8.55544376,8.63399315,10.69257355,9.61942768
Domestic general government health expenditure (% of GDP),SH.XPD.GHED.GD.ZS,Germany,DEU,7.92509031,8.05197239,7.70017481,7.80322599,7.65903044,7.55503988,7.7165823,8.50175571,8.39845562,8.12831306,8.18767262,8.40493011,8.49219322,8.61353302,8.69118309,8.79702854,8.8703146,9.04012394,9.96393967,10.22433567
Domestic general government health expenditure (% of GDP),SH.XPD.GHED.GD.ZS,Japan,JPN,5.94,5.99,6.05,6.22,6.17,6.32,6.57,7.28,7.43,8.78,8.96,8.99,9.03,9.04,8.96,8.97,9,9.21,9.34,9.17
Domestic general government health expenditure (% of GDP),SH.XPD.GHED.GD.ZS,Norway,NOR,7.45,7.65,7.3,6.89,6.57,6.71,6.66,7.63,7.5,7.37,7.39,7.55,7.92,8.61,8.99,8.71,8.54,8.95,9.82,8.66
Domestic general government health expenditure (% of GDP),SH.XPD.GHED.GD.ZS,Australia,AUS,5.66600704,5.62231302,5.79739761,5.72565842,5.71683931,5.87256861,5.96617031,6.23855972,6.09266853,6.25456142,6.17929935,5.92659712,6.89475489,7.23228073,7.17639828,7.21305084,7.18990898,7.53585672,7.87186623,8.01731968
Domestic general government health expenditure (% of GDP),SH.XPD.GHED.GD.ZS,"Korea, Rep.",KOR,2.25798631,2.38668466,2.39802241,2.54042482,2.81474686,2.9122591,2.98750043,3.31357551,3.39848423,3.40593457,3.41949844,3.50272012,3.60208774,3.71057963,3.87140298,4.01201391,4.29813194,4.73187208,4.99585581,5.69225502
Domestic general government health expenditure (% of GDP),SH.XPD.GHED.GD.ZS,Canada,CAN,6.41561842,6.59055662,6.62400055,6.59905815,6.4866991,6.57310772,6.70162201,7.48480892,7.46070719,7.28938246,7.40939951,7.38289499,7.25708961,7.60736179,7.70479155,7.59250259,7.59944868,7.65233946,9.60643387,8.99394321
Domestic general government health expenditure (% of GDP),SH.XPD.GHED.GD.ZS,United Kingdom,GBR,6.13281536,6.35664082,6.69775248,6.83087873,7.05479813,7.06524611,7.36308718,8.15934658,8.04915714,8.04718018,8.04715538,7.9630537,7.96374893,7.9161911,7.90766859,7.75117588,7.79163742,7.9679575,10.17722607,10.34801674
Domestic general government health expenditure (% of GDP),SH.XPD.GHED.GD.ZS,Switzerland,CHE,3.09866619,3.1835897,3.15826011,3.12288141,2.9323988,2.89200497,3.01256061,3.26037979,3.36403418,3.47254539,3.59639931,3.51020193,3.54118371,3.60796261,3.69161081,3.73826313,3.68356085,3.72409916,4.21294785,4.27358341
Domestic general government health expenditure (% of GDP),SH.XPD.GHED.GD.ZS,Italy,ITA,5.9,5.9,6.23,6.46,6.56,6.3,6.63,7.01,6.99,6.76,6.66,6.65,6.69,6.59,6.49,6.4,6.41,6.38,7.31,7.08
Domestic general government health expenditure (% of GDP),SH.XPD.GHED.GD.ZS,Sweden,SWE,6.78,6.91,6.72,6.71,6.63,6.6,6.77,7.24,6.86,8.8,9.04,9.16,9.2,9.07,9.14,9.14,9.28,9.22,9.77,9.66
Domestic general government health expenditure (% of GDP),SH.XPD.GHED.GD.ZS,Brazil,BRA,3.6863513,3.50954437,3.46692538,3.34525228,3.54130626,3.48462701,3.50441861,3.70742011,3.57701325,3.46567941,3.35463309,3.55113959,3.69886327,3.85384846,3.94843698,3.95314622,3.88923812,3.91701889,4.52904463,4.50447893
Domestic general government health expenditure (% of GDP),SH.XPD.GHED.GD.ZS,India,IND,0.77,0.75,0.71,0.76,0.75,0.74,0.8,0.89,0.86,0.94,0.93,0.87,0.86,0.92,0.94,0.97,0.98,1.04,1.21,1.12
Domestic general government health expenditure (% of GDP),SH.XPD.GHED.GD.ZS,South Africa,ZAF,2.30570102,2.79076648,2.73156238,2.74503064,3.23011708,3.30013156,3.38493657,3.80475187,4.00033045,4.12050819,4.1403532,4.14510202,4.3735652,4.59632444,4.57297277,4.56554031,4.62280226,4.80993271,5.29674768,4.99565506
Domestic general government health expenditure (% of GDP),SH.XPD.GHED.GD.ZS,Mexico,MEX,2.16505718,2.4137032,2.58744621,2.46497631,2.4219811,2.52675939,2.61655521,2.86067653,2.8809936,2.91415977,3.00721931,3.12253189,2.89231014,2.98734307,2.84779787,2.75801325,2.67172027,2.67861629,3.29035473,3.04519415
Domestic general government health expenditure (% of GDP),SH.XPD.GHED.GD.ZS,Indonesia,IDN,0.67425066,0.81785041,0.74926209,0.73213077,0.83084285,1.01869869,0.89791238,0.92164314,0.66109079,0.70190871,0.76724905,0.81686825,0.99274278,1.15799773,1.37558317,1.34984481,1.395854,1.39791656,1.88725579,2.20201945
Domestic general government health expenditure (% of GDP),SH.XPD.GHED.GD.ZS,Philippines,PHL,0.98,1.11,1.09,1.24,1.21,1.18,1.16,1.28,1.32,1.06,1.1,1.12,1.26,1.47,1.47,1.48,1.54,1.69,2.33,2.31
Domestic general government health expenditure (% of GDP),SH.XPD.GHED.GD.ZS,"Egypt, Arab Rep.",EGY,1.8990773,1.66768789,1.57912993,1.5893116,1.74427283,1.56855941,1.53611362,1.53461063,1.36768734,1.47460115,1.28014243,1.36696446,1.41039252,1.58139753,1.56636381,1.65595341,1.35182929,1.29722774,1.32617092,1.73679698
Domestic general government health expenditure (% of GDP),SH.XPD.GHED.GD.ZS,Colombia,COL,4.36780405,4.46871901,4.26406574,4.35741186,4.56696033,4.58606291,4.74562693,5.2679739,5.10725689,4.9838357,4.7128706,4.90206432,5.05892706,5.32889223,5.29663372,5.4549818,5.46089888,5.43606472,6.21218491,6.54606009
Domestic general government health expenditure (% of GDP),SH.XPD.GHED.GD.ZS,Argentina,ARG,4.03350496,3.77215648,3.74438357,3.91339946,4.01898909,4.25491619,4.50854683,5.66982841,5.56834269,5.68117285,6.13485479,6.22042274,6.3273077,6.82437325,6.44487762,6.59566355,6.03072071,6.08225393,6.62048721,6.1366396
Domestic general government health expenditure (% of GDP),SH.XPD.GHED.GD.ZS,Viet Nam,VNM,1.7021997,1.58931124,1.68924272,1.78806961,1.80019891,1.76966417,1.73616052,1.71152484,2.04132986,1.93289721,2.2328434,1.99598992,2.07598686,2.05326915,2.1333859,2.17300439,2.09256196,2.02046871,1.79064679,1.96210134
Domestic general government health expenditure (% of GDP),SH.XPD.GHED.GD.ZS,Morocco,MAR,1.08123076,0.99790573,1.01085818,1.10253143,1.68357384,1.80634582,1.88765144,2.12625146,2.16227508,2.2546432,2.33175611,2.32684731,2.09785223,1.98215687,2.00518847,1.98112547,1.9875257,2.02342105,2.46564341,2.22957587
Domestic general government health expenditure (% of GDP),SH.XPD.GHED.GD.ZS,Nigeria,NGA,0.53133184,0.92982918,1.202034,1.14133215,0.90186709,0.7786122,0.66059941,0.57001245,0.44847032,0.47937736,0.54436672,0.48927844,0.44593188,0.58907843,0.47496933,0.53266305,0.49754828,0.46980387,0.50597858,0.54102808
Domestic general government health expenditure (% of GDP),SH.XPD.GHED.GD.ZS,Ethiopia,ETH,2.08121538,2.27634931,1.32566774,1.72818744,1.12012768,1.33306754,0.51424921,0.9070071,0.94396317,0.38117546,1.06663179,1.09967208,0.71479559,0.96540898,0.90002954,0.8612687,0.76642609,0.73088509,0.98278511,0.97918016
Domestic general government health expenditure (% of GDP),SH.XPD.GHED.GD.ZS,Haiti,HTI,0.48891512,0.51697874,0.58639508,0.58343035,0.28958338,0.79249322,0.83237052,0.78221947,0.81272614,0.42167202,0.45754522,0.47550055,0.4683435,0.56089777,0.52977306,0.46510881,0.52653241,0.40745705,0.4052884,0.42501962
Domestic general government health expenditure (% of GDP),SH.XPD.GHED.GD.ZS,Afghanistan,AFG,0.08418062,0.65096337,0.54292566,0.5291841,0.49784002,0.55994755,0.62779975,0.53190351,0.46915731,0.47999981,0.34288675,0.44335932,0.47265697,0.52267277,0.60012972,0.64313394,0.55239552,0.49705607,1.18621242,0.72091633
Domestic general government health expenditure (% of GDP),SH.XPD.GHED.GD.ZS,Bangladesh,BGD,0.47014153,0.48277113,0.48091501,0.45040676,0.47882023,0.48857561,0.44322866,0.43522108,0.47062662,0.4823136,0.46968287,0.4372614,0.4220427,0.38844827,0.4755646,0.50250494,0.48568422,0.44679779,0.40977541,0.39927667
Domestic general government health expenditure (% of GDP),SH.XPD.GHED.GD.ZS,Uganda,UGA,1.46625304,1.47299016,1.36702383,1.03251171,0.98066223,1.03104365,0.93857908,0.82671541,1.09717655,0.90863341,0.9248504,0.97432142,0.95077145,0.76897758,0.77792501,0.63855743,0.67447674,0.57418674,0.94001567,1.05270064
Domestic general government health expenditure (% of GDP),SH.XPD.GHED.GD.ZS,Nepal,NPL,0.79,0.66,0.65,0.75,0.85,0.68,0.71,0.8,0.79,0.8,0.79,0.76,0.87,0.91,1.01,1.07,1.07,1.1,1.57,1.8
Domestic general government health expenditure (% of GDP),SH.XPD.GHED.GD.ZS,Mozambique,MOZ,1.2326442,1.22760653,1.16731966,1.48059738,1.18389058,1.21262467,1.24205959,1.31300271,1.2781167,1.27621472,1.26101863,1.51853013,1.74078834,1.81552148,1.74219394,1.74276435,1.80703926,1.84061074,2.39674187,2.57044268
Domestic general government health expenditure (% of GDP),SH.XPD.GHED.GD.ZS,Sudan,SDN,1.128654,1.26332223,1.57302713,1.59963596,1.77735722,2.0494504,1.73194993,2.6293633,1.64626622,1.28281784,1.49337018,1.15195048,1.43453598,0.82485694,1.28979421,1.06663251,1.03918159,1.03844607,1.03047943,0.76719153
Domestic general government health expenditure (% of GDP),SH.XPD.GHED.GD.ZS,Madagascar,MDG,1.7439034,2.16966605,2.17584658,1.93354094,1.89293754,1.90482342,1.41112781,1.30747759,1.86784208,1.67813444,1.48979211,1.30425918,1.74814212,1.99010992,2.37194586,2.24615121,1.50361967,0.68268955,0.68988532,0.73712856
Domestic general government health expenditure (% of GDP),SH.XPD.GHED.GD.ZS,Rwanda,RWA,0.75874555,2.30581403,1.92855704,1.61526906,1.48286724,1.74706471,1.81512129,1.88223851,2.03978682,2.19846153,2.05578661,2.17317319,2.19436383,2.10574889,2.23370934,2.2288599,2.34174061,2.51631737,3.02292728,2.98952579
Domestic general government health expenditure (% of current health expenditure),SH.XPD.GHED.CH.ZS,United States,USA,45.20059967,44.97433853,45.42226028,45.47591019,46.30714035,46.33991623,47.4914856,48.50181961,48.84960175,48.93149185,48.82702637,49.496315,50.77487946,51.37872314,51.19651794,51.16881943,51.44694519,51.806633,57.00815201,55.40325165
Domestic general government health expenditure (% of current health expenditure),SH.XPD.GHED.CH.ZS,Germany,DEU,77.82165527,77.40776062,75.89346313,75.67469025,75.23641205,75.1645813,75.27427673,75.65245056,75.68952179,75.41264343,75.43839264,76.41500092,77.02052307,76.97198486,77.31069946,77.60137939,77.26408386,77.16374969,78.50225067,79.04927826
Domestic general government health expenditure (% of current health expenditure),SH.XPD.GHED.CH.ZS,Japan,JPN,80.75,79.96,80.27,81.17,80.32,81.25,81.17,81.29,81.93,83.74,83.93,84.26,84.12,84.08,84.04,84.21,83.77,83.96,84.86,84.72
Domestic general government health expenditure (% of current health expenditure),SH.XPD.GHED.CH.ZS,Norway,NOR,82.88,83.17,83.02,83.05,83.34,83.7,84.13,84.44,84.68,84.42,84.76,85.02,85.29,85.51,85.38,85.12,85.7,85.72,85.97,85.9
Domestic general government health expenditure (% of current health expenditure),SH.XPD.GHED.CH.ZS,Australia,AUS,71.93769073,71.34125519,71.68710327,71.83748627,71.66631317,72.90619659,72.32991791,73.01054382,72.35727692,73.26029968,71.23465729,67.7279892,70.11465454,71.02825928,71.10353088,71.25540161,71.47225952,73.73882294,73.68083191,76.03939819
Domestic general government health expenditure (% of current health expenditure),SH.XPD.GHED.CH.ZS,"Korea, Rep.",KOR,56.24820328,55.72341156,56.19721603,55.85694504,58.051548,58.77534103,56.94813156,58.55349731,58.39510345,57.58573914,56.68458176,56.94832993,56.24461365,56.31253433,56.34820938,56.9288063,57.37576294,57.88367844,59.83224487,61.00071716
Domestic general government health expenditure (% of current health expenditure),SH.XPD.GHED.CH.ZS,Canada,CAN,72.43798828,73.13981628,73.06193542,73.03554535,69.435112,69.59056091,69.75370789,70.19909668,69.88223267,70.22858429,70.50048065,70.90926361,70.74804688,70.84063721,69.84086609,69.61568451,69.68502808,69.51062775,73.69656372,72.91928101
Domestic general government health expenditure (% of current health expenditure),SH.XPD.GHED.CH.ZS,United Kingdom,GBR,80.16652679,78.90771484,80.62634277,81.67964172,81.75743866,81.92543793,81.57989502,81.22750092,81.08560181,81.08097839,80.85187531,80.65883636,80.74802399,80.79587555,81.2793808,80.77609253,80.07192993,80.01869202,83.70368958,83.69000244
Domestic general government health expenditure (% of current health expenditure),SH.XPD.GHED.CH.ZS,Switzerland,CHE,31.36301231,31.40574074,30.88531685,31.04800797,30.60895157,30.71067238,31.60577965,32.14887238,33.86542892,34.56546402,35.45184326,33.81949997,33.95838928,33.47252274,33.5905304,33.84525299,34.19487,33.6607132,35.9096756,36.21349335
Domestic general government health expenditure (% of current health expenditure),SH.XPD.GHED.CH.ZS,Italy,ITA,74.96,75.33,76.24,77.49,77.75,77.49,77.68,78.31,78.45,77.01,75.88,75.76,75.42,74.44,74.4,73.74,73.86,73.74,75.93,75.46
Domestic general government health expenditure (% of current health expenditure),SH.XPD.GHED.CH.ZS,Sweden,SWE,82.57,83.13,82.69,82.29,82.36,82.52,82.5,82.51,82.49,84.48,84.22,84.02,84.03,83.96,84.26,84.71,84.78,85.12,86.18,85.92
Domestic general government health expenditure (% of current health expenditure),SH.XPD.GHED.CH.ZS,Brazil,BRA,42.38710403,42.85684204,42.67027283,41.63145828,42.92739105,42.48596954,43.74353027,44.16326523,45.02125168,44.49915695,43.36180878,44.51945496,44.05274582,43.25646591,43.06282425,41.73838425,41.09182358,40.74077988,44.47936249,45.5424614
Domestic general government health expenditure (% of current health expenditure),SH.XPD.GHED.CH.ZS,India,IND,18.16,18.72,17.98,20.13,20.51,20.9,22.63,25.61,26.21,28.87,27.99,23.07,23.66,25.64,26.84,32.95,34.29,35.07,36.3,34.27
Domestic general government health expenditure (% of current health expenditure),SH.XPD.GHED.CH.ZS,South Africa,ZAF,34.52814102,39.63604355,39.36867523,40.00241852,46.9732132,47.79261017,47.35287857,49.73912811,51.32851791,51.8671875,51.72668076,51.15374756,55.56298065,57.07562637,56.59904099,57.23299789,57.15487289,58.34331131,61.78703308,60.38438416
Domestic general government health expenditure (% of current health expenditure),SH.XPD.GHED.CH.ZS,Mexico,MEX,42.68946838,41.50918961,43.45798111,42.23654556,42.8270874,43.81832123,45.91357803,46.66847229,50.21874619,52.8038826,53.0821228,53.75115967,52.08169937,52.20096588,51.27971649,50.53536606,49.62833023,49.16729355,52.88224792,50.09624481
Domestic general government health expenditure (% of current health expenditure),SH.XPD.GHED.CH.ZS,Indonesia,IDN,34.0422821,36.37522888,35.34217453,28.91632652,31.71804619,36.07474518,35.23404312,35.13375854,23.68755341,23.47972488,26.32730865,28.4687748,33.48955154,39.59934235,45.52692032,46.47950745,48.67710495,48.56188965,55.17206192,59.41187668
Domestic general government health expenditure (% of current health expenditure),SH.XPD.GHED.CH.ZS,Philippines,PHL,37.04,36.22,35.72,33.1,32.09,31.32,30.14,30.65,31.9,26.38,26.29,26.21,34.11,37.67,37.26,37.44,38.86,40.6,45.2,39.33
Domestic general government health expenditure (% of current health expenditure),SH.XPD.GHED.CH.ZS,"Egypt, Arab Rep.",EGY,34.46139908,31.92203712,32.51028824,32.28804016,36.02454758,35.28871155,34.39305496,35.04710007,32.93099594,33.84382629,28.70971107,29.26489449,29.54225349,31.24345398,30.86659813,30.97197151,28.46597481,28.20387077,31.92633438,37.67822266
Domestic general government health expenditure (% of current health expenditure),SH.XPD.GHED.CH.ZS,Colombia,COL,76.18750763,77.37968445,73.53205109,71.82027435,72.08561707,70.65239716,69.36102295,72.05204773,72.2251358,73.49957275,69.86154175,69.85743713,70.40434265,70.83104706,70.32949066,71.04096222,71.61445618,69.87634277,71.28707886,72.59104156
Domestic general government health expenditure (% of current health expenditure),SH.XPD.GHED.CH.ZS,Argentina,ARG,54.55613327,54.7124176,51.79897308,51.41910553,52.60231018,54.30963898,55.09854126,59.96014023,58.95255661,60.32122803,62.42686844,63.59713364,65.42355347,66.71373749,65.39312744,64.46273041,58.59922409,60.5684967,63.98451233,63.20693588
Domestic general government health expenditure (% of current health expenditure),SH.XPD.GHED.CH.ZS,Viet Nam,VNM,43.97586823,40.31432724,41.32279587,41.40763474,39.39339447,38.22848892,39.81760406,38.16083908,40.25131989,38.85466385,44.64095306,45.23662567,44.25667953,43.58078766,43.80716324,43.54589462,41.62820816,40.6199913,41.63695908,42.715065
Domestic general government health expenditure (% of current health expenditure),SH.XPD.GHED.CH.ZS,Morocco,MAR,26.62359238,24.45622253,23.88543892,25.20932388,36.87304306,37.57279587,39.01806259,40.3224411,39.90460587,41.98439026,43.21115494,44.27531815,38.73244095,38.83265686,39.37893295,39.70824814,40.19128036,40.53897095,42.23188782,38.85395813
Domestic general government health expenditure (% of current health expenditure),SH.XPD.GHED.CH.ZS,Nigeria,NGA,21.33314896,18.39930725,25.94121552,25.55648804,21.18177032,19.91349602,17.87425423,15.92125893,13.60430336,14.43568802,16.20215034,14.30348778,13.3177433,16.44574738,13.0209322,14.2133503,16.09827423,15.73634243,14.96697235,13.27266693
Domestic general government health expenditure (% of current health expenditure),SH.XPD.GHED.CH.ZS,Ethiopia,ETH,44.1625061,46.45886612,30.73785019,42.14082718,25.12864494,26.65450859,12.01337528,19.50622368,17.26854897,8.52936554,23.4961834,26.98538589,17.72078896,25.25154305,24.99847794,24.93995667,23.19889832,22.60126495,28.23314095,30.52074814
Domestic general government health expenditure (% of current health expenditure),SH.XPD.GHED.CH.ZS,Haiti,HTI,14.24369812,14.61649895,17.09963417,17.65004158,8.32102966,21.72797203,22.15389252,22.33143044,17.86717796,7.13250399,8.22239304,11.58277035,10.36076069,11.05177689,11.0194788,12.17581844,12.19812393,10.4180212,12.57991219,12.21604156
Domestic general government health expenditure (% of current health expenditure),SH.XPD.GHED.CH.ZS,Afghanistan,AFG,0.89142376,7.28044462,5.53527164,5.31934786,4.6865387,5.65336657,6.12099695,5.41736698,5.47462463,5.60622549,4.34189463,5.03476191,4.96025801,5.1722393,5.0778451,5.09581852,3.88780427,3.35139465,7.63642311,3.30272126
Domestic general government health expenditure (% of current health expenditure),SH.XPD.GHED.CH.ZS,Bangladesh,BGD,24.30713272,24.61206818,24.06328011,21.87779617,22.7309761,22.48718262,20.9189682,19.93485069,20.56865692,20.40087318,19.95433998,19.04660416,18.51753426,17.09586334,19.90324593,21.22780418,20.96880913,19.79063225,18.04669762,16.88323593
Domestic general government health expenditure (% of current health expenditure),SH.XPD.GHED.CH.ZS,Uganda,UGA,30.73032188,34.26210022,29.08409882,17.78602409,15.17270851,16.8660984,17.20660019,14.28214169,16.11385536,13.56997776,15.1402874,16.84941292,17.81628418,15.15355301,15.6786232,15.97236347,16.77466774,15.11674786,21.85073853,22.53227997
Domestic general government health expenditure (% of current health expenditure),SH.XPD.GHED.CH.ZS,Nepal,NPL,20.13,17.12,15.99,19.06,23.9,18.47,18.63,20.41,18.13,17.89,17.52,16.34,17.21,16.63,18.58,22.56,23.57,24.81,30.05,33.2
Domestic general government health expenditure (% of current health expenditure),SH.XPD.GHED.CH.ZS,Mozambique,MOZ,37.61099243,36.15564346,31.78746223,33.83922195,28.95491028,30.85032272,29.42297745,25.23112679,23.49941826,25.5083828,24.03585434,24.78886986,27.48966789,27.03023148,23.92681694,22.23585129,22.339571,23.14440155,31.66282845,28.39583206
Domestic general government health expenditure (% of current health expenditure),SH.XPD.GHED.CH.ZS,Sudan,SDN,34.20050812,32.46046829,37.85013962,39.070961,36.38067627,36.19216156,31.93631744,41.11616135,32.54711533,22.84302902,26.2535038,16.53942871,25.27283669,14.19444275,22.69012833,18.02452278,23.28133202,22.7021122,34.17627716,27.04865837
Domestic general government health expenditure (% of current health expenditure),SH.XPD.GHED.CH.ZS,Madagascar,MDG,35.40578461,43.36933517,41.43759537,37.07242203,37.32104111,41.33141327,34.57699585,29.81909943,39.76140213,37.11377335,38.09178162,34.7657547,39.17490768,39.75247574,44.48103333,46.77279663,35.55943298,22.01306152,18.52955818,21.03363609
Domestic general government health expenditure (% of current health expenditure),SH.XPD.GHED.CH.ZS,Rwanda,RWA,24.23161316,33.24933624,25.68224907,20.90827942,19.48679924,22.22127724,23.98719215,24.10978508,25.22313118,27.69262123,25.35917282,32.06929779,31.39990044,31.6441555,32.09072113,34.8804512,34.95684433,39.66534805,40.43887329,40.8235054
Current health expenditure per capita (current US$),SH.XPD.CHEX.PC.CD,United States,USA,5304.52001953,5708.55175781,6047.81835938,6404.18603516,6779.22753906,7132.44677734,7347.45458984,7602.74560547,7833.04492188,8021.59326172,8274.37207031,8433.69824219,8828.4765625,9248.93457031,9599.890625,9902.81835938,10280.52636719,10658.39746094,11758.42480469,12012.24121094
Current health expenditure per capita (current US$),SH.XPD.CHEX.PC.CD,Germany,DEU,2567.50292969,3152.79418945,3459.82495117,3558.21337891,3698.04370117,4182.91601563,4669.76025391,4674.91943359,4611.421875,5037.49169922,4765.67871094,5100.15234375,5309.15478516,4627.35791016,4746.87011719,5070.19580078,5511.21435547,5486.98876953,5936.25146484,6626.00488281
Current health expenditure per capita (current US$),SH.XPD.CHEX.PC.CD,Japan,JPN,2416,2654,2888,2895,2766,2783,3225,3699,4074,5107,5235,4358,4122,3755,4200,4148,4288,4463,4436,4347
Current health expenditure per capita (current US$),SH.XPD.CHEX.PC.CD,Norway,NOR,3890,4633,5097,5585,5893,6896,7768,7302,7860,8900,8970,9241,9118,7566,7497,7816,8272,8007,7825,9163
Current health expenditure per capita (current US$),SH.XPD.CHEX.PC.CD,Australia,AUS,1763.69567871,2240.74609375,2760.83081055,3014.10473633,3194.03076172,3815.33642578,4107.01269531,4011.93261719,4975.47070313,5909.14990234,6071.65087891,5843.17382813,6130.99853516,5322.97119141,5453.92480469,5813.61376953,5857.28808594,5545.91064453,5958.765625,7055.36816406
Current health expenditure per capita (current US$),SH.XPD.CHEX.PC.CD,"Korea, Rep.",KOR,531.89007568,633.09393311,708.57940674,887.69561768,1062.19836426,1204.76379395,1137.20910645,1099.13916016,1363.56091309,1507.55664063,1553.32824707,1682.76391602,1880.4420166,1894.34753418,2008.0982666,2220.56420898,2501.13964844,2605.9934082,2648.22412109,3260.44873047
Current health expenditure per capita (current US$),SH.XPD.CHEX.PC.CD,Canada,CAN,2149.37939453,2552.26391602,2916.2512207,3291.22070313,3788.68603516,4221.92871094,4491.22900391,4368.85693359,5083.98193359,5423.05908203,5538.93554688,5483.25585938,5231.73632813,4677.83007813,4667.703125,4920.72851563,5080.32324219,5115.97607422,5668.34765625,6470.06787109
Current health expenditure per capita (current US$),SH.XPD.CHEX.PC.CD,United Kingdom,GBR,2306.12841797,2784.53955078,3366.34155273,3536.32299805,3857.4855957,4367.53564453,4297.47509766,3914.19580078,3956.38891602,4199.08398438,4242.23486328,4304.47802734,4697.76025391,4433.85839844,4017.34228516,3910.81420898,4226.20507813,4268.67724609,4906.23974609,5738.48486328
Current health expenditure per capita (current US$),SH.XPD.CHEX.PC.CD,Switzerland,CHE,4211.72949219,5018.52734375,5608.703125,5673.93994141,5671.98144531,6154.703125,7120.65283203,7297.37988281,7640.44921875,9138.3671875,8753.8203125,9118.18945313,9307.96875,9082.45019531,9078.75878906,9119.96972656,9212.43261719,9341.0625,10085.45605469,10897.45019531
Current health expenditure per capita (current US$),SH.XPD.CHEX.PC.CD,Italy,ITA,1763,2163,2566,2678,2833,3093,3504,3338,3218,3392,3086,3149,3154,2676,2700,2810,3003,2911,3062,3350
Current health expenditure per capita (current US$),SH.XPD.CHEX.PC.CD,Sweden,SWE,2459,3110,3488,3548,3765,4310,4628,4136,4416,6351,6254,6697,6606,5599,5681,5838,6005,5653,6003,6901
Current health expenditure per capita (current US$),SH.XPD.CHEX.PC.CD,Brazil,BRA,245.66194153,250.3089447,294.3838501,383.5508728,483.91915894,600.63568115,705.13397217,719.42651367,893.77508545,1028.0847168,953.703125,977.81689453,1013.56842041,782.52294922,795.93798828,937.34289551,863.28173828,850.43286133,704.99536133,761.26776123
Current health expenditure per capita (current US$),SH.XPD.CHEX.PC.CD,India,IND,20,22,25,27,29,36,38,38,45,48,49,56,57,58,60,57,58,61,64,74
Current health expenditure per capita (current US$),SH.XPD.CHEX.PC.CD,South Africa,ZAF,180.86155701,288.37631226,365.53488159,404.39968872,422.18884277,460.02288818,446.90435791,492.94265747,628.12860107,694.10058594,654.25469971,602.6763916,547.83441162,499.36334229,463.34463501,536.77722168,570.09777832,551.4352417,492.20724487,583.67108154
Current health expenditure per capita (current US$),SH.XPD.CHEX.PC.CD,Mexico,MEX,388.02792358,414.04000854,448.06021118,485.67388916,516.06396484,560.4942627,576.71539307,496.8142395,539.26550293,570.73046875,587.82843018,631.21350098,615.10314941,558.1651001,492.87399292,514.88970947,530.64782715,552.70422363,538.51751709,610.64532471
Current health expenditure per capita (current US$),SH.XPD.CHEX.PC.CD,Indonesia,IDN,19.14863396,25.73569489,26.21132469,34.40548706,44.80917358,56.52228165,59.79582214,62.98189545,86.36213684,108.03186035,106.90163422,103.37931824,103.05883789,97.16175842,107.52870941,111.51396179,111.91187286,119.4984436,133.25634766,160.64176941
Current health expenditure per capita (current US$),SH.XPD.CHEX.PC.CD,Philippines,PHL,27,32,34,47,55,65,77,79,91,98,112,122,109,116,120,122,126,142,166,203
Current health expenditure per capita (current US$),SH.XPD.CHEX.PC.CD,"Egypt, Arab Rep.",EGY,65.58682251,51.60063553,51.60012436,60.99180603,68.03048706,75.12869263,92.32979584,101.21813965,107.41892242,118.69612122,142.75941467,142.59768677,158.20581055,173.5194397,145.2776947,107.98847961,120.22325897,145.31028748,150.90655518,179.68119812
Current health expenditure per capita (current US$),SH.XPD.CHEX.PC.CD,Colombia,COL,131.76092529,129.33969116,159.20832825,209.22647095,239.64555359,309.1078186,378.67913818,383.54962158,452.0512085,501.29830933,546.21148682,579.87963867,586.87640381,468.60543823,447.06994629,495.27026367,517.15844727,500.73138428,462.2328186,557.53948975
Current health expenditure per capita (current US$),SH.XPD.CHEX.PC.CD,Argentina,ARG,222.64750671,260.9826355,310.21994019,390.80447388,453.63934326,569.28839111,742.90466309,781.77801514,980.1362915,1202.56396484,1361.99157715,1415.21008301,1280.61486816,1525.05310059,1258.3079834,1494.83605957,1216.10681152,1016.23083496,895.08465576,1044.77270508
Current health expenditure per capita (current US$),SH.XPD.CHEX.PC.CD,Viet Nam,VNM,21.37000656,24.29984856,31.21098709,38.00711441,45.87312698,53.68240356,64.11656189,69.80870819,85.4039917,97.18331909,109.55066681,104.46191406,120.02687836,122.27213287,134.44548035,149.30879211,164.23649597,173.64949036,154.23510742,172.55297852
Current health expenditure per capita (current US$),SH.XPD.CHEX.PC.CD,Morocco,MAR,63.35457993,77.51076508,90.9294281,96.96191406,110.00260162,131.66958618,153.10005188,165.44444275,168.37710571,179.04853821,172.05938721,179.73484802,188.40020752,162.5098114,161.82783508,166.4662323,175.27603149,177.24557495,193.10235596,221.11485291
Current health expenditure per capita (current US$),SH.XPD.CHEX.PC.CD,Nigeria,NGA,18.06385422,39.0772438,44.16435242,53.92662048,65.7237854,69.15039063,80.09986115,68.00685883,75.58924866,83.10647583,91.06047821,100.81700897,106.11964417,96.28328705,78.23602295,72.77430725,65.70272064,69.68148041,69.76184845,83.84061432
Current health expenditure per capita (current US$),SH.XPD.CHEX.PC.CD,Ethiopia,ETH,5.19038343,5.76164436,5.79775095,6.55709887,8.53116226,11.78915215,13.22203732,15.36375141,16.40672684,14.83500671,20.28753662,19.53577042,21.90294838,23.53430557,24.67317772,24.51061249,23.84538269,26.22917175,28.69671059,26.47735214
Current health expenditure per capita (current US$),SH.XPD.CHEX.PC.CD,Haiti,HTI,22.22666931,18.49892044,23.90322304,25.11820602,28.96251106,37.40650558,40.25810623,41.22427368,55.5110321,76.81674194,74.79749298,59.15798187,64.86157227,68.24273682,59.83052063,53.5790062,62.01782608,49.08563995,44.17983627,57.87849426
Current health expenditure per capita (current US$),SH.XPD.CHEX.PC.CD,Afghanistan,AFG,17.00758553,17.81492424,21.42946434,25.10707283,28.91982269,32.71720505,39.96989822,43.26076889,46.57987976,52.36304855,52.61354065,56.30554199,60.18957901,60.05854034,61.48645782,66.90921783,71.33430481,74.23410797,80.28805542,81.31976318
Current health expenditure per capita (current US$),SH.XPD.CHEX.PC.CD,Bangladesh,BGD,9.37759209,10.3110857,11.10974789,11.61940002,12.37925339,14.41430759,15.99568462,18.20583725,21.15062714,23.28593445,23.89686203,27.40725899,30.29579544,33.53680038,39.55920792,42.27734375,44.74491119,47.66782379,50.66413116,57.93856812
Current health expenditure per capita (current US$),SH.XPD.CHEX.PC.CD,Uganda,UGA,15.7368412,14.2323103,18.61294365,25.88375473,31.62604523,36.13018799,40.08214951,44.42161942,51.96447372,55.3051796,55.14218903,53.0015564,51.04053879,40.15630341,39.13254166,31.47759247,32.99159622,33.40487289,36.87842941,43.44807434
Current health expenditure per capita (current US$),SH.XPD.CHEX.PC.CD,Nepal,NPL,10,11,13,14,14,17,19,21,30,34,34,35,42,47,47,49,50,53,58,65
Current health expenditure per capita (current US$),SH.XPD.CHEX.PC.CD,Mozambique,MOZ,9.95218277,11.15465164,14.22916508,18.49229622,18.09505653,19.3034668,24.26328468,27.63411713,26.17583847,30.28253746,35.03115845,41.17826843,43.08488846,39.91206741,31.38208961,36.26471329,40.8117218,40.41284943,34.37060928,44.52215576
Current health expenditure per capita (current US$),SH.XPD.CHEX.PC.CD,Sudan,SDN,17.47236824,23.6236248,30.63433456,38.71856689,57.64347458,84.978302,85.98817444,83.10632324,76.49365234,83.55038452,79.18972778,102.35591125,93.15203094,98.24565125,93.67060852,71.14331818,35.53091431,35.51281357,23.34439278,21.58010864
Current health expenditure per capita (current US$),SH.XPD.CHEX.PC.CD,Madagascar,MDG,15.31476879,17.98666191,14.57165813,16.26181221,16.76423645,19.71751213,21.33732986,19.96823883,21.57974052,23.37224197,19.71853828,19.75903702,23.07670021,22.81040573,24.77560616,24.17928314,21.67276382,15.88729572,17.21605492,17.64008904
Current health expenditure per capita (current US$),SH.XPD.CHEX.PC.CD,Rwanda,RWA,7.34832239,17.29731369,20.29362106,25.10174942,27.24308205,33.58434677,40.0471344,44.08419418,48.02530289,51.65081787,57.216465,47.7094574,50.62351608,48.80509567,50.70415497,48.34190369,51.54394531,51.18757629,57.91234207,60.2185936
Current health expenditure (% of GDP),SH.XPD.CHEX.GD.ZS,United States,USA,13.9952774,14.50551128,14.55115986,14.57938957,14.70870876,14.91824913,15.20718479,16.20063591,16.19719124,16.13996315,16.11969566,15.99170876,16.19919777,16.49056816,16.80215836,16.76750183,16.62964439,16.66580582,18.75621986,17.3625679
Current health expenditure (% of GDP),SH.XPD.CHEX.GD.ZS,Germany,DEU,10.18365669,10.40202236,10.14603233,10.31153965,10.17995167,10.05132961,10.25128746,11.23791218,11.09592915,10.77844906,10.85345554,10.99905777,11.02588272,11.19047737,11.241889,11.33617592,11.48051548,11.71550655,12.69255257,12.93412971
Current health expenditure (% of GDP),SH.XPD.CHEX.GD.ZS,Japan,JPN,7.35,7.49,7.54,7.66,7.69,7.78,8.09,8.96,9.06,10.49,10.67,10.67,10.73,10.75,10.66,10.66,10.74,10.97,11,10.82
Current health expenditure (% of GDP),SH.XPD.CHEX.GD.ZS,Norway,NOR,8.98,9.19,8.8,8.3,7.88,8.02,7.92,9.03,8.86,8.73,8.72,8.87,9.28,10.07,10.53,10.23,9.96,10.44,11.42,10.08
Current health expenditure (% of GDP),SH.XPD.CHEX.GD.ZS,Australia,AUS,7.87627029,7.88087225,8.08708572,7.97029352,7.97702456,8.05496502,8.24855137,8.54473877,8.42025661,8.53744984,8.67456913,8.75058746,9.83354282,10.18225861,10.09288597,10.12281322,10.05971909,10.21965981,10.6837368,10.54363918
Current health expenditure (% of GDP),SH.XPD.CHEX.GD.ZS,"Korea, Rep.",KOR,4.0143261,4.28309107,4.26715517,4.54809093,4.84870243,4.95489931,5.24600267,5.65905666,5.81980991,5.91454506,6.0325017,6.15069818,6.40432453,6.58926058,6.87049913,7.04742336,7.49119806,8.17479515,8.3497715,9.33145523
Current health expenditure (% of GDP),SH.XPD.CHEX.GD.ZS,Canada,CAN,8.85670471,9.01090145,9.06628132,9.03540611,9.34210205,9.44540119,9.60754967,10.66225815,10.67611408,10.37950897,10.50971508,10.41174984,10.25765324,10.73869705,11.0319252,10.90631104,10.90542507,11.00887775,13.0351181,12.3341074
Current health expenditure (% of GDP),SH.XPD.CHEX.GD.ZS,United Kingdom,GBR,7.65009499,8.05579185,8.30715179,8.36301231,8.62893772,8.62399578,9.02561569,10.04505444,9.92673969,9.92486763,9.95296001,9.87251186,9.86246872,9.79776669,9.72899723,9.5958786,9.73079777,9.95761967,12.15863419,12.36469936
Current health expenditure (% of GDP),SH.XPD.CHEX.GD.ZS,Switzerland,CHE,9.88000202,10.13696766,10.22576523,10.05823421,9.58019924,9.41693878,9.53167629,10.1415062,9.93353558,10.04628563,10.14446354,10.37922478,10.42800808,10.77887917,10.9900341,11.0451622,10.77226162,11.06363678,11.73206806,11.80107975
Current health expenditure (% of GDP),SH.XPD.CHEX.GD.ZS,Italy,ITA,7.87,7.83,8.17,8.34,8.44,8.14,8.53,8.95,8.92,8.77,8.78,8.78,8.87,8.86,8.73,8.68,8.68,8.66,9.63,9.38
Current health expenditure (% of GDP),SH.XPD.CHEX.GD.ZS,Sweden,SWE,8.21,8.32,8.13,8.15,8.05,8,8.21,8.77,8.32,10.42,10.74,10.9,10.95,10.8,10.85,10.79,10.94,10.83,11.33,11.25
Current health expenditure (% of GDP),SH.XPD.CHEX.GD.ZS,Brazil,BRA,8.69686985,8.18899441,8.12491989,8.03539562,8.24952507,8.20182991,8.01128483,8.39480495,7.94516611,7.78819132,7.73637724,7.9766016,8.39644146,8.90929985,9.16901493,9.47124863,9.46475029,9.61449146,10.18235016,9.89072323
Current health expenditure (% of GDP),SH.XPD.CHEX.GD.ZS,India,IND,4.24,4.01,3.96,3.79,3.63,3.52,3.51,3.49,3.27,3.25,3.33,3.75,3.62,3.6,3.5,2.94,2.86,2.95,3.34,3.28
Current health expenditure (% of GDP),SH.XPD.CHEX.GD.ZS,South Africa,ZAF,6.67774487,7.04098177,6.938416,6.86216164,6.87650871,6.90510845,7.14832258,7.64941454,7.79358244,7.94434404,8.00428867,8.10322285,7.87136555,8.05304241,8.07959366,7.97711229,8.08820343,8.24418926,8.57258797,8.27309132
Current health expenditure (% of GDP),SH.XPD.CHEX.GD.ZS,Mexico,MEX,5.07164288,5.81486416,5.95390368,5.83612156,5.65525532,5.76644468,5.69886971,6.12978411,5.73688889,5.51883602,5.66522074,5.80923605,5.55340958,5.72277355,5.55345821,5.45759058,5.38345814,5.44796371,6.22204065,6.07868719
Current health expenditure (% of GDP),SH.XPD.CHEX.GD.ZS,Indonesia,IDN,1.98062706,2.24837184,2.12002277,2.53189397,2.61946416,2.82385564,2.54842305,2.62324095,2.7908783,2.98942471,2.91427088,2.86934805,2.96433568,2.92428517,3.02147198,2.90417194,2.86757827,2.87862897,3.42067289,3.70636249
Current health expenditure (% of GDP),SH.XPD.CHEX.GD.ZS,Philippines,PHL,2.64,3.08,3.05,3.74,3.78,3.75,3.86,4.16,4.13,4.03,4.18,4.27,3.7,3.9,3.95,3.96,3.95,4.17,5.16,5.87
Current health expenditure (% of GDP),SH.XPD.CHEX.GD.ZS,"Egypt, Arab Rep.",EGY,5.5107379,5.2242527,4.85732365,4.92229176,4.84190083,4.44493246,4.46634817,4.37870932,4.15319157,4.35707569,4.45891809,4.6710043,4.77415323,5.06153202,5.07462406,5.34661913,4.74892998,4.5994668,4.15384626,4.60955143
Current health expenditure (% of GDP),SH.XPD.CHEX.GD.ZS,Colombia,COL,5.73296595,5.77505445,5.79892111,6.06710529,6.33546638,6.49102163,6.84192228,7.3113451,7.07130146,6.78076792,6.74601603,7.01724052,7.18553209,7.52338552,7.53117037,7.67864323,7.62541437,7.77954912,8.71432114,9.01772404
Current health expenditure (% of GDP),SH.XPD.CHEX.GD.ZS,Argentina,ARG,7.3933115,6.89451647,7.22868252,7.61078882,7.64032793,7.83455086,8.1826973,9.45599556,9.44546413,9.41819859,9.82726669,9.78097916,9.67129993,10.22933674,9.85558891,10.23174763,10.29146862,10.04194355,10.34701538,9.70880699
Current health expenditure (% of GDP),SH.XPD.CHEX.GD.ZS,Viet Nam,VNM,3.87075853,3.94229889,4.08791971,4.31821251,4.56979847,4.62917614,4.36028337,4.48502922,5.07146072,4.97468519,5.00178242,4.41233158,4.69078779,4.71140909,4.86994743,4.99014759,5.02678823,4.97407484,4.30061865,4.59346437
Current health expenditure (% of GDP),SH.XPD.CHEX.GD.ZS,Morocco,MAR,4.06117535,4.08037519,4.23211098,4.37350655,4.56586647,4.80759001,4.83789158,5.27312183,5.41861057,5.37019396,5.39619017,5.25540543,5.41626596,5.10435581,5.09203386,4.98920393,4.94516659,4.99129868,5.83834505,5.73834944
Current health expenditure (% of GDP),SH.XPD.CHEX.GD.ZS,Nigeria,NGA,2.49063969,5.05360985,4.63368416,4.46591949,4.25775146,3.90997243,3.69581532,3.5801971,3.29653287,3.32077932,3.35984254,3.4206934,3.34840417,3.58194995,3.64773679,3.74762511,3.09069347,2.98547053,3.38063431,4.07625723
Current health expenditure (% of GDP),SH.XPD.CHEX.GD.ZS,Ethiopia,ETH,4.7126298,4.89970922,4.31281853,4.10098124,4.45757294,5.00128317,4.28063869,4.64983416,5.46637249,4.46897745,4.5395956,4.07506514,4.03365517,3.82316828,3.60033751,3.45336914,3.30371761,3.23382378,3.48096275,3.20824432
Current health expenditure (% of GDP),SH.XPD.CHEX.GD.ZS,Haiti,HTI,3.43250132,3.53695321,3.42928433,3.30554652,3.48013902,3.64734101,3.75722051,3.50277376,4.54871035,5.91197777,5.56462336,4.10524035,4.52035809,5.07518148,4.80760574,3.8199389,4.31650305,3.91107917,3.22171092,3.47919273
Current health expenditure (% of GDP),SH.XPD.CHEX.GD.ZS,Afghanistan,AFG,9.44339085,8.94125843,9.80847359,9.94828892,10.62276554,9.90467453,10.25649548,9.81848717,8.56967163,8.56190777,7.89716864,8.80596447,9.52887821,10.10534763,11.81859016,12.62081718,14.20841885,14.83131981,15.53361416,21.82794952
Current health expenditure (% of GDP),SH.XPD.CHEX.GD.ZS,Bangladesh,BGD,1.93417108,1.96152198,1.99854314,2.05873919,2.10646582,2.17268491,2.11878848,2.18321705,2.28807664,2.36418128,2.3537879,2.29574466,2.27915168,2.27217698,2.38938212,2.36720181,2.31622243,2.25762248,2.27063942,2.36492991
Current health expenditure (% of GDP),SH.XPD.CHEX.GD.ZS,Uganda,UGA,4.77135611,4.29918194,4.7002449,5.80518579,6.46332979,6.1131134,5.45476198,5.78845549,6.80890226,6.6959095,6.10853958,5.78252411,5.33653069,5.0745697,4.96169233,3.99788952,4.02080536,3.79834843,4.30198574,4.67196703
Current health expenditure (% of GDP),SH.XPD.CHEX.GD.ZS,Nepal,NPL,3.94,3.86,4.05,3.95,3.54,3.67,3.82,3.9,4.36,4.45,4.49,4.63,5.08,5.47,5.42,4.72,4.53,4.45,5.21,5.42
Current health expenditure (% of GDP),SH.XPD.CHEX.GD.ZS,Mozambique,MOZ,3.2773509,3.39533854,3.67226458,4.37538815,4.08873844,3.93067098,4.22139311,5.20390034,5.43892908,5.00311899,5.24640608,6.12585449,6.33251858,6.71663332,7.28134441,7.83763266,8.0889616,7.95272589,7.56957626,9.05218315
Current health expenditure (% of GDP),SH.XPD.CHEX.GD.ZS,Sudan,SDN,3.30010891,3.89187932,4.15593481,4.09418154,4.88544321,5.66269159,5.42313576,6.39496326,5.05810165,5.61579561,5.68827009,6.96487474,5.67619705,5.81112576,5.68438482,5.91767406,4.46358299,4.57422638,3.01518917,2.83633852
Current health expenditure (% of GDP),SH.XPD.CHEX.GD.ZS,Madagascar,MDG,4.92547607,5.00276518,5.25089979,5.2155776,5.07203817,4.60865784,4.08111715,4.38469839,4.69762659,4.521595,3.9110589,3.75156283,4.46240282,5.0062542,5.33248854,4.80225992,4.22846937,3.10129309,3.72316122,3.5045228
Current health expenditure (% of GDP),SH.XPD.CHEX.GD.ZS,Rwanda,RWA,3.13122177,6.93491793,7.50929976,7.72549963,7.60959911,7.86212587,7.5670433,7.80694866,8.08696938,7.93879843,8.10667801,6.77649164,6.98844194,6.65446424,6.96060848,6.38999748,6.69894743,6.34386826,7.47530079,7.32305002
Proportion of population spending more than 25% of household consumption or income on out-of-pocket health care expenditure (%),SH.UHC.OOPC.25.ZS,United States,USA,0.99,0.95,0.89,0.97,0.82,..,0.72,0.73,..,0.85,0.86,0.78,0.74,0.77,0.66,0.73,0.77,0.74,0.73,0.89
Proportion of population spending more than 25% of household consumption or income on out-of-pocket health care expenditure (%),SH.UHC.OOPC.25.ZS,Germany,DEU,..,..,..,..,..,..,..,..,0.1,..,..,..,..,..,..,..,..,..,..,..
Proportion of population spending more than 25% of household consumption or income on out-of-pocket health care expenditure (%),SH.UHC.OOPC.25.ZS,Japan,JPN,..,..,..,..,..,..,..,..,1.6,1.6,1.7,1.6,1.6,1.6,1.6,1.6,1.7,1.9,1.8,2
Proportion of population spending more than 25% of household consumption or income on out-of-pocket health care expenditure (%),SH.UHC.OOPC.25.ZS,Norway,NOR,..,..,..,..,..,..,..,..,..,..,..,..,..,..,..,..,..,..,..,..
Proportion of population spending more than 25% of household consumption or income on out-of-pocket health care expenditure (%),SH.UHC.OOPC.25.ZS,Australia,AUS,..,..,..,..,..,..,..,0.33,..,..,..,..,..,0.4,..,..,..,..,..,..
Proportion of population spending more than 25% of household consumption or income on out-of-pocket health care expenditure (%),SH.UHC.OOPC.25.ZS,"Korea, Rep.",KOR,..,0.91,0.84,1.43,1.78,2.27,1.88,2.01,1.74,1.72,1.57,1.71,1.91,2.14,1.96,1.41,2.87,..,..,..
Proportion of population spending more than 25% of household consumption or income on out-of-pocket health care expenditure (%),SH.UHC.OOPC.25.ZS,Canada,CAN,0.5,0.6,0.5,0.4,0.7,0.6,0.6,0.5,..,..,..,..,0.8,0.5,0.7,0.9,..,0.8,..,..
Proportion of population spending more than 25% of household consumption or income on out-of-pocket health care expenditure (%),SH.UHC.OOPC.25.ZS,United Kingdom,GBR,..,..,..,0.34,..,..,..,..,0.44,..,..,0.48,0.4,..,0.51,0.51,0.37,0.46,0.56,..
Proportion of population spending more than 25% of household consumption or income on out-of-pocket health care expenditure (%),SH.UHC.OOPC.25.ZS,Switzerland,CHE,..,..,..,..,1.03,0.49,0.47,0.42,0.46,0.5,0.64,0.58,0.4,0.29,0.26,0.32,..,..,..,..
Proportion of population spending more than 25% of household consumption or income on out-of-pocket health care expenditure (%),SH.UHC.OOPC.25.ZS,Italy,ITA,..,..,..,..,..,..,..,..,1.08,..,..,..,..,..,..,..,..,..,..,..
Proportion of population spending more than 25% of household consumption or income on out-of-pocket health care expenditure (%),SH.UHC.OOPC.25.ZS,Sweden,SWE,..,..,..,..,..,..,..,..,..,..,..,..,..,..,..,..,..,..,..,..
Proportion of population spending more than 25% of household consumption or income on out-of-pocket health care expenditure (%),SH.UHC.OOPC.25.ZS,Brazil,BRA,..,..,..,..,..,..,2.09,..,..,..,..,..,..,..,..,1.88,..,..,..,..
Proportion of population spending more than 25% of household consumption or income on out-of-pocket health care expenditure (%),SH.UHC.OOPC.25.ZS,India,IND,..,3.5,..,..,3.84,2.79,..,3.28,..,4.55,..,..,..,..,..,6.67,..,..,..,..
Proportion of population spending more than 25% of household consumption or income on out-of-pocket health care expenditure (%),SH.UHC.OOPC.25.ZS,South Africa,ZAF,..,..,..,0.19,..,..,0.55,..,..,..,..,..,0.12,..,..,..,..,..,..,..
Proportion of population spending more than 25% of household consumption or income on out-of-pocket health care expenditure (%),SH.UHC.OOPC.25.ZS,Mexico,MEX,..,..,..,..,..,..,0.73,..,0.66,..,0.49,..,0.57,..,0.23,..,0.62,..,1.22,..
Proportion of population spending more than 25% of household consumption or income on out-of-pocket health care expenditure (%),SH.UHC.OOPC.25.ZS,Indonesia,IDN,0.33,..,0.33,0.34,0.25,0.33,..,0.48,0.47,0.91,0.89,0.92,1.17,0.41,0.9,0.87,0.91,0.53,0.43,0.35
Proportion of population spending more than 25% of household consumption or income on out-of-pocket health care expenditure (%),SH.UHC.OOPC.25.ZS,Philippines,PHL,..,0.61,..,..,0.98,..,..,1.01,..,..,1.29,..,..,1.41,..,..,..,..,..,..
Proportion of population spending more than 25% of household consumption or income on out-of-pocket health care expenditure (%),SH.UHC.OOPC.25.ZS,"Egypt, Arab Rep.",EGY,..,..,..,..,..,..,0.89,..,..,..,3.9,..,..,5.07,..,6.1,..,..,..,..
Proportion of population spending more than 25% of household consumption or income on out-of-pocket health care expenditure (%),SH.UHC.OOPC.25.ZS,Colombia,COL,..,..,..,..,..,..,3.11,..,..,..,..,..,..,..,2.23,..,..,..,..,..
Proportion of population spending more than 25% of household consumption or income on out-of-pocket health care expenditure (%),SH.UHC.OOPC.25.ZS,Argentina,ARG,..,..,4.7,..,..,..,..,..,..,..,..,..,..,..,..,2.54,..,..,..,..
Proportion of population spending more than 25% of household consumption or income on out-of-pocket health care expenditure (%),SH.UHC.OOPC.25.ZS,Viet Nam,VNM,2.95,..,4.05,..,3.83,..,3.6,..,2.14,..,2.03,..,2.07,..,1.9,..,2.43,..,1.73,..
Proportion of population spending more than 25% of household consumption or income on out-of-pocket health care expenditure (%),SH.UHC.OOPC.25.ZS,Morocco,MAR,..,..,..,..,2.7,..,..,..,..,..,..,2,..,..,..,..,..,0.9,..,..
Proportion of population spending more than 25% of household consumption or income on out-of-pocket health care expenditure (%),SH.UHC.OOPC.25.ZS,Nigeria,NGA,..,10.34,..,..,..,..,..,8.92,5.36,..,4.42,..,..,4.52,..,..,4.09,..,..,..
Proportion of population spending more than 25% of household consumption or income on out-of-pocket health care expenditure (%),SH.UHC.OOPC.25.ZS,Ethiopia,ETH,..,..,0.18,..,..,..,..,..,..,0.2,..,..,..,0.27,..,..,0.57,..,..,..
Proportion of population spending more than 25% of household consumption or income on out-of-pocket health care expenditure (%),SH.UHC.OOPC.25.ZS,Haiti,HTI,..,..,..,..,..,..,..,..,..,..,1.83,3.98,..,..,..,..,..,..,..,..
Proportion of population spending more than 25% of household consumption or income on out-of-pocket health care expenditure (%),SH.UHC.OOPC.25.ZS,Afghanistan,AFG,..,..,..,..,..,0.07,..,..,..,..,..,2.01,..,..,5.61,..,..,..,8.03,..
Proportion of population spending more than 25% of household consumption or income on out-of-pocket health care expenditure (%),SH.UHC.OOPC.25.ZS,Bangladesh,BGD,..,..,..,3.59,..,..,..,..,4.52,..,..,..,..,..,8.45,..,..,..,..,..
Proportion of population spending more than 25% of household consumption or income on out-of-pocket health care expenditure (%),SH.UHC.OOPC.25.ZS,Uganda,UGA,0.74,..,..,2.2,..,..,..,1.42,..,..,3.59,..,..,..,3.77,..,..,..,..,..
Proportion of population spending more than 25% of household consumption or income on out-of-pocket health care expenditure (%),SH.UHC.OOPC.25.ZS,Nepal,NPL,..,0.8,..,..,..,..,..,..,..,..,..,2.12,2.27,2.14,2.1,..,..,..,..,..
Proportion of population spending more than 25% of household consumption or income on out-of-pocket health care expenditure (%),SH.UHC.OOPC.25.ZS,Mozambique,MOZ,0.05,..,..,..,..,..,0.31,..,..,..,..,..,0.4,..,..,..,..,0.97,..,..
Proportion of population spending more than 25% of household consumption or income on out-of-pocket health care expenditure (%),SH.UHC.OOPC.25.ZS,Sudan,SDN,..,..,..,..,..,..,..,3.34,..,..,..,..,1.75,..,..,..,..,..,..,..
Proportion of population spending more than 25% of household consumption or income on out-of-pocket health care expenditure (%),SH.UHC.OOPC.25.ZS,Madagascar,MDG,..,..,..,0,..,..,..,..,0.21,..,0.63,..,..,..,..,..,..,..,..,..
Proportion of population spending more than 25% of household consumption or income on out-of-pocket health care expenditure (%),SH.UHC.OOPC.25.ZS,Rwanda,RWA,..,..,..,0.36,..,..,..,..,..,..,..,0.29,..,..,0.13,..,..,..,..,..
Proportion of population pushed below the $2.15 ($ 2017 PPP) poverty line by out-of-pocket health care expenditure (%),SH.UHC.NOP1.ZS,United States,USA,0,0,0,0,0,..,0,0,..,0,0,0,0,0,0,0,0,0,0,0
Proportion of population pushed below the $2.15 ($ 2017 PPP) poverty line by out-of-pocket health care expenditure (%),SH.UHC.NOP1.ZS,Germany,DEU,..,..,..,..,..,..,..,..,0.02,..,..,..,..,..,..,..,..,..,..,..
Proportion of population pushed below the $2.15 ($ 2017 PPP) poverty line by out-of-pocket health care expenditure (%),SH.UHC.NOP1.ZS,Japan,JPN,..,..,..,..,..,..,..,..,..,..,..,..,..,..,..,..,..,..,..,..
Proportion of population pushed below the $2.15 ($ 2017 PPP) poverty line by out-of-pocket health care expenditure (%),SH.UHC.NOP1.ZS,Norway,NOR,..,..,..,..,..,..,..,..,..,..,..,..,..,..,..,..,..,..,..,..
Proportion of population pushed below the $2.15 ($ 2017 PPP) poverty line by out-of-pocket health care expenditure (%),SH.UHC.NOP1.ZS,Australia,AUS,..,..,..,..,..,..,..,0,..,..,..,..,..,0,..,..,..,..,..,..
Proportion of population pushed below the $2.15 ($ 2017 PPP) poverty line by out-of-pocket health care expenditure (%),SH.UHC.NOP1.ZS,"Korea, Rep.",KOR,..,..,..,..,..,..,..,..,..,..,..,..,..,..,..,..,..,..,..,..
Proportion of population pushed below the $2.15 ($ 2017 PPP) poverty line by out-of-pocket health care expenditure (%),SH.UHC.NOP1.ZS,Canada,CAN,0.1,0,0,0,0.1,0.1,0,0.1,..,..,..,..,0,0.1,0.1,0.1,..,0.2,..,..
Proportion of population pushed below the $2.15 ($ 2017 PPP) poverty line by out-of-pocket health care expenditure (%),SH.UHC.NOP1.ZS,United Kingdom,GBR,..,..,..,0,..,..,..,..,0,..,..,0,..,..,0,0,0,0,0,..
Proportion of population pushed below the $2.15 ($ 2017 PPP) poverty line by out-of-pocket health care expenditure (%),SH.UHC.NOP1.ZS,Switzerland,CHE,..,..,..,..,0,0,0,0,0,0,0,0,0,0,0,0,..,..,..,..
Proportion of population pushed below the $2.15 ($ 2017 PPP) poverty line by out-of-pocket health care expenditure (%),SH.UHC.NOP1.ZS,Italy,ITA,..,..,..,..,..,..,..,..,0,..,..,..,..,..,..,..,..,..,..,..
Proportion of population pushed below the $2.15 ($ 2017 PPP) poverty line by out-of-pocket health care expenditure (%),SH.UHC.NOP1.ZS,Sweden,SWE,..,..,..,..,..,..,..,..,..,..,..,..,..,..,..,..,..,..,..,..
Proportion of population pushed below the $2.15 ($ 2017 PPP) poverty line by out-of-pocket health care expenditure (%),SH.UHC.NOP1.ZS,Brazil,BRA,..,..,..,..,..,..,0.88,..,..,..,..,..,..,..,..,0.19,..,..,..,..
Proportion of population pushed below the $2.15 ($ 2017 PPP) poverty line by out-of-pocket health care expenditure (%),SH.UHC.NOP1.ZS,India,IND,..,4.37,..,..,4.73,3.74,..,4.57,..,5.46,..,..,..,..,..,..,..,..,..,..
Proportion of population pushed below the $2.15 ($ 2017 PPP) poverty line by out-of-pocket health care expenditure (%),SH.UHC.NOP1.ZS,South Africa,ZAF,..,..,..,0.64,..,..,0.53,..,..,..,..,..,0.28,..,..,..,..,..,..,..
Proportion of population pushed below the $2.15 ($ 2017 PPP) poverty line by out-of-pocket health care expenditure (%),SH.UHC.NOP1.ZS,Mexico,MEX,..,..,..,..,..,..,0.24,..,0.11,..,0.12,..,0.03,..,0.02,..,0.08,..,0.12,..
Proportion of population pushed below the $2.15 ($ 2017 PPP) poverty line by out-of-pocket health care expenditure (%),SH.UHC.NOP1.ZS,Indonesia,IDN,1.41,..,1.35,1.12,1.13,1.27,..,0.82,0.62,0.55,0.45,0.54,0.68,0.39,0.66,0.53,0.37,..,..,..
Proportion of population pushed below the $2.15 ($ 2017 PPP) poverty line by out-of-pocket health care expenditure (%),SH.UHC.NOP1.ZS,Philippines,PHL,..,0.59,..,..,0.64,..,..,0.54,..,..,0.71,..,..,0.49,..,..,..,..,..,..
Proportion of population pushed below the $2.15 ($ 2017 PPP) poverty line by out-of-pocket health care expenditure (%),SH.UHC.NOP1.ZS,"Egypt, Arab Rep.",EGY,..,..,..,..,..,..,0.61,..,..,..,0.92,..,..,0.9,..,1.57,..,..,..,..
Proportion of population pushed below the $2.15 ($ 2017 PPP) poverty line by out-of-pocket health care expenditure (%),SH.UHC.NOP1.ZS,Colombia,COL,..,..,..,..,..,..,0.45,..,..,..,..,..,..,..,0.29,..,..,..,..,..
Proportion of population pushed below the $2.15 ($ 2017 PPP) poverty line by out-of-pocket health care expenditure (%),SH.UHC.NOP1.ZS,Argentina,ARG,..,..,..,..,..,..,..,..,..,..,..,..,..,..,..,..,..,..,..,..
Proportion of population pushed below the $2.15 ($ 2017 PPP) poverty line by out-of-pocket health care expenditure (%),SH.UHC.NOP1.ZS,Viet Nam,VNM,4.13,..,3.53,..,2.53,..,1.87,..,0.89,..,0.41,..,0.28,..,0.15,..,0.15,..,0.11,..
Proportion of population pushed below the $2.15 ($ 2017 PPP) poverty line by out-of-pocket health care expenditure (%),SH.UHC.NOP1.ZS,Morocco,MAR,..,..,..,..,0.77,..,..,..,..,..,..,2.37,..,..,..,..,..,..,..,..
Proportion of population pushed below the $2.15 ($ 2017 PPP) poverty line by out-of-pocket health care expenditure (%),SH.UHC.NOP1.ZS,Nigeria,NGA,..,5.51,..,..,..,..,..,3.45,3.41,..,4.03,..,..,..,..,..,..,..,..,..
Proportion of population pushed below the $2.15 ($ 2017 PPP) poverty line by out-of-pocket health care expenditure (%),SH.UHC.NOP1.ZS,Ethiopia,ETH,..,..,0.49,..,..,..,..,..,..,0.84,..,..,..,0.86,..,..,..,..,..,..
Proportion of population pushed below the $2.15 ($ 2017 PPP) poverty line by out-of-pocket health care expenditure (%),SH.UHC.NOP1.ZS,Haiti,HTI,..,..,..,..,..,..,..,..,..,..,1.58,3.86,..,..,..,..,..,..,..,..
Proportion of population pushed below the $2.15 ($ 2017 PPP) poverty line by out-of-pocket health care expenditure (%),SH.UHC.NOP1.ZS,Afghanistan,AFG,..,..,..,..,..,0.37,..,..,..,..,..,4.4,..,..,..,..,..,..,6.05,..
Proportion of population pushed below the $2.15 ($ 2017 PPP) poverty line by out-of-pocket health care expenditure (%),SH.UHC.NOP1.ZS,Bangladesh,BGD,..,..,..,3.38,..,..,..,..,3.11,..,..,..,..,..,3.74,..,..,..,..,..
Proportion of population pushed below the $2.15 ($ 2017 PPP) poverty line by out-of-pocket health care expenditure (%),SH.UHC.NOP1.ZS,Uganda,UGA,2.47,..,..,3.65,..,..,..,3.18,..,..,2.95,..,..,..,3.08,..,..,..,..,..
Proportion of population pushed below the $2.15 ($ 2017 PPP) poverty line by out-of-pocket health care expenditure (%),SH.UHC.NOP1.ZS,Nepal,NPL,..,2.81,..,..,..,..,..,..,..,..,..,0.72,0.77,0.93,0.98,..,..,..,..,..
Proportion of population pushed below the $2.15 ($ 2017 PPP) poverty line by out-of-pocket health care expenditure (%),SH.UHC.NOP1.ZS,Mozambique,MOZ,0.2,..,..,..,..,..,0.31,..,..,..,..,..,0.49,..,..,..,..,..,..,..
Proportion of population pushed below the $2.15 ($ 2017 PPP) poverty line by out-of-pocket health care expenditure (%),SH.UHC.NOP1.ZS,Sudan,SDN,..,..,..,..,..,..,..,3.19,..,..,..,..,2.25,..,..,..,..,..,..,..
Proportion of population pushed below the $2.15 ($ 2017 PPP) poverty line by out-of-pocket health care expenditure (%),SH.UHC.NOP1.ZS,Madagascar,MDG,..,..,..,0.29,..,..,..,..,0.41,..,0.45,..,..,..,..,..,..,..,..,..
Proportion of population pushed below the $2.15 ($ 2017 PPP) poverty line by out-of-pocket health care expenditure (%),SH.UHC.NOP1.ZS,Rwanda,RWA,..,..,..,0.74,..,..,..,..,..,..,..,0.51,..,..,0.5,..,..,..,..,..
Pregnant women receiving prenatal care (%),SH.STA.ANVC.ZS,United States,USA,..,..,..,..,..,..,..,..,..,..,..,..,..,..,..,..,..,..,..,..
Pregnant women receiving prenatal care (%),SH.STA.ANVC.ZS,Germany,DEU,..,..,100,..,..,..,..,..,..,..,..,..,..,..,..,..,..,..,..,..
Pregnant women receiving prenatal care (%),SH.STA.ANVC.ZS,Japan,JPN,..,..,..,..,..,..,..,..,..,..,..,..,..,..,..,..,..,..,..,..
Pregnant women receiving prenatal care (%),SH.STA.ANVC.ZS,Norway,NOR,..,..,..,..,..,..,..,..,..,..,..,..,..,..,..,..,..,..,..,..
Pregnant women receiving prenatal care (%),SH.STA.ANVC.ZS,Australia,AUS,..,..,..,..,..,..,98.3,..,..,..,..,..,..,..,..,..,..,..,..,..
Pregnant women receiving prenatal care (%),SH.STA.ANVC.ZS,"Korea, Rep.",KOR,..,..,..,..,..,..,..,..,..,..,..,..,..,..,..,..,..,..,..,..
Pregnant women receiving prenatal care (%),SH.STA.ANVC.ZS,Canada,CAN,..,..,..,..,..,100,..,..,..,..,..,..,..,..,..,..,..,..,..,..
Pregnant women receiving prenatal care (%),SH.STA.ANVC.ZS,United Kingdom,GBR,..,..,..,..,..,..,..,..,..,..,..,..,..,..,..,..,..,..,..,..
Pregnant women receiving prenatal care (%),SH.STA.ANVC.ZS,Switzerland,CHE,..,..,..,..,..,..,..,..,..,..,..,..,..,..,..,..,..,..,..,..
Pregnant women receiving prenatal care (%),SH.STA.ANVC.ZS,Italy,ITA,..,..,99,..,..,..,..,..,..,..,..,..,..,..,..,..,..,..,..,..
Pregnant women receiving prenatal care (%),SH.STA.ANVC.ZS,Sweden,SWE,..,..,100,..,..,..,..,..,..,..,..,..,..,..,..,..,..,..,..,..
Pregnant women receiving prenatal care (%),SH.STA.ANVC.ZS,Brazil,BRA,..,96.8,97.2,97.4,97.8,96.7,..,98.2,..,..,..,..,..,97.2,..,..,..,..,..,..
Pregnant women receiving prenatal care (%),SH.STA.ANVC.ZS,India,IND,..,..,..,..,74.2,..,..,..,..,..,..,..,..,..,79.3,..,..,..,..,85.1
Pregnant women receiving prenatal care (%),SH.STA.ANVC.ZS,South Africa,ZAF,..,91.9,91.9,..,..,..,97.1,..,..,..,..,..,..,..,93.7,..,..,..,..,..
Pregnant women receiving prenatal care (%),SH.STA.ANVC.ZS,Mexico,MEX,..,..,..,..,97.7,..,..,95.8,..,..,97.6,..,97.2,98.5,..,..,..,..,..,..
Pregnant women receiving prenatal care (%),SH.STA.ANVC.ZS,Indonesia,IDN,..,91.5,..,88.6,90.38,93.3,92.65,94.51,92.7,..,95.7,95.4,..,..,..,97.5,..,..,..,..
Pregnant women receiving prenatal care (%),SH.STA.ANVC.ZS,Philippines,PHL,..,87.6,..,..,..,..,91.1,..,..,94.5,..,95.4,..,..,..,93.8,..,..,..,..
Pregnant women receiving prenatal care (%),SH.STA.ANVC.ZS,"Egypt, Arab Rep.",EGY,..,68.7,..,69.6,..,..,73.6,..,..,..,..,..,90.3,..,..,..,..,..,..,..
Pregnant women receiving prenatal care (%),SH.STA.ANVC.ZS,Colombia,COL,..,..,93.5,93.5,..,..,..,..,97,..,..,..,..,97.5,97.2,..,..,..,..,..
Pregnant women receiving prenatal care (%),SH.STA.ANVC.ZS,Argentina,ARG,..,..,..,99.2,..,..,..,..,..,..,98.1,..,..,..,..,..,..,..,95,..
Pregnant women receiving prenatal care (%),SH.STA.ANVC.ZS,Viet Nam,VNM,86.4,..,..,..,90.8,..,..,..,..,93.7,..,..,95.8,..,..,..,..,..,..,97
Pregnant women receiving prenatal care (%),SH.STA.ANVC.ZS,Morocco,MAR,..,..,67.8,..,..,..,..,..,..,77.1,..,..,..,..,..,..,88.5,..,..,..
Pregnant women receiving prenatal care (%),SH.STA.ANVC.ZS,Nigeria,NGA,..,58,..,..,..,..,57.7,..,54.1,66.2,..,60.6,..,62.6,..,65.8,67,..,..,..
Pregnant women receiving prenatal care (%),SH.STA.ANVC.ZS,Ethiopia,ETH,..,..,..,27.6,..,..,..,..,..,33.9,..,..,41.2,..,62.4,..,..,73.6,..,..
Pregnant women receiving prenatal care (%),SH.STA.ANVC.ZS,Haiti,HTI,..,..,..,..,84.5,..,..,..,..,..,90.3,..,..,..,..,91,..,..,..,..
Pregnant women receiving prenatal care (%),SH.STA.ANVC.ZS,Afghanistan,AFG,..,16.1,..,..,30.3,..,36,..,59.6,47.9,51.2,..,63.2,58.6,..,70.2,65.2,..,..,..
Pregnant women receiving prenatal care (%),SH.STA.ANVC.ZS,Bangladesh,BGD,..,39.7,48.7,..,47.7,51.7,..,..,52.8,54.6,..,58.7,63.9,..,..,..,81.9,75.2,..,..
Pregnant women receiving prenatal care (%),SH.STA.ANVC.ZS,Uganda,UGA,..,..,..,..,93.5,..,..,94.2,..,93.3,..,..,..,95.4,97.3,..,95.1,95.1,..,..
Pregnant women receiving prenatal care (%),SH.STA.ANVC.ZS,Nepal,NPL,..,..,..,..,43.7,..,..,..,..,58.3,..,..,68.3,..,83.6,83.6,..,88.8,..,..
Pregnant women receiving prenatal care (%),SH.STA.ANVC.ZS,Mozambique,MOZ,..,84.5,..,..,..,..,92.3,..,..,90.6,..,..,..,87.2,..,..,94,..,..,..
Pregnant women receiving prenatal care (%),SH.STA.ANVC.ZS,Sudan,SDN,..,..,..,..,74.1,..,..,..,74.3,..,..,..,79.1,..,..,..,..,..,..,..
Pregnant women receiving prenatal care (%),SH.STA.ANVC.ZS,Madagascar,MDG,..,..,79.9,..,..,..,..,86.3,..,83.1,..,82.1,..,..,87,..,85.1,..,..,88.9
Pregnant women receiving prenatal care (%),SH.STA.ANVC.ZS,Rwanda,RWA,..,..,..,94.4,..,..,95.8,..,98,98,..,99.4,..,99,..,97.6,..,..,97.7,..
UHC service coverage index,SH.UHC.SRVS.CV.XD,United States,USA,..,..,..,81,..,..,..,..,83,..,..,..,..,85,..,86,..,85,..,86
UHC service coverage index,SH.UHC.SRVS.CV.XD,Germany,DEU,..,..,..,83,..,..,..,..,85,..,..,..,..,88,..,88,..,88,..,88
UHC service coverage index,SH.UHC.SRVS.CV.XD,Japan,JPN,..,..,..,76,..,..,..,..,80,..,..,..,..,83,..,84,..,83,..,83
UHC service coverage index,SH.UHC.SRVS.CV.XD,Norway,NOR,..,..,..,81,..,..,..,..,84,..,..,..,..,86,..,86,..,86,..,87
UHC service coverage index,SH.UHC.SRVS.CV.XD,Australia,AUS,..,..,..,83,..,..,..,..,84,..,..,..,..,87,..,87,..,87,..,87
UHC service coverage index,SH.UHC.SRVS.CV.XD,"Korea, Rep.",KOR,..,..,..,77,..,..,..,..,82,..,..,..,..,86,..,88,..,89,..,89
UHC service coverage index,SH.UHC.SRVS.CV.XD,Canada,CAN,..,..,..,79,..,..,..,..,83,..,..,..,..,90,..,90,..,91,..,91
UHC service coverage index,SH.UHC.SRVS.CV.XD,United Kingdom,GBR,..,..,..,79,..,..,..,..,83,..,..,..,..,85,..,86,..,87,..,88
UHC service coverage index,SH.UHC.SRVS.CV.XD,Switzerland,CHE,..,..,..,79,..,..,..,..,82,..,..,..,..,84,..,86,..,86,..,86
UHC service coverage index,SH.UHC.SRVS.CV.XD,Italy,ITA,..,..,..,76,..,..,..,..,80,..,..,..,..,83,..,84,..,85,..,84
UHC service coverage index,SH.UHC.SRVS.CV.XD,Sweden,SWE,..,..,..,76,..,..,..,..,81,..,..,..,..,84,..,85,..,85,..,85
UHC service coverage index,SH.UHC.SRVS.CV.XD,Brazil,BRA,..,..,..,73,..,..,..,..,76,..,..,..,..,82,..,82,..,81,..,80
UHC service coverage index,SH.UHC.SRVS.CV.XD,India,IND,..,..,..,34,..,..,..,..,49,..,..,..,..,57,..,60,..,64,..,63
UHC service coverage index,SH.UHC.SRVS.CV.XD,South Africa,ZAF,..,..,..,51,..,..,..,..,63,..,..,..,..,70,..,71,..,71,..,71
UHC service coverage index,SH.UHC.SRVS.CV.XD,Mexico,MEX,..,..,..,61,..,..,..,..,66,..,..,..,..,74,..,74,..,74,..,75
UHC service coverage index,SH.UHC.SRVS.CV.XD,Indonesia,IDN,..,..,..,34,..,..,..,..,42,..,..,..,..,50,..,54,..,56,..,55
UHC service coverage index,SH.UHC.SRVS.CV.XD,Philippines,PHL,..,..,..,38,..,..,..,..,48,..,..,..,..,57,..,60,..,60,..,58
UHC service coverage index,SH.UHC.SRVS.CV.XD,"Egypt, Arab Rep.",EGY,..,..,..,52,..,..,..,..,62,..,..,..,..,65,..,69,..,70,..,70
UHC service coverage index,SH.UHC.SRVS.CV.XD,Colombia,COL,..,..,..,63,..,..,..,..,68,..,..,..,..,78,..,80,..,80,..,80
UHC service coverage index,SH.UHC.SRVS.CV.XD,Argentina,ARG,..,..,..,74,..,..,..,..,76,..,..,..,..,80,..,79,..,78,..,79
UHC service coverage index,SH.UHC.SRVS.CV.XD,Viet Nam,VNM,..,..,..,44,..,..,..,..,59,..,..,..,..,68,..,70,..,69,..,68
UHC service coverage index,SH.UHC.SRVS.CV.XD,Morocco,MAR,..,..,..,51,..,..,..,..,58,..,..,..,..,65,..,69,..,68,..,69
UHC service coverage index,SH.UHC.SRVS.CV.XD,Nigeria,NGA,..,..,..,24,..,..,..,..,34,..,..,..,..,39,..,39,..,43,..,38
UHC service coverage index,SH.UHC.SRVS.CV.XD,Ethiopia,ETH,..,..,..,17,..,..,..,..,27,..,..,..,..,34,..,35,..,36,..,35
UHC service coverage index,SH.UHC.SRVS.CV.XD,Haiti,HTI,..,..,..,33,..,..,..,..,42,..,..,..,..,51,..,53,..,53,..,54
UHC service coverage index,SH.UHC.SRVS.CV.XD,Afghanistan,AFG,..,..,..,28,..,..,..,..,29,..,..,..,..,36,..,41,..,42,..,41
UHC service coverage index,SH.UHC.SRVS.CV.XD,Bangladesh,BGD,..,..,..,27,..,..,..,..,37,..,..,..,..,45,..,48,..,50,..,52
UHC service coverage index,SH.UHC.SRVS.CV.XD,Uganda,UGA,..,..,..,28,..,..,..,..,36,..,..,..,..,43,..,46,..,48,..,49
UHC service coverage index,SH.UHC.SRVS.CV.XD,Nepal,NPL,..,..,..,25,..,..,..,..,37,..,..,..,..,47,..,45,..,50,..,54
UHC service coverage index,SH.UHC.SRVS.CV.XD,Mozambique,MOZ,..,..,..,23,..,..,..,..,31,..,..,..,..,40,..,43,..,43,..,44
UHC service coverage index,SH.UHC.SRVS.CV.XD,Sudan,SDN,..,..,..,27,..,..,..,..,36,..,..,..,..,43,..,45,..,45,..,44
UHC service coverage index,SH.UHC.SRVS.CV.XD,Madagascar,MDG,..,..,..,21,..,..,..,..,25,..,..,..,..,29,..,30,..,33,..,35
UHC service coverage index,SH.UHC.SRVS.CV.XD,Rwanda,RWA,..,..,..,26,..,..,..,..,39,..,..,..,..,44,..,48,..,47,..,49
"Specialist surgical workforce (per 100,000 population)",SH.MED.SAOP.P5,United States,USA,..,..,..,..,..,..,..,..,..,64.56,..,..,..,54.71,..,..,..,..,..,..
"Specialist surgical workforce (per 100,000 population)",SH.MED.SAOP.P5,Germany,DEU,..,..,..,..,..,..,..,..,..,..,..,112.85,..,108,..,..,..,..,..,..
"Specialist surgical workforce (per 100,000 population)",SH.MED.SAOP.P5,Japan,JPN,..,..,..,..,..,..,..,..,..,..,..,31.25,37.36,..,..,..,..,..,..,..
"Specialist surgical workforce (per 100,000 population)",SH.MED.SAOP.P5,Norway,NOR,..,..,..,..,..,..,..,..,..,..,..,65.98,61.92,..,..,67.16,..,..,..,..
"Specialist surgical workforce (per 100,000 population)",SH.MED.SAOP.P5,Australia,AUS,..,..,..,..,..,..,..,..,..,..,49.33,..,..,72.58,45.11,..,..,..,..,..
"Specialist surgical workforce (per 100,000 population)",SH.MED.SAOP.P5,"Korea, Rep.",KOR,..,..,..,..,..,..,..,..,..,..,..,..,49.63,..,..,..,..,..,..,..
"Specialist surgical workforce (per 100,000 population)",SH.MED.SAOP.P5,Canada,CAN,..,..,..,..,..,..,..,..,..,..,..,36.27,..,35.29,43.87,..,..,..,..,..
"Specialist surgical workforce (per 100,000 population)",SH.MED.SAOP.P5,United Kingdom,GBR,..,..,..,..,..,..,..,..,..,..,..,..,92.39,133.3,..,..,..,..,..,..
"Specialist surgical workforce (per 100,000 population)",SH.MED.SAOP.P5,Switzerland,CHE,..,..,..,..,..,..,..,..,..,..,..,..,96.27,..,..,94.76,..,..,..,..
"Specialist surgical workforce (per 100,000 population)",SH.MED.SAOP.P5,Italy,ITA,..,..,..,..,..,..,..,..,..,..,..,121.48,114.03,..,..,142.4,..,..,..,..
"Specialist surgical workforce (per 100,000 population)",SH.MED.SAOP.P5,Sweden,SWE,..,..,..,..,..,..,..,..,..,..,85.45,..,..,113.11,..,..,..,..,..,..
"Specialist surgical workforce (per 100,000 population)",SH.MED.SAOP.P5,Brazil,BRA,..,..,..,..,..,..,..,..,..,..,..,31.93,..,..,34.74,..,55.47,..,..,..
"Specialist surgical workforce (per 100,000 population)",SH.MED.SAOP.P5,India,IND,..,..,..,..,..,..,..,..,..,..,..,..,6.82,..,..,..,..,..,..,..
"Specialist surgical workforce (per 100,000 population)",SH.MED.SAOP.P5,South Africa,ZAF,..,..,..,..,..,..,..,..,..,..,..,..,11.42,..,..,..,..,..,..,..
"Specialist surgical workforce (per 100,000 population)",SH.MED.SAOP.P5,Mexico,MEX,..,..,..,..,..,..,..,..,..,..,..,..,..,..,..,..,..,..,..,..
"Specialist surgical workforce (per 100,000 population)",SH.MED.SAOP.P5,Indonesia,IDN,..,..,..,..,..,..,..,..,..,..,..,..,..,..,..,..,..,..,..,..
"Specialist surgical workforce (per 100,000 population)",SH.MED.SAOP.P5,Philippines,PHL,..,..,..,..,..,..,..,..,..,..,..,..,9.56,..,..,..,..,..,..,..
"Specialist surgical workforce (per 100,000 population)",SH.MED.SAOP.P5,"Egypt, Arab Rep.",EGY,..,..,..,..,..,..,..,..,..,..,..,..,50.08,..,..,..,..,..,..,..
"Specialist surgical workforce (per 100,000 population)",SH.MED.SAOP.P5,Colombia,COL,..,..,..,..,..,..,..,..,..,..,..,..,16.21,22.71,..,..,..,..,..,..
"Specialist surgical workforce (per 100,000 population)",SH.MED.SAOP.P5,Argentina,ARG,..,..,..,..,..,..,..,..,..,..,..,..,10.47,..,..,..,50.05,..,..,..
"Specialist surgical workforce (per 100,000 population)",SH.MED.SAOP.P5,Viet Nam,VNM,..,..,..,..,..,..,..,..,..,..,..,..,..,..,..,..,..,..,..,..
"Specialist surgical workforce (per 100,000 population)",SH.MED.SAOP.P5,Morocco,MAR,..,..,..,..,..,..,..,..,..,12.04,..,..,..,..,3.66,..,..,..,..,..
"Specialist surgical workforce (per 100,000 population)",SH.MED.SAOP.P5,Nigeria,NGA,..,..,..,..,..,..,..,..,..,..,..,..,1.37,..,..,..,..,..,..,..
"Specialist surgical workforce (per 100,000 population)",SH.MED.SAOP.P5,Ethiopia,ETH,..,..,..,..,..,..,..,..,0.67,..,..,..,0.56,..,0.54,..,..,..,..,..
"Specialist surgical workforce (per 100,000 population)",SH.MED.SAOP.P5,Haiti,HTI,..,..,..,..,..,..,..,..,..,..,..,..,4.49,5.88,..,..,..,..,..,..
"Specialist surgical workforce (per 100,000 population)",SH.MED.SAOP.P5,Afghanistan,AFG,..,..,..,..,..,..,..,..,..,..,..,..,0.03,..,..,..,..,..,..,..
"Specialist surgical workforce (per 100,000 population)",SH.MED.SAOP.P5,Bangladesh,BGD,..,..,..,..,..,..,..,..,..,..,..,2.93,3.02,..,..,..,2.91,..,..,..
"Specialist surgical workforce (per 100,000 population)",SH.MED.SAOP.P5,Uganda,UGA,..,..,..,..,..,..,..,..,..,..,0.95,..,..,..,1.05,..,..,..,..,..
"Specialist surgical workforce (per 100,000 population)",SH.MED.SAOP.P5,Nepal,NPL,..,..,..,..,..,..,..,..,..,..,..,..,2.96,..,..,..,..,..,..,..
"Specialist surgical workforce (per 100,000 population)",SH.MED.SAOP.P5,Mozambique,MOZ,..,..,..,..,..,..,..,..,..,..,..,1.1,..,..,0.56,..,0.53,..,..,..
"Specialist surgical workforce (per 100,000 population)",SH.MED.SAOP.P5,Sudan,SDN,..,..,..,..,..,..,..,..,..,..,..,..,2.67,..,..,..,..,..,..,..
"Specialist surgical workforce (per 100,000 population)",SH.MED.SAOP.P5,Madagascar,MDG,..,..,..,..,..,..,..,..,..,..,..,0.61,..,..,0.78,..,..,..,..,..
"Specialist surgical workforce (per 100,000 population)",SH.MED.SAOP.P5,Rwanda,RWA,..,..,..,..,..,..,..,..,..,..,..,..,0.74,..,0.75,..,..,..,..,..
Births attended by skilled health staff (% of total),SH.STA.BRTC.ZS,United States,USA,99.5,99.3,99.3,99.4,99.4,99.3,99.3,99.3,99.4,99.3,99.3,99.2,98.5,99.1,99.1,99.1,99.1,99,99.1,..
Births attended by skilled health staff (% of total),SH.STA.BRTC.ZS,Germany,DEU,98.6,98.6,98.2,98.2,98.4,98.4,98.5,98.3,96.8,96.9,97,96.9,96.9,97.1,96.2,97.1,96.2,96.2,..,..
Births attended by skilled health staff (% of total),SH.STA.BRTC.ZS,Japan,JPN,99.8,99.8,99.8,99.8,99.8,99.8,99.8,99.8,99.8,99.8,99.8,..,99.8,99.9,99.8,99.9,99.9,99.9,99.9,99.8
Births attended by skilled health staff (% of total),SH.STA.BRTC.ZS,Norway,NOR,99.1,99,99.1,99.2,99.2,99.1,99.2,99.2,99.1,99.2,99.2,99.1,99.1,99.1,99.1,99.2,99.2,99.3,99.2,99.2
Births attended by skilled health staff (% of total),SH.STA.BRTC.ZS,Australia,AUS,99.3,99.3,99.3,99.4,99.3,99.2,99.1,99.1,99.1,99.1,99.2,99,99.8,98.8,98.8,99.4,98.7,98.8,96,..
Births attended by skilled health staff (% of total),SH.STA.BRTC.ZS,"Korea, Rep.",KOR,..,99.9,..,..,..,..,..,99.9,..,..,99.8,..,..,100,..,..,..,..,..,..
Births attended by skilled health staff (% of total),SH.STA.BRTC.ZS,Canada,CAN,99.3,98.9,99,98.8,100,98.8,98.7,98.6,98.5,98.4,98.1,98,97.9,97.9,97.8,97.9,98,98,98,..
Births attended by skilled health staff (% of total),SH.STA.BRTC.ZS,United Kingdom,GBR,..,..,..,..,..,..,..,..,..,..,..,..,..,..,..,..,..,..,..,..
Births attended by skilled health staff (% of total),SH.STA.BRTC.ZS,Switzerland,CHE,..,..,..,..,100,..,..,..,..,..,..,..,..,..,..,..,..,..,..,..
Births attended by skilled health staff (% of total),SH.STA.BRTC.ZS,Italy,ITA,99.6,99.6,99.8,99.8,99.8,99.6,99.8,99.8,99.9,99.9,..,99.9,99.9,99.9,99.9,99.9,99.9,99.8,99.8,..
Births attended by skilled health staff (% of total),SH.STA.BRTC.ZS,Sweden,SWE,..,..,..,..,..,..,..,..,..,..,..,..,..,..,..,..,..,..,..,..
Births attended by skilled health staff (% of total),SH.STA.BRTC.ZS,Brazil,BRA,98.5,98.4,98.6,98.6,97,98.6,98.8,98.9,98.9,99,99,98,98.4,98.2,98.6,98.7,98.8,98.4,98.4,..
Births attended by skilled health staff (% of total),SH.STA.BRTC.ZS,India,IND,..,..,..,..,46.6,..,52.3,..,..,..,..,..,81.4,..,81.4,..,..,..,..,89.4
Births attended by skilled health staff (% of total),SH.STA.BRTC.ZS,South Africa,ZAF,..,91.2,91.2,..,..,..,94.3,..,..,..,..,..,..,..,96.7,..,..,..,..,..
Births attended by skilled health staff (% of total),SH.STA.BRTC.ZS,Mexico,MEX,88.9,89.6,90.3,91.1,93.4,92.7,93.3,95.3,94.5,95.3,99.6,96.1,95.6,97.7,98,96.6,..,..,..,..
Births attended by skilled health staff (% of total),SH.STA.BRTC.ZS,Indonesia,IDN,68.4,66.3,71.5,..,..,73,74.86,..,82.2,..,83.1,87.4,..,..,92.6,90.9,93.6,94.7,..,..
Births attended by skilled health staff (% of total),SH.STA.BRTC.ZS,Philippines,PHL,..,59.8,..,..,..,..,62.2,..,..,72.2,..,72.8,..,..,..,84.4,..,..,..,..
Births attended by skilled health staff (% of total),SH.STA.BRTC.ZS,"Egypt, Arab Rep.",EGY,..,69.4,..,74.2,..,..,78.9,..,..,..,..,..,91.5,..,..,..,..,..,..,97.1
Births attended by skilled health staff (% of total),SH.STA.BRTC.ZS,Colombia,COL,94.5,95,95.6,90.7,97.1,97.8,98.1,98.6,94.8,99.2,98.7,98.7,98.9,99,95.9,99.3,98.4,98.8,..,..
Births attended by skilled health staff (% of total),SH.STA.BRTC.ZS,Argentina,ARG,98.9,98.7,99.1,99.1,99.4,99.4,94.8,97.9,95,97.1,98.2,97,99.6,99.6,98.4,93.9,99.5,99.6,98.8,..
Births attended by skilled health staff (% of total),SH.STA.BRTC.ZS,Viet Nam,VNM,85,..,..,..,83.8,..,..,..,..,91.9,..,..,93.8,..,..,..,..,..,..,96.1
Births attended by skilled health staff (% of total),SH.STA.BRTC.ZS,Morocco,MAR,..,..,62.6,..,..,..,..,..,74.1,73.6,..,..,..,..,..,..,86.6,..,..,..
Births attended by skilled health staff (% of total),SH.STA.BRTC.ZS,Nigeria,NGA,..,35.2,..,..,..,..,34.4,..,..,47.3,..,35.2,..,..,..,43,43.3,..,..,..
Births attended by skilled health staff (% of total),SH.STA.BRTC.ZS,Ethiopia,ETH,..,..,6.4,5.7,..,..,..,..,..,10,..,23.1,15.5,..,27.7,..,..,49.8,..,..
Births attended by skilled health staff (% of total),SH.STA.BRTC.ZS,Haiti,HTI,..,..,..,26.1,26.1,..,..,..,..,..,37.3,48.6,..,..,..,41.6,..,..,..,..
Births attended by skilled health staff (% of total),SH.STA.BRTC.ZS,Afghanistan,AFG,..,14.3,..,..,18.9,..,24,..,34.3,38.6,39.9,..,45.2,50.5,..,53.4,58.8,..,61.8,..
Births attended by skilled health staff (% of total),SH.STA.BRTC.ZS,Bangladesh,BGD,..,13.9,13.2,..,20.1,18,..,24.4,26.5,31.7,..,36.5,42.1,..,49.8,67.8,52.7,59,..,..
Births attended by skilled health staff (% of total),SH.STA.BRTC.ZS,Uganda,UGA,..,..,..,..,41.9,..,..,..,..,57.4,..,..,..,..,74.2,..,..,..,..,..
Births attended by skilled health staff (% of total),SH.STA.BRTC.ZS,Nepal,NPL,..,..,15.8,..,18.7,..,..,..,..,36,..,..,55.6,..,58,58,..,77.2,..,..
Births attended by skilled health staff (% of total),SH.STA.BRTC.ZS,Mozambique,MOZ,..,47.7,..,..,..,..,55.3,..,..,54.3,..,..,..,73,..,..,..,..,..,..
Births attended by skilled health staff (% of total),SH.STA.BRTC.ZS,Sudan,SDN,..,..,..,..,49.2,..,..,..,72.5,..,..,..,77.7,..,..,..,..,..,..,..
Births attended by skilled health staff (% of total),SH.STA.BRTC.ZS,Madagascar,MDG,..,..,51.3,..,..,..,..,43.9,..,..,..,44.3,..,..,..,..,46.1,..,..,45.8
Births attended by skilled health staff (% of total),SH.STA.BRTC.ZS,Rwanda,RWA,..,..,..,38.6,..,..,52.1,..,69,69,..,..,..,90.7,..,..,..,..,94.2,..
"Nurses and midwives (per 1,000 people)",SH.MED.NUMW.P3,United States,USA,..,..,..,9.9177,..,..,..,..,12.5,..,..,..,..,..,..,14.37,15.45,13.16,12.47,..
"Nurses and midwives (per 1,000 people)",SH.MED.NUMW.P3,Germany,DEU,9.086,9.294,9.389,9.555,9.646,9.78,9.936,10.13,10.18,10.27,10.33,10.68,10.88,10.95,11.15,11.38,11.81,12.09,12.35,..
"Nurses and midwives (per 1,000 people)",SH.MED.NUMW.P3,Japan,JPN,8.612,..,8.971,..,9.32,..,9.774,..,10.31,..,10.74,..,11.18,..,11.59,..,12.04,..,12.45,..
"Nurses and midwives (per 1,000 people)",SH.MED.NUMW.P3,Norway,NOR,14.22,14.67,15.08,15.51,15.84,15.98,16.1,16.45,16.65,16.94,17.07,17.21,17.44,17.87,18.03,18.22,18.3,18.43,18.56,18.89
"Nurses and midwives (per 1,000 people)",SH.MED.NUMW.P3,Australia,AUS,9.954,9.949,10.21,9.766,..,10.2,10.3,10.79,10.47,10.9,10.22,12.01,12.18,12.26,12.44,16.05,16.27,17.3,16.4,14.82
"Nurses and midwives (per 1,000 people)",SH.MED.NUMW.P3,"Korea, Rep.",KOR,3.637,3.596,3.855,3.896,4.039,4.206,4.41,4.548,4.708,4.805,4.904,5.252,5.615,5.964,6.979,7.091,7.39,8.087,8.53,..
"Nurses and midwives (per 1,000 people)",SH.MED.NUMW.P3,Canada,CAN,9.4707,..,9.9067,9.9467,10.0236,10.1208,10.289,10.3743,9.3233,9.2368,9.3473,9.542,9.819,9.9,9.993,9.998,9.998,11.34,11.08,10.27
"Nurses and midwives (per 1,000 people)",SH.MED.NUMW.P3,United Kingdom,GBR,9.121,9.361,9.511,9.634,9.482,9.146,9.165,8.995,8.893,8.682,8.415,8.407,8.406,8.38,8.356,8.307,8.538,8.688,8.962,9.167
"Nurses and midwives (per 1,000 people)",SH.MED.NUMW.P3,Switzerland,CHE,12.32,12.86,12.74,12.93,13.35,13.61,13.89,14.17,14.93,15.46,15.88,16.22,16.46,16.89,17.34,17.54,17.92,18.29,18.71,..
"Nurses and midwives (per 1,000 people)",SH.MED.NUMW.P3,Italy,ITA,5.849,5.484,5.356,5.218,5.382,5.506,5.501,5.497,5.47,5.443,5.355,5.323,5.576,5.748,5.889,6.128,6.075,6.445,6.56,6.553
"Nurses and midwives (per 1,000 people)",SH.MED.NUMW.P3,Sweden,SWE,10.69,10.8,10.99,11.18,11.33,11.46,11.5,11.53,11.61,11.62,11.64,11.66,11.65,11.66,11.67,11.67,11.66,11.63,..,..
"Nurses and midwives (per 1,000 people)",SH.MED.NUMW.P3,Brazil,BRA,3.359,3.643,3.714,..,..,..,..,..,..,..,..,7.538,8.758,9.076,9.32,9.706,10.09,7.375,..,5.513
"Nurses and midwives (per 1,000 people)",SH.MED.NUMW.P3,India,IND,..,1.238,1.252,1.283,..,..,..,..,..,..,..,..,..,..,..,2.084,1.707,..,1.728,..
"Nurses and midwives (per 1,000 people)",SH.MED.NUMW.P3,South Africa,ZAF,3.627,3.695,3.799,..,..,..,..,..,..,..,..,..,..,..,..,..,5.013,..,..,..
"Nurses and midwives (per 1,000 people)",SH.MED.NUMW.P3,Mexico,MEX,2.24,2.151,2.124,2.217,2.236,2.302,2.33,2.393,2.445,2.543,2.582,2.841,2.716,2.794,2.898,2.896,2.903,2.88,2.956,..
"Nurses and midwives (per 1,000 people)",SH.MED.NUMW.P3,Indonesia,IDN,..,0.807,..,..,..,..,..,..,..,..,..,..,..,1.296,..,2.054,3.122,3.822,3.978,..
"Nurses and midwives (per 1,000 people)",SH.MED.NUMW.P3,Philippines,PHL,4.272,4.242,4.244,4.279,4.404,4.646,5.102,5.615,..,..,..,..,..,..,..,4.732,4.774,4.808,4.776,4.755
"Nurses and midwives (per 1,000 people)",SH.MED.NUMW.P3,"Egypt, Arab Rep.",EGY,..,..,1.893,..,2.227,..,..,..,..,..,..,1.869,1.849,1.836,1.822,1.826,1.827,..,..,..
"Nurses and midwives (per 1,000 people)",SH.MED.NUMW.P3,Colombia,COL,0.566,0.593,0.628,0.667,0.705,0.739,0.785,0.832,0.875,0.932,0.994,1.052,1.116,1.175,1.236,1.286,..,1.396,1.455,1.449
"Nurses and midwives (per 1,000 people)",SH.MED.NUMW.P3,Argentina,ARG,..,..,0.4854,..,..,..,..,..,..,..,..,4.2463,..,..,2.573,2.593,..,..,5.447,..
"Nurses and midwives (per 1,000 people)",SH.MED.NUMW.P3,Viet Nam,VNM,0.767,..,..,0.838,0.887,0.957,1.028,1.116,1.241,..,1.461,..,1.437,1.43,1.454,..,..,..,..,..
"Nurses and midwives (per 1,000 people)",SH.MED.NUMW.P3,Morocco,MAR,..,..,0.81,..,..,..,..,0.927,..,..,..,0.97,0.942,..,..,1.391,..,..,..,..
"Nurses and midwives (per 1,000 people)",SH.MED.NUMW.P3,Nigeria,NGA,..,1.58,..,1.519,1.485,1.48,1.476,1.061,1.336,..,..,1.008,..,..,1.73,..,0.914,1.483,..,1.564
"Nurses and midwives (per 1,000 people)",SH.MED.NUMW.P3,Ethiopia,ETH,..,0.212,0.206,0.243,0.224,0.221,0.199,0.248,..,..,..,..,..,..,..,0.815,0.701,..,0.77,..
"Nurses and midwives (per 1,000 people)",SH.MED.NUMW.P3,Haiti,HTI,..,..,..,..,..,..,..,..,..,1.204,..,..,..,0.286,..,..,0.402,..,..,..
"Nurses and midwives (per 1,000 people)",SH.MED.NUMW.P3,Afghanistan,AFG,..,..,..,0.612,0.457,0.519,0.521,0.63,..,..,..,0.255,0.151,0.133,0.151,0.179,0.452,..,..,..
"Nurses and midwives (per 1,000 people)",SH.MED.NUMW.P3,Bangladesh,BGD,..,0.272,..,0.28,0.281,0.161,0.161,0.171,0.182,0.192,0.205,0.208,0.254,0.272,0.261,0.312,0.391,0.386,0.481,0.613
"Nurses and midwives (per 1,000 people)",SH.MED.NUMW.P3,Uganda,UGA,..,..,0.699,1.346,..,..,..,..,..,..,1.191,1.337,1.249,1.588,1.678,1.507,1.274,..,1.686,..
"Nurses and midwives (per 1,000 people)",SH.MED.NUMW.P3,Nepal,NPL,..,..,0.455,..,..,..,..,..,..,..,1.578,1.841,2.094,..,..,2.792,3.064,3.279,3.318,3.489
"Nurses and midwives (per 1,000 people)",SH.MED.NUMW.P3,Mozambique,MOZ,0.301,0.3,0.33,0.335,0.344,0.369,0.396,0.403,0.412,0.4,0.412,0.424,0.422,0.45,0.483,0.482,0.482,0.474,0.486,0.568
"Nurses and midwives (per 1,000 people)",SH.MED.NUMW.P3,Sudan,SDN,..,..,1.092,..,1.1,1.042,1.012,..,..,..,..,..,1.231,0.84,..,..,1.14,..,..,..
"Nurses and midwives (per 1,000 people)",SH.MED.NUMW.P3,Madagascar,MDG,0.305,0.296,0.278,0.342,0.295,0.287,0.274,0.237,0.217,0.212,0.212,0.29,..,..,..,..,0.292,..,..,..
"Nurses and midwives (per 1,000 people)",SH.MED.NUMW.P3,Rwanda,RWA,..,..,0.413,0.448,..,..,0.67,0.661,..,0.64,..,..,0.908,0.965,1.035,..,1.182,0.933,..,..
"Number of surgical procedures (per 100,000 population)",SH.SGR.PROC.P5,United States,USA,..,..,..,..,..,12087,..,..,..,..,..,..,..,..,..,..,..,..,..,..
"Number of surgical procedures (per 100,000 population)",SH.SGR.PROC.P5,Germany,DEU,..,..,..,..,..,..,..,..,..,..,12188,..,..,..,..,..,..,..,..,..
"Number of surgical procedures (per 100,000 population)",SH.SGR.PROC.P5,Japan,JPN,..,..,..,..,..,..,..,..,..,..,..,..,..,..,..,..,..,..,..,..
"Number of surgical procedures (per 100,000 population)",SH.SGR.PROC.P5,Norway,NOR,..,17401,..,..,..,..,..,..,..,..,..,..,..,..,..,..,..,..,..,..
"Number of surgical procedures (per 100,000 population)",SH.SGR.PROC.P5,Australia,AUS,..,..,..,..,..,..,..,..,..,..,..,..,..,28907,10156,..,..,..,..,..
"Number of surgical procedures (per 100,000 population)",SH.SGR.PROC.P5,"Korea, Rep.",KOR,..,..,..,..,..,..,..,..,..,..,3406,..,..,..,..,..,..,..,..,..
"Number of surgical procedures (per 100,000 population)",SH.SGR.PROC.P5,Canada,CAN,..,..,..,..,..,..,..,..,..,..,..,..,..,..,..,..,..,..,..,6928
"Number of surgical procedures (per 100,000 population)",SH.SGR.PROC.P5,United Kingdom,GBR,..,..,..,..,..,..,..,..,7181,..,15280,..,10487,..,..,..,..,..,..,..
"Number of surgical procedures (per 100,000 population)",SH.SGR.PROC.P5,Switzerland,CHE,..,..,..,..,..,..,..,..,..,..,25923,..,..,..,..,..,..,..,..,..
"Number of surgical procedures (per 100,000 population)",SH.SGR.PROC.P5,Italy,ITA,..,..,..,..,..,..,..,..,..,..,6918,..,..,..,..,..,..,..,..,..
"Number of surgical procedures (per 100,000 population)",SH.SGR.PROC.P5,Sweden,SWE,..,..,..,..,..,..,..,..,..,..,..,..,15228,..,..,17480,..,..,..,..
"Number of surgical procedures (per 100,000 population)",SH.SGR.PROC.P5,Brazil,BRA,..,..,..,..,..,..,..,..,..,..,..,..,..,13674,..,..,..,..,..,..
"Number of surgical procedures (per 100,000 population)",SH.SGR.PROC.P5,India,IND,..,..,..,..,..,..,..,..,..,..,..,..,..,..,..,..,..,..,..,..
"Number of surgical procedures (per 100,000 population)",SH.SGR.PROC.P5,South Africa,ZAF,..,..,..,..,..,..,..,..,..,..,..,..,..,..,..,..,..,..,..,..
"Number of surgical procedures (per 100,000 population)",SH.SGR.PROC.P5,Mexico,MEX,..,..,..,..,..,..,..,..,..,..,..,..,..,1303,..,..,..,..,..,..
"Number of surgical procedures (per 100,000 population)",SH.SGR.PROC.P5,Indonesia,IDN,..,..,..,..,..,..,..,..,..,..,..,..,..,..,..,..,..,..,..,..
"Number of surgical procedures (per 100,000 population)",SH.SGR.PROC.P5,Philippines,PHL,..,..,..,..,..,..,..,..,..,..,..,..,..,..,..,..,..,..,..,..
"Number of surgical procedures (per 100,000 population)",SH.SGR.PROC.P5,"Egypt, Arab Rep.",EGY,..,..,..,..,..,..,..,..,..,..,..,..,..,..,..,..,..,..,..,..
"Number of surgical procedures (per 100,000 population)",SH.SGR.PROC.P5,Colombia,COL,..,..,..,..,..,..,..,..,..,..,..,..,..,27385,..,..,..,..,..,..
"Number of surgical procedures (per 100,000 population)",SH.SGR.PROC.P5,Argentina,ARG,..,..,..,..,..,..,..,..,..,..,..,..,..,..,..,..,..,..,..,..
"Number of surgical procedures (per 100,000 population)",SH.SGR.PROC.P5,Viet Nam,VNM,..,..,..,..,..,..,..,..,..,..,..,..,..,..,..,..,..,..,..,..
"Number of surgical procedures (per 100,000 population)",SH.SGR.PROC.P5,Morocco,MAR,..,..,..,..,..,..,..,..,..,..,..,..,..,746,..,..,..,..,..,..
"Number of surgical procedures (per 100,000 population)",SH.SGR.PROC.P5,Nigeria,NGA,..,..,..,..,..,..,..,..,..,..,..,..,..,..,..,..,..,..,..,..
"Number of surgical procedures (per 100,000 population)",SH.SGR.PROC.P5,Ethiopia,ETH,..,..,..,..,..,..,..,..,..,43,..,192,..,..,..,..,..,..,..,..
"Number of surgical procedures (per 100,000 population)",SH.SGR.PROC.P5,Haiti,HTI,..,..,..,..,..,..,..,..,..,..,..,..,..,..,..,..,..,..,..,..
"Number of surgical procedures (per 100,000 population)",SH.SGR.PROC.P5,Afghanistan,AFG,..,..,..,..,..,..,229,..,..,..,..,..,..,..,..,..,..,..,..,..
"Number of surgical procedures (per 100,000 population)",SH.SGR.PROC.P5,Bangladesh,BGD,..,..,..,..,..,..,..,..,..,162,..,..,..,..,..,..,..,..,..,..
"Number of surgical procedures (per 100,000 population)",SH.SGR.PROC.P5,Uganda,UGA,..,..,..,..,..,..,..,..,..,241,..,..,..,..,145,..,..,..,..,..
"Number of surgical procedures (per 100,000 population)",SH.SGR.PROC.P5,Nepal,NPL,..,..,..,..,..,..,..,..,..,208,..,..,..,..,..,..,..,..,..,..
"Number of surgical procedures (per 100,000 population)",SH.SGR.PROC.P5,Mozambique,MOZ,..,..,..,..,..,..,..,..,..,..,..,..,..,367,..,..,..,..,..,..
"Number of surgical procedures (per 100,000 population)",SH.SGR.PROC.P5,Sudan,SDN,..,..,..,..,..,..,..,..,..,..,..,..,..,..,..,..,..,..,..,..
"Number of surgical procedures (per 100,000 population)",SH.SGR.PROC.P5,Madagascar,MDG,..,..,..,..,..,..,..,..,..,..,..,..,..,..,163,..,..,..,..,..
"Number of surgical procedures (per 100,000 population)",SH.SGR.PROC.P5,Rwanda,RWA,..,..,..,..,..,..,..,..,512,..,..,..,..,..,970.1,..,..,..,..,..
"Hospital beds (per 1,000 people)",SH.MED.BEDS.ZS,United States,USA,3.38,3.32,3.25,3.19,3.16,3.12,3.11,3.06,3.03,2.94,2.91,2.86,2.8,2.77,2.73,2.82,2.78,2.75,2.74,..
"Hospital beds (per 1,000 people)",SH.MED.BEDS.ZS,Germany,DEU,8.99,8.87,8.71,8.6,8.42,8.35,8.3,8.3,8.29,8.26,8.22,8.17,8.14,8.09,8.06,8.01,7.98,7.91,7.8,..
"Hospital beds (per 1,000 people)",SH.MED.BEDS.ZS,Japan,JPN,14.45,14.27,14.2,14.07,13.97,13.87,13.71,13.61,13.51,13.38,13.33,13.28,13.18,13.15,13.11,13.05,13,12.88,12.72,..
"Hospital beds (per 1,000 people)",SH.MED.BEDS.ZS,Norway,NOR,4.99,4.99,5.24,5.16,5.03,4.86,4.63,4.52,4.3,4.19,3.97,3.86,3.84,3.76,3.68,3.6,3.53,3.47,3.4,..
"Hospital beds (per 1,000 people)",SH.MED.BEDS.ZS,Australia,AUS,3.94,3.97,4,3.9,3.92,..,3.82,3.78,3.78,3.78,3.75,3.74,3.79,3.82,3.84,..,..,..,..,..
"Hospital beds (per 1,000 people)",SH.MED.BEDS.ZS,"Korea, Rep.",KOR,4.87,5.12,5.46,5.93,6.54,7.31,7.83,8.31,8.87,9.68,10.37,10.99,11.63,11.61,11.97,12.25,12.42,12.42,12.65,12.75
"Hospital beds (per 1,000 people)",SH.MED.BEDS.ZS,Canada,CAN,3.65,3.5,3.44,3.1,3.02,2.97,2.85,2.81,2.79,2.8,2.79,2.72,2.68,2.62,2.6,2.53,2.56,2.53,2.56,..
"Hospital beds (per 1,000 people)",SH.MED.BEDS.ZS,United Kingdom,GBR,3.98,3.95,3.86,3.72,3.54,3.39,3.34,3.27,2.93,2.88,2.8,2.75,2.72,2.61,2.57,2.54,2.5,2.45,2.43,2.35
"Hospital beds (per 1,000 people)",SH.MED.BEDS.ZS,Switzerland,CHE,5.95,5.83,5.68,5.55,5.4,5.37,5.22,5.11,5.2,5.05,4.98,4.85,4.73,4.73,4.69,4.65,4.63,4.59,4.48,4.44
"Hospital beds (per 1,000 people)",SH.MED.BEDS.ZS,Italy,ITA,4.44,4.17,4.01,4.03,3.97,3.88,3.77,3.66,3.61,3.48,3.38,3.31,3.24,3.22,3.2,3.21,3.17,3.16,3.18,..
"Hospital beds (per 1,000 people)",SH.MED.BEDS.ZS,Sweden,SWE,3.13,3.05,3.01,2.93,2.88,2.86,2.8,2.76,2.73,2.7,2.65,2.58,2.52,2.43,2.33,2.21,2.14,2.07,2.05,..
"Hospital beds (per 1,000 people)",SH.MED.BEDS.ZS,Brazil,BRA,2.56,2.4,..,2.5,2.45,2.47,2.57,2.55,2.55,2.51,2.47,2.45,2.44,2.35,2.32,2.3,2.26,2.24,2.43,2.46
"Hospital beds (per 1,000 people)",SH.MED.BEDS.ZS,India,IND,2.05,0.8999999762,..,1.95,1.92,1.9,1.87,1.84,1.82,1.79,1.77,0.49,1.73,1.7,1.68,1.67,1.65,1.63,1.62,1.6
"Hospital beds (per 1,000 people)",SH.MED.BEDS.ZS,South Africa,ZAF,3.02,..,2.8,2.8,..,2.36,2.35,..,2.28,..,..,..,..,..,..,..,..,..,..,..
"Hospital beds (per 1,000 people)",SH.MED.BEDS.ZS,Mexico,MEX,1.1,1.06,1.07,1.05,1.03,1.06,1.04,1.03,1.06,1.04,1.03,1.03,1.02,1,1,0.99,0.98,0.97,1,1.02
"Hospital beds (per 1,000 people)",SH.MED.BEDS.ZS,Indonesia,IDN,0.59,0.59,0.59,0.6,0.6,0.61,0.63,0.68,0.65,0.69,0.92,1.1,1.05,1.09,1.1,1.15,1.16,1.18,1.4,1.36
"Hospital beds (per 1,000 people)",SH.MED.BEDS.ZS,Philippines,PHL,1.05,1.02,0.97,1,1.05,1.03,1.54,1.03,1.04,1.06,1.03,0.97,0.94,0.95,1.05,0.99,0.95,0.98,0.99,0.96
"Hospital beds (per 1,000 people)",SH.MED.BEDS.ZS,"Egypt, Arab Rep.",EGY,1.94,1.95,1.97,1.92,2.14,1.86,1.63,1.51,1.43,1.43,1.41,1.4,1.37,1.27,1.27,1.3,1.26,1.22,1.13,..
"Hospital beds (per 1,000 people)",SH.MED.BEDS.ZS,Colombia,COL,..,1.1000000238,1.2,..,1,1,..,..,1.51,1.49,1.52,1.58,1.63,1.65,1.71,1.73,1.73,1.74,1.69,..
"Hospital beds (per 1,000 people)",SH.MED.BEDS.ZS,Argentina,ARG,..,..,..,4,..,..,..,..,4.5,4.41,4.6,4.8,4.86,4.97,4.97,5.02,3.71,3.71,3.2,3.34
"Hospital beds (per 1,000 people)",SH.MED.BEDS.ZS,Viet Nam,VNM,1.42,1.44,1.51,1.53,1.57,1.68,1.77,1.9,2.02,2.21,2.28,2.31,2.43,2.53,2.49,2.55,..,..,..,..
"Hospital beds (per 1,000 people)",SH.MED.BEDS.ZS,Morocco,MAR,0.88,0.89,0.87,0.86,0.86,0.87,0.86,0.85,0.84,0.83,0.83,0.82,1.1,1.1,1.1,1,..,0.7,0.73,..
"Hospital beds (per 1,000 people)",SH.MED.BEDS.ZS,Nigeria,NGA,..,..,0.5,..,..,..,..,..,..,..,..,..,..,..,..,..,..,..,..,..
"Hospital beds (per 1,000 people)",SH.MED.BEDS.ZS,Ethiopia,ETH,..,..,0.2,..,0.2,..,0.2,..,..,6.3,..,..,..,0.3,0.33,..,..,..,..,..
"Hospital beds (per 1,000 people)",SH.MED.BEDS.ZS,Haiti,HTI,..,..,..,..,..,1.3,..,..,0.66,..,..,0.72,..,..,..,..,5.26,4.87,5.03,4.77
"Hospital beds (per 1,000 people)",SH.MED.BEDS.ZS,Afghanistan,AFG,0.39,0.39,0.39,0.42,0.42,0.42,0.42,0.42,0.43,0.45,0.47,0.46,0.46,0.44,0.45,0.42,0.4,0.38,0.34,0.36
"Hospital beds (per 1,000 people)",SH.MED.BEDS.ZS,Bangladesh,BGD,0.34,..,..,0.3,..,0.36,0.38,0.5,0.55,0.55,0.63,0.59,0.6,0.77,0.8,0.85,0.88,0.88,..,..
"Hospital beds (per 1,000 people)",SH.MED.BEDS.ZS,Uganda,UGA,..,..,0.7,1,1.1,..,..,0.4,0.5,..,..,..,..,..,..,..,..,..,..,..
"Hospital beds (per 1,000 people)",SH.MED.BEDS.ZS,Nepal,NPL,0.21,0.2,0.2,0.26,0.26,0.26,0.26,0.26,0.26,0.26,0.26,0.27,0.27,0.25,0.17,0.21,0.25,0.29,0.28,0.39
"Hospital beds (per 1,000 people)",SH.MED.BEDS.ZS,Mozambique,MOZ,..,..,..,..,0.85,0.75,0.79,0.84,0.85,0.84,0.85,0.8,0.8,0.78,0.78,0.76,0.76,0.71,0.7,0.73
"Hospital beds (per 1,000 people)",SH.MED.BEDS.ZS,Sudan,SDN,0.73,0.73,0.71,0.72,0.73,0.76,0.73,0.73,0.72,0.84,0.82,0.82,0.8,0.67,0.67,0.74,0.66,0.66,0.66,..
"Hospital beds (per 1,000 people)",SH.MED.BEDS.ZS,Madagascar,MDG,0.4199999869,0.4,..,0.39,0.32,0.32,0.29,..,0.34,0.32,..,0.33,0.32,..,..,..,..,..,..,..
"Hospital beds (per 1,000 people)",SH.MED.BEDS.ZS,Rwanda,RWA,..,..,1.7,..,1.6,1.6,0.6,0.75,0.74,0.72,0.71,0.77,0.71,0.74,0.73,0.72,0.72,0.72,0.74,..
"Community health workers (per 1,000 people)",SH.MED.CMHW.P3,United States,USA,..,..,..,..,..,..,..,..,..,..,..,..,..,..,..,..,..,..,..,..
"Community health workers (per 1,000 people)",SH.MED.CMHW.P3,Germany,DEU,..,..,..,..,..,..,..,..,..,..,..,..,..,..,..,..,..,..,..,..
"Community health workers (per 1,000 people)",SH.MED.CMHW.P3,Japan,JPN,..,..,..,..,..,..,..,..,..,..,..,..,..,..,..,..,..,..,..,..
"Community health workers (per 1,000 people)",SH.MED.CMHW.P3,Norway,NOR,..,..,..,..,..,..,..,..,..,..,..,..,..,..,..,..,..,..,..,..
"Community health workers (per 1,000 people)",SH.MED.CMHW.P3,Australia,AUS,..,..,..,..,0.049,..,..,..,..,..,..,..,..,..,..,..,..,..,..,..
"Community health workers (per 1,000 people)",SH.MED.CMHW.P3,"Korea, Rep.",KOR,..,..,0.326,0.321,0.332,0.347,0.362,0.377,..,..,..,..,..,..,..,..,..,..,..,..
"Community health workers (per 1,000 people)",SH.MED.CMHW.P3,Canada,CAN,..,..,..,..,..,..,..,..,..,..,..,..,..,..,..,..,..,..,..,..
"Community health workers (per 1,000 people)",SH.MED.CMHW.P3,United Kingdom,GBR,..,..,..,..,..,..,..,..,..,..,..,..,..,..,..,..,..,..,..,..
"Community health workers (per 1,000 people)",SH.MED.CMHW.P3,Switzerland,CHE,..,..,..,..,..,..,..,..,..,..,..,..,..,..,..,..,..,..,..,..
"Community health workers (per 1,000 people)",SH.MED.CMHW.P3,Italy,ITA,..,..,..,..,..,..,..,..,..,..,..,..,..,..,..,..,..,..,..,..
"Community health workers (per 1,000 people)",SH.MED.CMHW.P3,Sweden,SWE,..,..,..,..,..,..,..,..,..,..,..,..,..,..,..,..,..,..,..,..
"Community health workers (per 1,000 people)",SH.MED.CMHW.P3,Brazil,BRA,..,..,..,..,..,..,..,..,..,..,..,..,..,..,..,..,..,..,..,..
"Community health workers (per 1,000 people)",SH.MED.CMHW.P3,India,IND,..,0.627,0.621,0.627,0.614,0.614,0.63,0.62,0.578,0.504,..,..,..,..,0.581,..,..,..,..,..
"Community health workers (per 1,000 people)",SH.MED.CMHW.P3,South Africa,ZAF,..,..,0.192,..,..,..,..,..,..,..,..,..,..,..,..,..,..,..,..,..
"Community health workers (per 1,000 people)",SH.MED.CMHW.P3,Mexico,MEX,..,..,..,..,..,..,..,..,..,..,..,..,..,..,..,..,..,..,..,..
"Community health workers (per 1,000 people)",SH.MED.CMHW.P3,Indonesia,IDN,..,..,..,..,..,..,..,..,..,..,..,..,..,0,..,..,..,..,..,..
"Community health workers (per 1,000 people)",SH.MED.CMHW.P3,Philippines,PHL,..,..,..,..,..,..,..,..,..,..,..,..,..,..,..,..,..,..,..,..
"Community health workers (per 1,000 people)",SH.MED.CMHW.P3,"Egypt, Arab Rep.",EGY,..,..,..,..,..,..,..,..,..,..,..,..,..,..,..,..,..,..,..,..
"Community health workers (per 1,000 people)",SH.MED.CMHW.P3,Colombia,COL,..,..,..,..,..,..,..,..,..,..,..,..,..,..,..,..,..,..,..,..
"Community health workers (per 1,000 people)",SH.MED.CMHW.P3,Argentina,ARG,..,..,..,..,..,..,..,..,..,..,..,..,..,..,..,..,..,..,..,..
"Community health workers (per 1,000 people)",SH.MED.CMHW.P3,Viet Nam,VNM,..,..,..,..,..,..,..,..,..,..,..,..,..,..,..,..,..,..,..,..
"Community health workers (per 1,000 people)",SH.MED.CMHW.P3,Morocco,MAR,..,..,..,..,..,..,..,..,..,..,..,..,..,..,..,..,..,..,..,..
"Community health workers (per 1,000 people)",SH.MED.CMHW.P3,Nigeria,NGA,..,..,..,..,..,0.131,0.128,..,..,..,..,..,..,..,..,..,..,..,..,..
"Community health workers (per 1,000 people)",SH.MED.CMHW.P3,Ethiopia,ETH,..,0.185,0.211,..,..,0.218,0.296,0.363,..,..,..,..,..,..,..,..,..,..,..,..
"Community health workers (per 1,000 people)",SH.MED.CMHW.P3,Haiti,HTI,..,..,..,..,..,..,..,..,..,..,..,..,..,..,..,..,..,..,..,..
"Community health workers (per 1,000 people)",SH.MED.CMHW.P3,Afghanistan,AFG,..,..,..,..,..,..,..,..,..,..,..,..,..,..,..,..,..,..,..,..
"Community health workers (per 1,000 people)",SH.MED.CMHW.P3,Bangladesh,BGD,..,..,0.151,0.147,..,..,..,..,..,0.393,0.476,..,..,..,..,..,..,..,..,..
"Community health workers (per 1,000 people)",SH.MED.CMHW.P3,Uganda,UGA,..,..,..,0.194,..,..,..,..,..,..,..,..,..,..,..,..,..,..,..,..
"Community health workers (per 1,000 people)",SH.MED.CMHW.P3,Nepal,NPL,..,..,0.684,..,..,..,..,..,..,..,..,..,..,..,..,..,..,..,..,..
"Community health workers (per 1,000 people)",SH.MED.CMHW.P3,Mozambique,MOZ,..,..,..,..,..,..,..,..,..,..,0.047,0.045,..,..,..,..,..,..,..,..
"Community health workers (per 1,000 people)",SH.MED.CMHW.P3,Sudan,SDN,..,..,0.151,..,..,..,..,..,..,..,..,..,..,..,..,..,..,..,..,..
"Community health workers (per 1,000 people)",SH.MED.CMHW.P3,Madagascar,MDG,..,..,..,..,..,..,..,..,..,..,..,..,..,..,..,..,..,..,..,..
"Community health workers (per 1,000 people)",SH.MED.CMHW.P3,Rwanda,RWA,..,..,1.359,..,..,..,..,..,..,..,..,..,..,..,..,..,..,..,..,..
"Physicians (per 1,000 people)",SH.MED.PHYS.ZS,United States,USA,..,..,2.7,..,..,..,..,..,..,..,..,..,..,..,..,..,2.57,3.518,3.555,..
"Physicians (per 1,000 people)",SH.MED.PHYS.ZS,Germany,DEU,3.364,3.401,3.426,3.448,3.487,3.533,3.58,3.648,3.734,3.822,3.892,3.984,4.064,4.12,4.187,4.251,4.311,4.391,4.459,4.518
"Physicians (per 1,000 people)",SH.MED.PHYS.ZS,Japan,JPN,1.979,..,2.031,..,2.083,..,2.147,..,2.213,..,2.284,..,2.354,..,2.426,..,2.498,..,2.614,..
"Physicians (per 1,000 people)",SH.MED.PHYS.ZS,Norway,NOR,3.218,3.23,3.4,3.563,3.731,3.844,3.955,4.048,4.114,4.188,4.231,4.305,4.429,4.451,4.581,4.735,4.857,4.968,5.086,5.168
"Physicians (per 1,000 people)",SH.MED.PHYS.ZS,Australia,AUS,2.562,2.631,2.708,2.78,2.842,3.008,3.018,3.121,3.364,3.314,3.311,3.374,3.45,3.505,3.577,3.677,3.747,3.827,4.102,..
"Physicians (per 1,000 people)",SH.MED.PHYS.ZS,"Korea, Rep.",KOR,1.499,1.579,1.576,1.636,1.7,1.752,1.871,1.949,2.014,2.062,2.098,2.174,2.209,2.242,2.289,2.342,2.385,2.457,2.508,..
"Physicians (per 1,000 people)",SH.MED.PHYS.ZS,Canada,CAN,1.8969,..,1.8971,..,1.9086,..,1.959,..,2.0384,..,2.3962,2.4509,2.4961,2.5388,2.3105,2.6102,2.428,2.435,2.433,2.464
"Physicians (per 1,000 people)",SH.MED.PHYS.ZS,United Kingdom,GBR,2.114,2.201,2.331,2.408,2.46,2.492,2.571,2.653,2.656,2.691,2.697,2.706,2.742,2.773,2.783,2.814,2.834,2.942,3.041,3.171
"Physicians (per 1,000 people)",SH.MED.PHYS.ZS,Switzerland,CHE,3.562,3.659,3.697,3.741,3.792,3.789,3.822,3.837,3.81,3.834,3.916,4.041,4.126,4.197,4.251,4.298,4.339,4.35,4.389,4.443
"Physicians (per 1,000 people)",SH.MED.PHYS.ZS,Italy,ITA,3.563,3.624,3.687,3.707,3.706,3.773,3.761,3.761,3.784,3.856,3.832,3.895,3.91,3.87,3.986,4.025,4.013,4.051,3.997,4.126
"Physicians (per 1,000 people)",SH.MED.PHYS.ZS,Sweden,SWE,3.213,3.283,3.37,3.447,3.534,3.62,3.679,3.75,3.807,3.882,3.954,4.024,4.089,4.155,4.221,4.27,4.327,4.29,7.062,..
"Physicians (per 1,000 people)",SH.MED.PHYS.ZS,Brazil,BRA,..,..,..,..,..,..,..,..,..,1.843,..,1.876,..,..,..,2.158,..,2.303,..,2.142
"Physicians (per 1,000 people)",SH.MED.PHYS.ZS,India,IND,..,..,..,..,..,..,..,..,..,..,..,..,..,..,..,..,0.678,..,0.727,..
"Physicians (per 1,000 people)",SH.MED.PHYS.ZS,South Africa,ZAF,..,..,0.717,..,..,..,..,..,..,..,..,..,..,..,0.765,0.788,0.759,0.799,..,0.809
"Physicians (per 1,000 people)",SH.MED.PHYS.ZS,Mexico,MEX,1.538,1.589,1.662,1.775,1.893,1.937,1.97,2.004,2.026,2.129,2.14,2.184,2.256,2.358,2.359,2.42,2.467,2.474,2.441,..
"Physicians (per 1,000 people)",SH.MED.PHYS.ZS,Indonesia,IDN,..,0.132,..,..,..,..,..,0.143,0.138,..,0.199,..,..,0.273,..,0.377,0.425,0.467,0.627,0.695
"Physicians (per 1,000 people)",SH.MED.PHYS.ZS,Philippines,PHL,1.112,1.227,1.109,1.23,1.236,1.242,1.251,1.256,1.263,..,..,..,..,..,..,0.669,0.701,0.735,0.752,0.786
"Physicians (per 1,000 people)",SH.MED.PHYS.ZS,"Egypt, Arab Rep.",EGY,..,0.507,..,..,..,..,..,..,..,..,..,..,0.745,0.777,0.778,0.757,0.73,0.709,..,..
"Physicians (per 1,000 people)",SH.MED.PHYS.ZS,Colombia,COL,1.317,1.348,1.387,1.429,1.467,1.509,1.561,1.616,1.664,1.726,1.785,1.853,1.93,1.991,2.057,2.131,2.202,2.259,2.325,2.362
"Physicians (per 1,000 people)",SH.MED.PHYS.ZS,Argentina,ARG,..,..,3.1857,..,..,..,..,..,..,..,..,3.9385,..,3.973,3.987,3.979,..,4.0685,3.895,..
"Physicians (per 1,000 people)",SH.MED.PHYS.ZS,Viet Nam,VNM,0.558,..,..,0.619,0.629,0.647,0.67,0.703,0.715,..,0.826,..,0.787,0.801,0.833,..,..,..,..,..
"Physicians (per 1,000 people)",SH.MED.PHYS.ZS,Morocco,MAR,..,..,0.532,..,..,0.585,..,0.645,..,..,..,0.63,0.912,..,..,0.732,..,..,..,..
"Physicians (per 1,000 people)",SH.MED.PHYS.ZS,Nigeria,NGA,..,0.262,..,0.279,0.344,0.373,0.371,0.373,..,..,..,0.376,..,..,0.443,..,0.376,0.367,..,0.395
"Physicians (per 1,000 people)",SH.MED.PHYS.ZS,Ethiopia,ETH,0.029,0.027,0.027,0.032,0.027,0.022,0.025,0.025,..,..,..,..,..,..,..,..,0.076,..,0.104,..
"Physicians (per 1,000 people)",SH.MED.PHYS.ZS,Haiti,HTI,..,..,..,..,..,..,..,..,..,0.14,..,0.233,..,0.086,..,..,0.237,..,..,..
"Physicians (per 1,000 people)",SH.MED.PHYS.ZS,Afghanistan,AFG,..,..,..,..,0.166,0.182,0.183,0.22,0.245,0.259,0.247,0.291,0.304,0.291,0.284,0.245,0.304,0.214,0.254,..
"Physicians (per 1,000 people)",SH.MED.PHYS.ZS,Bangladesh,BGD,..,0.268,0.277,0.304,0.313,0.326,0.339,0.353,0.362,0.382,0.397,0.418,0.484,0.481,0.492,0.536,0.573,0.627,0.656,0.67
"Physicians (per 1,000 people)",SH.MED.PHYS.ZS,Uganda,UGA,0.047,..,0.081,0.12,..,..,..,..,..,..,0.098,..,..,0.097,..,0.172,0.414,..,0.158,..
"Physicians (per 1,000 people)",SH.MED.PHYS.ZS,Nepal,NPL,..,..,0.207,..,..,..,..,..,..,..,0.51,0.554,..,..,..,0.892,0.738,0.803,0.846,0.867
"Physicians (per 1,000 people)",SH.MED.PHYS.ZS,Mozambique,MOZ,..,..,0.026,..,0.026,..,..,0.046,0.05,0.053,0.056,0.058,..,..,..,0.076,0.084,0.085,0.083,0.081
"Physicians (per 1,000 people)",SH.MED.PHYS.ZS,Sudan,SDN,..,..,0.262,..,0.365,0.364,0.337,..,..,..,..,..,..,0.415,..,0.263,..,..,..,..
"Physicians (per 1,000 people)",SH.MED.PHYS.ZS,Madagascar,MDG,0.133,0.144,0.152,0.176,0.166,0.177,0.181,0.177,0.19,0.14,0.139,0.149,0.177,..,..,..,0.195,..,..,..
"Physicians (per 1,000 people)",SH.MED.PHYS.ZS,Rwanda,RWA,0.019,..,0.049,0.024,..,..,0.052,0.055,0.055,0.0129,..,0.099,0.089,0.11,0.12,0.135,0.132,0.116,..,..
"Prevalence of stunting, height for age (% of children under 5)",SH.STA.STNT.ZS,United States,USA,3.1,..,2.9,..,3.1,..,2.3,..,2.8,..,2.2,..,2.4,..,3.5,..,3.4,..,..,..
"Prevalence of stunting, height for age (% of children under 5)",SH.STA.STNT.ZS,Germany,DEU,..,..,1.2,..,..,..,..,..,..,..,..,..,..,..,1.3,..,..,..,..,..
"Prevalence of stunting, height for age (% of children under 5)",SH.STA.STNT.ZS,Japan,JPN,..,..,..,..,..,..,..,..,7.1,..,..,..,..,..,..,..,..,..,..,..
"Prevalence of stunting, height for age (% of children under 5)",SH.STA.STNT.ZS,Norway,NOR,..,..,..,..,..,..,..,..,..,..,..,..,..,..,..,..,..,..,..,..
"Prevalence of stunting, height for age (% of children under 5)",SH.STA.STNT.ZS,Australia,AUS,..,..,..,..,..,1.9,..,..,..,..,..,..,..,..,..,..,..,..,..,..
"Prevalence of stunting, height for age (% of children under 5)",SH.STA.STNT.ZS,"Korea, Rep.",KOR,..,2.5,..,..,..,..,..,..,..,1.3,..,..,1.6,..,..,2.3,..,..,0.9,..
"Prevalence of stunting, height for age (% of children under 5)",SH.STA.STNT.ZS,Canada,CAN,..,..,..,..,..,..,..,..,..,..,..,..,..,..,..,..,..,..,..,..
"Prevalence of stunting, height for age (% of children under 5)",SH.STA.STNT.ZS,United Kingdom,GBR,..,..,..,..,..,..,..,..,..,..,..,..,..,..,..,..,..,..,..,..
"Prevalence of stunting, height for age (% of children under 5)",SH.STA.STNT.ZS,Switzerland,CHE,..,..,..,..,..,..,..,..,..,..,..,..,..,..,..,..,..,..,..,..
"Prevalence of stunting, height for age (% of children under 5)",SH.STA.STNT.ZS,Italy,ITA,..,..,..,..,..,..,..,..,..,..,..,..,..,..,..,..,..,..,..,..
"Prevalence of stunting, height for age (% of children under 5)",SH.STA.STNT.ZS,Sweden,SWE,..,..,..,..,..,..,..,..,..,..,..,..,..,..,..,..,..,..,..,..
"Prevalence of stunting, height for age (% of children under 5)",SH.STA.STNT.ZS,Brazil,BRA,..,..,..,..,..,7,..,..,..,..,..,..,..,..,..,..,..,8,..,..
"Prevalence of stunting, height for age (% of children under 5)",SH.STA.STNT.ZS,India,IND,..,..,..,..,47.8,..,..,..,..,..,..,..,38.7,37.9,..,34.7,..,..,35.5,..
"Prevalence of stunting, height for age (% of children under 5)",SH.STA.STNT.ZS,South Africa,ZAF,..,..,..,..,..,..,25,..,..,..,..,..,..,21.2,27.4,21.3,..,..,..,..
"Prevalence of stunting, height for age (% of children under 5)",SH.STA.STNT.ZS,Mexico,MEX,18.9,..,..,19.4,15.5,..,..,..,..,..,13.6,..,..,12.4,10,..,..,14.1,13.9,12.8
"Prevalence of stunting, height for age (% of children under 5)",SH.STA.STNT.ZS,Indonesia,IDN,..,..,28.6,..,..,..,40.1,..,39.2,..,..,36.4,..,..,..,..,30.8,..,..,..
"Prevalence of stunting, height for age (% of children under 5)",SH.STA.STNT.ZS,Philippines,PHL,..,33.4,..,..,..,..,32,..,..,33.4,..,30,..,33.1,..,..,29.9,28.7,..,26.7
"Prevalence of stunting, height for age (% of children under 5)",SH.STA.STNT.ZS,"Egypt, Arab Rep.",EGY,..,20.2,..,23.9,..,..,30.7,..,..,..,..,..,22.3,..,..,..,..,..,..,..
"Prevalence of stunting, height for age (% of children under 5)",SH.STA.STNT.ZS,Colombia,COL,..,..,..,16,..,..,..,..,12.6,..,..,..,..,..,12.7,..,..,..,..,..
"Prevalence of stunting, height for age (% of children under 5)",SH.STA.STNT.ZS,Argentina,ARG,..,..,..,7.2,..,..,..,..,..,..,..,..,..,..,..,..,8.7,..,..,..
"Prevalence of stunting, height for age (% of children under 5)",SH.STA.STNT.ZS,Viet Nam,VNM,37.5,35.4,33.7,33.3,31.7,31.7,30.8,29.3,22.7,27.5,26.7,25.9,24.9,24.6,24.3,23.8,23.2,22.4,19.5,..
"Prevalence of stunting, height for age (% of children under 5)",SH.STA.STNT.ZS,Morocco,MAR,..,23.1,..,..,..,..,..,..,..,14.9,..,..,..,..,..,15.1,..,14.2,..,..
"Prevalence of stunting, height for age (% of children under 5)",SH.STA.STNT.ZS,Nigeria,NGA,..,42.5,..,..,..,..,..,..,..,35.8,..,..,33.6,33,43.6,..,36.8,..,31.5,..
"Prevalence of stunting, height for age (% of children under 5)",SH.STA.STNT.ZS,Ethiopia,ETH,..,..,..,50,..,..,..,..,..,44.4,..,..,40.4,..,38.3,..,..,36.8,..,..
"Prevalence of stunting, height for age (% of children under 5)",SH.STA.STNT.ZS,Haiti,HTI,..,..,..,..,29.6,..,..,..,..,..,22,..,..,..,..,21.9,..,..,..,..
"Prevalence of stunting, height for age (% of children under 5)",SH.STA.STNT.ZS,Afghanistan,AFG,..,..,59.3,..,..,..,..,..,..,..,..,40.4,..,..,..,..,38.2,..,..,..
"Prevalence of stunting, height for age (% of children under 5)",SH.STA.STNT.ZS,Bangladesh,BGD,51.4,47.8,50.5,46.2,45.1,43.2,..,..,..,41.3,41.2,42,36.2,32.7,..,..,30.9,28,..,..
"Prevalence of stunting, height for age (% of children under 5)",SH.STA.STNT.ZS,Uganda,UGA,..,..,..,..,38.4,..,..,38.2,..,33.5,33.7,..,34,30.4,28.9,..,23.9,..,25.4,..
"Prevalence of stunting, height for age (% of children under 5)",SH.STA.STNT.ZS,Nepal,NPL,..,..,..,..,49.1,..,..,..,..,40.1,..,..,37.1,..,35.8,..,..,31.5,..,..
"Prevalence of stunting, height for age (% of children under 5)",SH.STA.STNT.ZS,Mozambique,MOZ,..,46.9,..,..,..,..,43.5,..,..,42.9,..,..,..,42.3,..,..,..,..,37.5,..
"Prevalence of stunting, height for age (% of children under 5)",SH.STA.STNT.ZS,Sudan,SDN,..,..,..,..,38.3,..,..,..,34.1,..,..,..,38.2,..,..,..,..,..,..,..
"Prevalence of stunting, height for age (% of children under 5)",SH.STA.STNT.ZS,Madagascar,MDG,..,..,52.7,..,..,..,..,49.4,..,..,48.9,..,..,..,..,..,41.6,..,..,39.8
"Prevalence of stunting, height for age (% of children under 5)",SH.STA.STNT.ZS,Rwanda,RWA,..,..,..,51.4,..,..,..,46.6,44.3,..,43.8,..,..,38.3,..,..,34.8,..,33.1,..
Prevalence of undernourishment (% of population),SN.ITK.DEFC.ZS,United States,USA,2.5,2.5,2.5,2.5,2.5,2.5,2.5,2.5,2.5,2.5,2.5,2.5,2.5,2.5,2.5,2.5,2.5,2.5,2.5,2.5
Prevalence of undernourishment (% of population),SN.ITK.DEFC.ZS,Germany,DEU,2.5,2.5,2.5,2.5,2.5,2.5,2.5,2.5,2.5,2.5,2.5,2.5,2.5,2.5,2.5,2.5,2.5,2.5,2.5,2.5
Prevalence of undernourishment (% of population),SN.ITK.DEFC.ZS,Japan,JPN,2.5,2.5,2.5,2.5,2.5,2.5,2.5,3,3.2,2.9,2.6,2.5,2.5,2.7,2.7,2.7,2.6,2.8,2.9,3.2
Prevalence of undernourishment (% of population),SN.ITK.DEFC.ZS,Norway,NOR,2.5,2.5,2.5,2.5,2.5,2.5,2.5,2.5,2.5,2.5,2.5,2.5,2.5,2.5,2.5,2.5,2.5,2.5,2.5,2.5
Prevalence of undernourishment (% of population),SN.ITK.DEFC.ZS,Australia,AUS,2.5,2.5,2.5,2.5,2.5,2.5,2.5,2.5,2.5,2.5,2.5,2.5,2.5,2.5,2.5,2.5,2.5,2.5,2.5,2.5
Prevalence of undernourishment (% of population),SN.ITK.DEFC.ZS,"Korea, Rep.",KOR,2.6,2.6,2.5,2.5,2.5,2.5,2.5,2.5,2.5,2.5,2.5,2.5,2.5,2.5,2.5,2.5,2.5,2.5,2.5,2.5
Prevalence of undernourishment (% of population),SN.ITK.DEFC.ZS,Canada,CAN,2.5,2.5,2.5,2.5,2.5,2.5,2.5,2.5,2.5,2.5,2.5,2.5,2.5,2.5,2.5,2.5,2.5,2.5,2.5,2.5
Prevalence of undernourishment (% of population),SN.ITK.DEFC.ZS,United Kingdom,GBR,2.5,2.5,2.5,2.5,2.5,2.5,2.5,2.5,2.5,2.5,2.5,2.5,2.5,2.5,2.5,2.5,2.5,2.5,2.5,2.5
Prevalence of undernourishment (% of population),SN.ITK.DEFC.ZS,Switzerland,CHE,2.5,2.5,2.5,2.5,2.5,2.5,2.5,2.5,2.5,2.5,2.5,2.5,2.5,2.5,2.5,2.5,2.5,2.5,2.5,2.5
Prevalence of undernourishment (% of population),SN.ITK.DEFC.ZS,Italy,ITA,2.5,2.5,2.5,2.5,2.5,2.5,2.5,2.5,2.5,2.5,2.5,2.5,2.5,2.5,2.5,2.5,2.5,2.5,2.5,2.5
Prevalence of undernourishment (% of population),SN.ITK.DEFC.ZS,Sweden,SWE,2.5,2.5,2.5,2.5,2.5,2.5,2.5,2.5,2.5,2.5,2.5,2.5,2.5,2.5,2.5,2.5,2.5,2.5,2.5,2.5
Prevalence of undernourishment (% of population),SN.ITK.DEFC.ZS,Brazil,BRA,9,7.6,6.6,6.2,5.9,5.4,4.9,4.1,3.5,3,2.8,2.6,2.5,2.5,2.5,2.5,2.5,2.5,3.4,4.2
Prevalence of undernourishment (% of population),SN.ITK.DEFC.ZS,India,IND,19.9,21.5,22,21.4,19.2,16.8,15.6,15.3,14.8,14.3,13.5,12.9,12.6,12.2,11.5,10.5,10.3,11.6,13.1,14
Prevalence of undernourishment (% of population),SN.ITK.DEFC.ZS,South Africa,ZAF,3.6,3.6,3.4,3.4,3.5,3.6,3.6,4.1,4.6,5.1,5.2,5.5,6.3,6.5,6.3,5.7,5.7,6.2,6.9,7.7
Prevalence of undernourishment (% of population),SN.ITK.DEFC.ZS,Mexico,MEX,3.4,4,4.3,4.1,3.8,3.8,4.1,4.2,4.1,3.9,3.8,3.8,3.8,3.7,3.7,3.8,3.6,3.5,3.2,3.2
Prevalence of undernourishment (% of population),SN.ITK.DEFC.ZS,Indonesia,IDN,18.2,18,18.2,18.4,18.2,17.6,16.5,15.1,13.1,11.3,9.8,8.5,8,7.3,6.7,6,5.9,6.2,6.3,6.8
Prevalence of undernourishment (% of population),SN.ITK.DEFC.ZS,Philippines,PHL,18.6,17.3,16.2,14.6,13.4,12.2,11.3,12.2,13.1,13.6,12.9,12.1,11.4,10,8.6,7.1,6,5.6,5.8,6
Prevalence of undernourishment (% of population),SN.ITK.DEFC.ZS,"Egypt, Arab Rep.",EGY,5,5.5,5.8,5.9,5.5,5.2,5.1,5,5.2,5.3,5.5,5.8,6,6.3,6.5,6.9,6.8,6.7,6.9,7.6
Prevalence of undernourishment (% of population),SN.ITK.DEFC.ZS,Colombia,COL,8.9,9.6,10.4,11.1,11.3,10.9,11.1,11.2,11.3,10.1,8.7,7.2,5.9,5.1,4.6,4.3,4.3,4.3,4.4,4.2
Prevalence of undernourishment (% of population),SN.ITK.DEFC.ZS,Argentina,ARG,3.7,4.3,3.9,3.6,3.3,3.2,3.2,3.4,3.6,3.6,3.4,3.1,2.8,2.8,3,3.4,3.5,3.5,3.4,3.3
Prevalence of undernourishment (% of population),SN.ITK.DEFC.ZS,Viet Nam,VNM,17.7,16.1,15.4,15.3,15,13.9,12.7,11.4,10.5,9.3,8.8,8.3,8.2,7.8,7.5,7,6.6,6,5.5,5.2
Prevalence of undernourishment (% of population),SN.ITK.DEFC.ZS,Morocco,MAR,5.4,5.1,4.9,4.8,4.8,4.8,4.8,4.9,4.8,4.5,4.3,4.1,4,3.7,3.7,3.5,3.6,4.1,5.3,6.4
Prevalence of undernourishment (% of population),SN.ITK.DEFC.ZS,Nigeria,NGA,8.8,8.5,7.8,7,6.6,6.5,6.7,7.9,9.2,10.4,10.9,10.8,10.7,10.5,10.7,11.3,11.8,13.6,15.1,17
Prevalence of undernourishment (% of population),SN.ITK.DEFC.ZS,Ethiopia,ETH,43.7,42.2,39.7,37,33.3,29.9,26.8,23.9,21.9,20.3,18.8,17.2,15.5,14.4,14,15.4,17.9,20.9,23,23.5
Prevalence of undernourishment (% of population),SN.ITK.DEFC.ZS,Haiti,HTI,50.2,50.8,51.7,50.8,49.7,47.8,46.1,43.2,41.1,40.2,40.3,39.4,38.2,38.3,39.1,40.6,41.6,43.6,45.1,48.2
Prevalence of undernourishment (% of population),SN.ITK.DEFC.ZS,Afghanistan,AFG,43.7,38.6,35.9,34.2,31.6,28.3,25.1,21.6,19.4,18.3,19.5,19.4,19.3,20,20.5,21.4,22.6,25.1,27.7,29.4
Prevalence of undernourishment (% of population),SN.ITK.DEFC.ZS,Bangladesh,BGD,14.7,14.4,13.8,13.7,13.2,13.3,12.9,14.5,15.2,16.1,15.9,15.6,14.9,14.9,14.4,13.7,12.8,11.9,12.1,11.8
Prevalence of undernourishment (% of population),SN.ITK.DEFC.ZS,Uganda,UGA,19.3,18.2,18,18.6,19.1,19.4,19.7,19.7,20.4,21.1,22.4,24.4,27.9,33.3,37.5,38.9,38.4,37.3,37.1,36.8
Prevalence of undernourishment (% of population),SN.ITK.DEFC.ZS,Nepal,NPL,22.2,20.2,17.9,17,16,14.9,13,11.5,10.4,9.5,8.8,8.1,7.6,6.6,5.7,5.1,5,5.2,5.6,5.7
Prevalence of undernourishment (% of population),SN.ITK.DEFC.ZS,Mozambique,MOZ,35.5,34.4,34.5,33.7,32.9,30.3,29,25.1,22.2,20.7,22.6,27.8,34.6,42.3,44.4,41.1,35.3,30.9,28.3,26.3
Prevalence of undernourishment (% of population),SN.ITK.DEFC.ZS,Sudan,SDN,..,..,..,..,..,..,..,..,..,..,..,9.2,8.8,9.2,10,10.5,10.9,10.8,11.1,11
Prevalence of undernourishment (% of population),SN.ITK.DEFC.ZS,Madagascar,MDG,35.3,36.6,35.2,33.5,31.1,30.7,30.5,29,26.9,25.3,26.5,27.8,29.6,30.8,32.3,33.3,34.6,36,37.6,38.9
Prevalence of undernourishment (% of population),SN.ITK.DEFC.ZS,Rwanda,RWA,34.4,33.8,36.2,36.9,36.8,36.6,36.6,36.1,35.7,35.3,35.6,35.7,35.5,34.7,33.6,33.5,33.8,34.9,34.7,33.2
"Immunization, DPT (% of children ages 12-23 months)",SH.IMM.IDPT,United States,USA,94,96,96,96,96,96,96,95,95,96,94,94,95,95,95,94,94,94,93,94
"Immunization, DPT (% of children ages 12-23 months)",SH.IMM.IDPT,Germany,DEU,93,97,96,96,96,96,96,96,96,95,95,93,93,93,91,91,91,91,91,91
"Immunization, DPT (% of children ages 12-23 months)",SH.IMM.IDPT,Japan,JPN,96,97,99,98,98,98,98,97,97,97,97,96,96,96,99,99,98,98,96,99
"Immunization, DPT (% of children ages 12-23 months)",SH.IMM.IDPT,Norway,NOR,93,92,92,91,94,93,94,94,93,94,95,94,93,95,96,96,96,97,97,97
"Immunization, DPT (% of children ages 12-23 months)",SH.IMM.IDPT,Australia,AUS,92,93,92,92,92,92,92,92,92,92,92,91,92,93,94,95,95,95,95,95
"Immunization, DPT (% of children ages 12-23 months)",SH.IMM.IDPT,"Korea, Rep.",KOR,97,97,88,96,98,91,94,94,94,99,99,99,99,98,98,97,98,98,98,98
"Immunization, DPT (% of children ages 12-23 months)",SH.IMM.IDPT,Canada,CAN,88,91,91,93,95,94,92,91,89,87,91,91,91,91,91,91,91,91,92,92
"Immunization, DPT (% of children ages 12-23 months)",SH.IMM.IDPT,United Kingdom,GBR,91,91,92,91,92,92,92,93,94,95,95,95,95,95,94,94,94,93,93,93
"Immunization, DPT (% of children ages 12-23 months)",SH.IMM.IDPT,Switzerland,CHE,93,93,93,94,94,94,95,95,95,96,96,96,96,96,96,96,96,96,96,96
"Immunization, DPT (% of children ages 12-23 months)",SH.IMM.IDPT,Italy,ITA,93,96,94,95,96,97,96,96,96,96,97,96,95,93,94,95,95,96,94,94
"Immunization, DPT (% of children ages 12-23 months)",SH.IMM.IDPT,Sweden,SWE,99,99,99,98,98,98,98,98,98,98,98,98,97,98,98,97,97,98,97,98
"Immunization, DPT (% of children ages 12-23 months)",SH.IMM.IDPT,Brazil,BRA,99,99,99,99,99,99,99,99,99,99,95,97,93,96,89,83,87,70,77,68
"Immunization, DPT (% of children ages 12-23 months)",SH.IMM.IDPT,India,IND,59,61,63,65,65,64,70,74,79,82,82,83,85,87,88,89,90,91,85,85
"Immunization, DPT (% of children ages 12-23 months)",SH.IMM.IDPT,South Africa,ZAF,70,69,74,81,84,85,82,81,77,75,71,81,85,85,85,84,82,85,84,86
"Immunization, DPT (% of children ages 12-23 months)",SH.IMM.IDPT,Mexico,MEX,97,98,98,98,98,98,96,95,95,97,99,83,87,87,93,85,88,82,72,78
"Immunization, DPT (% of children ages 12-23 months)",SH.IMM.IDPT,Indonesia,IDN,70,71,71,72,72,73,77,78,81,81,87,92,88,84,84,85,85,85,77,67
"Immunization, DPT (% of children ages 12-23 months)",SH.IMM.IDPT,Philippines,PHL,79,84,88,89,88,87,87,88,88,89,89,84,79,74,84,84,84,84,83,69
"Immunization, DPT (% of children ages 12-23 months)",SH.IMM.IDPT,"Egypt, Arab Rep.",EGY,97,98,97,98,98,98,97,97,97,96,93,97,94,93,95,94,95,95,94,96
"Immunization, DPT (% of children ages 12-23 months)",SH.IMM.IDPT,Colombia,COL,81,92,89,93,93,94,92,92,88,85,91,91,90,91,91,92,92,94,88,86
"Immunization, DPT (% of children ages 12-23 months)",SH.IMM.IDPT,Argentina,ARG,93,96,98,98,91,91,93,94,94,91,91,94,94,94,92,86,86,83,74,81
"Immunization, DPT (% of children ages 12-23 months)",SH.IMM.IDPT,Viet Nam,VNM,75,99,96,95,94,92,93,96,93,95,97,59,95,97,96,94,75,89,94,83
"Immunization, DPT (% of children ages 12-23 months)",SH.IMM.IDPT,Morocco,MAR,94,91,97,98,97,95,99,99,99,99,99,99,99,99,99,99,99,99,99,99
"Immunization, DPT (% of children ages 12-23 months)",SH.IMM.IDPT,Nigeria,NGA,25,29,33,36,40,42,53,63,54,48,42,43,43,42,53,55,61,66,62,62
"Immunization, DPT (% of children ages 12-23 months)",SH.IMM.IDPT,Ethiopia,ETH,35,37,40,44,46,50,54,58,61,65,62,59,61,63,66,68,67,68,71,65
"Immunization, DPT (% of children ages 12-23 months)",SH.IMM.IDPT,Haiti,HTI,50,53,57,60,62,64,64,65,67,68,66,65,63,64,64,64,64,51,51,51
"Immunization, DPT (% of children ages 12-23 months)",SH.IMM.IDPT,Afghanistan,AFG,36,41,50,58,58,63,64,63,66,68,66,64,63,64,65,63,67,65,61,55
"Immunization, DPT (% of children ages 12-23 months)",SH.IMM.IDPT,Bangladesh,BGD,83,87,99,93,94,94,96,97,94,96,94,96,97,98,98,98,98,98,98,98
"Immunization, DPT (% of children ages 12-23 months)",SH.IMM.IDPT,Uganda,UGA,57,59,62,64,64,73,71,79,80,82,83,84,85,89,93,94,93,93,89,91
"Immunization, DPT (% of children ages 12-23 months)",SH.IMM.IDPT,Nepal,NPL,72,78,80,75,89,82,82,89,82,92,90,92,92,91,87,90,91,93,84,91
"Immunization, DPT (% of children ages 12-23 months)",SH.IMM.IDPT,Mozambique,MOZ,76,85,83,80,78,75,75,74,74,77,80,82,85,85,85,85,85,85,71,56
"Immunization, DPT (% of children ages 12-23 months)",SH.IMM.IDPT,Sudan,SDN,60,69,74,78,78,84,86,81,90,93,92,93,94,93,93,95,93,93,90,84
"Immunization, DPT (% of children ages 12-23 months)",SH.IMM.IDPT,Madagascar,MDG,62,66,78,85,85,84,77,77,70,73,68,70,68,62,68,65,74,70,68,57
"Immunization, DPT (% of children ages 12-23 months)",SH.IMM.IDPT,Rwanda,RWA,88,96,89,95,99,97,97,97,97,97,98,98,98,98,98,98,97,98,91,88
"Incidence of malaria (per 1,000 population at risk)",SH.MLR.INCD.P3,United States,USA,..,..,..,..,..,..,..,..,..,..,..,..,..,..,..,..,..,..,..,..
"Incidence of malaria (per 1,000 population at risk)",SH.MLR.INCD.P3,Germany,DEU,..,..,..,..,..,..,..,..,..,..,..,..,..,..,..,..,..,..,..,..
"Incidence of malaria (per 1,000 population at risk)",SH.MLR.INCD.P3,Japan,JPN,..,..,..,..,..,..,..,..,..,..,..,..,..,..,..,..,..,..,..,..
"Incidence of malaria (per 1,000 population at risk)",SH.MLR.INCD.P3,Norway,NOR,..,..,..,..,..,..,..,..,..,..,..,..,..,..,..,..,..,..,..,..
"Incidence of malaria (per 1,000 population at risk)",SH.MLR.INCD.P3,Australia,AUS,..,..,..,..,..,..,..,..,..,..,..,..,..,..,..,..,..,..,..,..
"Incidence of malaria (per 1,000 population at risk)",SH.MLR.INCD.P3,"Korea, Rep.",KOR,0.543103193229414,0.351886136737964,0.258612251935027,0.4083799932583,0.609789817253335,0.65976544701405,0.313763410581708,0.264027489436695,0.370802642854133,0.146721671313821,0.113401136083666,0.109214043842452,0.157386291230193,0.175649539109056,0.167608746615111,0.120915832042363,0.138497914099779,0.133746356790606,0.0980951898086813,0.075521435546727
"Incidence of malaria (per 1,000 population at risk)",SH.MLR.INCD.P3,Canada,CAN,..,..,..,..,..,..,..,..,..,..,..,..,..,..,..,..,..,..,..,..
"Incidence of malaria (per 1,000 population at risk)",SH.MLR.INCD.P3,United Kingdom,GBR,..,..,..,..,..,..,..,..,..,..,..,..,..,..,..,..,..,..,..,..
"Incidence of malaria (per 1,000 population at risk)",SH.MLR.INCD.P3,Switzerland,CHE,..,..,..,..,..,..,..,..,..,..,..,..,..,..,..,..,..,..,..,..
"Incidence of malaria (per 1,000 population at risk)",SH.MLR.INCD.P3,Italy,ITA,..,..,..,..,..,..,..,..,..,..,..,..,..,..,..,..,..,..,..,..
"Incidence of malaria (per 1,000 population at risk)",SH.MLR.INCD.P3,Sweden,SWE,..,..,..,..,..,..,..,..,..,..,..,..,..,..,..,..,..,..,..,..
"Incidence of malaria (per 1,000 population at risk)",SH.MLR.INCD.P3,Brazil,BRA,11.1145178284973,12.5601291458486,13.7802303154187,17.3596646210981,15.2406436434766,13.8017155393292,8.58278482980368,8.32824664624968,9.78490637098198,7.05972156474454,6.35772829360908,4.82738294568896,3.54941423612453,3.95141252752549,3.14394274500717,5.2192590619221,5.12877211317562,4.15543161082998,3.86130878850313,3.72380182017546
"Incidence of malaria (per 1,000 population at risk)",SH.MLR.INCD.P3,India,IND,18.4079463182909,19.3694372074758,21.1559301179489,22.5126690547836,18.1072002760513,17.2983697056009,17.8286304026668,18.0619903683883,17.3928313067587,14.7248510331224,11.8076224704701,9.0660691634983,9.12990691921499,9.65607170248285,9.89384860767055,7.39369231110793,5.27451272271117,4.29463190232564,3.75363408787146,3.63793125706123
"Incidence of malaria (per 1,000 population at risk)",SH.MLR.INCD.P3,South Africa,ZAF,3.28336219309879,2.79789389830875,2.75949021409682,1.58209964922474,2.44444781200907,1.26549896201883,1.54175321229898,1.18661470472015,1.55643766563702,1.88126914924532,1.24583615815063,1.60468177276407,2.13869838140456,0.88749295320931,0.766186826584609,4.12791395662521,1.66760755170551,0.829961239209084,0.758988822133699,0.500401988474927
"Incidence of malaria (per 1,000 population at risk)",SH.MLR.INCD.P3,Mexico,MEX,2.16131122040233,1.75869052849134,1.54561679685213,1.32729229687328,1.10944444370893,1.02829980361695,1.01362785451064,1.14813781221766,0.513898308494915,0.464464729193096,0.33944234471939,0.19907004128592,0.26056313412964,0.202969797544497,0.213880328715821,0.282621250660474,0.305428526111476,0.233048546501104,0.133275231322375,0.0900918341059391
"Incidence of malaria (per 1,000 population at risk)",SH.MLR.INCD.P3,Indonesia,IDN,5.33166540587168,5.33166271089821,4.81186056076688,5.18895658433425,5.97919932017881,5.33166195948767,5.33166523592105,5.33166275278061,8.1611761672718,7.33131618259862,7.18169089447237,6.03903442538083,4.53919560319613,4.01167974454538,4.15256165418808,2.81376272761687,2.48064110151178,2.87236340824017,2.82977894811432,2.96484588102544
"Incidence of malaria (per 1,000 population at risk)",SH.MLR.INCD.P3,Philippines,PHL,1.49617293652189,2.08756367071273,1.85775231743528,1.66110557928578,2.01879678512007,2.16911447701681,1.40896412427388,1.09044112054504,0.974258932724755,0.427770133092169,0.336944450073562,0.302741342034846,0.243471265637881,0.466637695797107,0.28435223204509,0.267733904653961,0.17298329175016,0.211290333960482,0.231839154859663,0.160512390530746
"Incidence of malaria (per 1,000 population at risk)",SH.MLR.INCD.P3,"Egypt, Arab Rep.",EGY,0,0,0,0,0,0,0,0,0,0,0,0,0,0,0,0,0,0,0,0
"Incidence of malaria (per 1,000 population at risk)",SH.MLR.INCD.P3,Colombia,COL,32.539980199017,27.9681721004546,21.415735138295,17.8553298799984,17.4685152131677,18.063979012988,11.3363843133867,11.2688681298307,16.5860398043185,8.98520247909044,8.30484593719529,7.06737598975599,5.51807958753749,8.1328924266064,10.958932691952,7.56340092311923,8.60054415328542,11.0968509556754,9.39946196807088,9.84678022430195
"Incidence of malaria (per 1,000 population at risk)",SH.MLR.INCD.P3,Argentina,ARG,0.659891777748449,0.647891739380323,0.599970001499925,1.18248085507187,0.871397884326997,1.64509980940917,0.521433395574272,0.452264023871675,0.262773722627737,0,0,0,0,0,0,0,0,0,0,0
"Incidence of malaria (per 1,000 population at risk)",SH.MLR.INCD.P3,Viet Nam,VNM,0.804391671962591,0.645996273639025,0.410616343885526,0.318173161206049,0.365870887385031,0.262354707213972,0.179997458635617,0.253071373344446,0.271883598862116,0.255128333683165,0.298385926321924,0.257461978060776,0.234266844272424,0.137333591565424,0.0606266125389472,0.0656264537060346,0.04477431749723,0.045334519095459,0.0193179692675537,0.00524829393207987
"Incidence of malaria (per 1,000 population at risk)",SH.MLR.INCD.P3,Morocco,MAR,0.000648423974814394,0.000134855992342877,3.32965694810836E-05,0,0,0,0,0,0,0,0,0,0,0,0,0,0,0,0,0
"Incidence of malaria (per 1,000 population at risk)",SH.MLR.INCD.P3,Nigeria,NGA,393.203372071329,393.80679658473,402.383849911487,408.652728094781,411.684894369671,414.044504501705,415.766462755254,403.541379408995,376.203694140286,351.645064915248,327.607986823015,308.604795500304,298.158957373652,294.110655530644,295.056131936383,299.073684784563,300.68534116565,301.908143733329,312.650935492847,306.462483682388
"Incidence of malaria (per 1,000 population at risk)",SH.MLR.INCD.P3,Ethiopia,ETH,259.368208251533,262.431868146379,245.716447569574,167.653766861665,154.228355270258,131.354516947121,111.357616072987,149.343786093307,171.807255624258,176.268039797623,204.059547040047,235.024403425947,214.991870147878,182.25677344616,123.964326124143,90.1599107420309,36.96423483061,34.0866592591258,53.0524726997752,46.2621638357454
"Incidence of malaria (per 1,000 population at risk)",SH.MLR.INCD.P3,Haiti,HTI,9.66504953609261,9.66501482592164,9.66505057908244,9.6650764370323,9.80819784586614,8.70787004111086,10.4683766862188,9.66498595624846,9.66507748334769,9.16220726403153,7.25764214381968,6.82307604875711,3.5600535314067,3.41019706669015,3.79013047058462,3.41263170345362,1.62622829785632,1.77545628012875,4.04643881508519,2.20445159206753
"Incidence of malaria (per 1,000 population at risk)",SH.MLR.INCD.P3,Afghanistan,AFG,85.2957457037489,71.0889389885515,39.4251586043368,28.4112545235127,21.2898129597058,22.6320015920494,19.7466931766676,13.0053974709896,13.416947251776,16.0441361978755,9.38050283998142,11.4828640119098,12.634543045441,14.1300865107337,27.4178656915167,29.0292564406936,22.3653423689081,14.1792036951249,8.41320002003349,6.24135737765832
"Incidence of malaria (per 1,000 population at risk)",SH.MLR.INCD.P3,Bangladesh,BGD,6.79559192359474,6.79560206199653,6.79563065919523,6.79558382861898,4.45893884554867,8.17178694372001,7.72347431344839,5.09802549942504,4.33381350638823,3.91839058370565,2.15821645358334,1.9032681464696,3.94300591224804,2.67370121662283,1.83629233987756,1.91155626981395,0.702767339850168,1.18860442188651,0.418167756821788,0.491683783004288
"Incidence of malaria (per 1,000 population at risk)",SH.MLR.INCD.P3,Uganda,UGA,500.152559311083,484.124679899927,449.82469156976,433.645287865921,421.310380370632,415.413546647964,417.960705098172,423.051331924235,409.436655124848,394.679720016016,376.555968630531,332.344413915011,294.282382767661,253.514779685989,283.137132534608,294.903259896108,262.691580498095,262.691558158758,283.817529248595,262.877545412633
"Incidence of malaria (per 1,000 population at risk)",SH.MLR.INCD.P3,Nepal,NPL,1.73308317127307,1.27448688026634,0.648178849162757,0.661551021434777,0.645199573641111,0.724539419275404,0.49802806249791,0.424894079065972,0.493654248316961,0.294876958011415,0.277678771772869,0.248239436619718,0.104320877980558,0.0737051281059977,0.0626599559130977,0.0761160066586234,0.0595499665288119,0.0156448284765496,0.00856479194712449,0.00366863301574818
"Incidence of malaria (per 1,000 population at risk)",SH.MLR.INCD.P3,Mozambique,MOZ,495.353396581087,481.253681576363,454.176849758195,425.747734637487,408.315844409973,387.239085225017,374.144700811679,370.818963250323,373.642286784743,370.679137826688,370.404553943439,368.957741195733,358.042397194576,349.808216189652,339.740426332692,328.876659815523,321.885714724619,310.226815414166,314.895645167912,315.881823627792
"Incidence of malaria (per 1,000 population at risk)",SH.MLR.INCD.P3,Sudan,SDN,66.6540415943181,61.0887785845713,55.3740495897474,54.6516174696637,52.6785190897404,46.5138197758207,38.6353113066321,34.6297563286143,32.7293850701224,32.5628763967032,33.0652891631729,34.9392920262318,38.5727576987501,42.212430790592,53.2598186001045,53.7765047753924,59.1890296838417,65.5908607328818,73.3983779796907,72.8444750072165
"Incidence of malaria (per 1,000 population at risk)",SH.MLR.INCD.P3,Madagascar,MDG,52.2030237857059,66.5792913800312,45.7040342508214,35.2727720882929,34.4450990423921,22.1936728800131,22.8809667732626,41.8061350492767,41.1181198222709,36.8503748720588,69.4320010589456,63.4766588808106,44.5276291981789,94.4008815451119,55.2311314354908,75.3296332048914,71.5698559292929,73.2967776207387,142.104516903632,170.274873967912
"Incidence of malaria (per 1,000 population at risk)",SH.MLR.INCD.P3,Rwanda,RWA,159.153642974827,140.466284282245,123.172100352451,152.693368566674,150.541323006762,88.2646405061845,69.8897239377321,153.992483076767,104.739718020054,36.9304633895727,59.6278675546344,109.412188607692,202.236962625779,307.959772081994,409.678767710631,709.793326252036,475.897731596271,383.576802481459,211.811069861,117.794844229873
"Incidence of tuberculosis (per 100,000 people)",SH.TBS.INCD,United States,USA,6,5.9,5.7,5.5,5.3,5.1,4.9,4.3,4.1,3.9,3.6,3.3,3.2,3.2,3.1,3,2.9,2.9,2.3,2.6
"Incidence of tuberculosis (per 100,000 people)",SH.TBS.INCD,Germany,DEU,9.3,9.4,8.3,7.6,6.9,6.3,5.6,5.7,5.5,5.5,5.5,5.7,5.9,7.6,7.6,7.1,6.9,6.1,5.3,5
"Incidence of tuberculosis (per 100,000 people)",SH.TBS.INCD,Japan,JPN,30,28,27,24,23,22,22,21,20,20,19,18,18,17,16,15,14,13,12,11
"Incidence of tuberculosis (per 100,000 people)",SH.TBS.INCD,Norway,NOR,6.2,8.4,7.1,6.9,6.8,6.9,7.2,7.8,6.9,7.4,7.9,8.2,6.8,6.3,6.1,5.2,4.1,3.3,3.1,3
"Incidence of tuberculosis (per 100,000 people)",SH.TBS.INCD,Australia,AUS,5.9,5.5,6.1,5.9,6.5,6.1,6.5,6.8,6.5,6.3,6.6,6.2,6.5,6,6.5,6.7,6.6,6.8,7.2,6.5
"Incidence of tuberculosis (per 100,000 people)",SH.TBS.INCD,"Korea, Rep.",KOR,79,83,78,96,94,93,90,95,97,101,94,89,85,79,76,70,64,58,48,44
"Incidence of tuberculosis (per 100,000 people)",SH.TBS.INCD,Canada,CAN,6.1,5.9,5.5,5.5,5.4,5.3,5.4,5.3,4.6,4.8,5.4,5.3,5.1,5.2,5.5,5.6,5.5,5.8,5.3,5.7
"Incidence of tuberculosis (per 100,000 people)",SH.TBS.INCD,United Kingdom,GBR,13,13,13,15,15,15,15,15,14,15,15,13,11,10,9.9,8.9,8,8.1,7,8
"Incidence of tuberculosis (per 100,000 people)",SH.TBS.INCD,Switzerland,CHE,9.4,9,8.6,8,7.3,6.4,7,7.5,7.5,7.6,6,6.6,5.9,7.4,7.9,7.2,6.4,5.4,4.7,4.7
"Incidence of tuberculosis (per 100,000 people)",SH.TBS.INCD,Italy,ITA,7.9,8.7,7.8,7.6,8.1,5.4,8,7.8,8.7,6.5,5.9,5.7,6.3,6.6,7.2,7.3,7.2,6.1,4.2,4.6
"Incidence of tuberculosis (per 100,000 people)",SH.TBS.INCD,Sweden,SWE,4.8,5.1,5.5,6.9,6.2,5.8,6.4,7.1,7.5,6.5,7.2,7.3,7.5,9.2,8.1,5.6,5.4,5.3,3.5,3.8
"Incidence of tuberculosis (per 100,000 people)",SH.TBS.INCD,Brazil,BRA,52,53,54,50,46,46,46,45,44,44,44,44,43,43,43,44,46,46,45,48
"Incidence of tuberculosis (per 100,000 people)",SH.TBS.INCD,India,IND,320,318,315,311,305,298,291,283,276,268,258,248,243,237,225,217,208,202,195,200
"Incidence of tuberculosis (per 100,000 people)",SH.TBS.INCD,South Africa,ZAF,971,1070,1150,1210,1250,1270,1270,1260,1230,1200,1160,1110,1070,988,805,738,677,615,562,513
"Incidence of tuberculosis (per 100,000 people)",SH.TBS.INCD,Mexico,MEX,22,23,18,22,21,21,21,21,22,21,22,22,22,22,22,23,23,23,23,25
"Incidence of tuberculosis (per 100,000 people)",SH.TBS.INCD,Indonesia,IDN,367,366,363,360,357,353,349,345,342,338,335,332,329,325,322,319,316,312,302,342
"Incidence of tuberculosis (per 100,000 people)",SH.TBS.INCD,Philippines,PHL,569,559,549,539,530,520,524,528,531,535,539,543,546,550,554,554,554,554,535,583
"Incidence of tuberculosis (per 100,000 people)",SH.TBS.INCD,"Egypt, Arab Rep.",EGY,24,23,22,21,21,20,19,19,18,17,17,16,15,15,14,13,12,12,11,10
"Incidence of tuberculosis (per 100,000 people)",SH.TBS.INCD,Colombia,COL,35,35,33,30,32,31,32,32,32,33,33,32,31,31,33,33,33,35,34,41
"Incidence of tuberculosis (per 100,000 people)",SH.TBS.INCD,Argentina,ARG,35,33,34,31,28,30,26,22,21,27,24,24,25,26,27,27,27,29,28,29
"Incidence of tuberculosis (per 100,000 people)",SH.TBS.INCD,Viet Nam,VNM,284,278,272,266,260,253,246,239,231,225,218,212,205,199,193,188,182,176,172,169
"Incidence of tuberculosis (per 100,000 people)",SH.TBS.INCD,Morocco,MAR,116,103,99,99,97,94,98,99,101,100,99,99,101,102,103,100,99,97,96,94
"Incidence of tuberculosis (per 100,000 people)",SH.TBS.INCD,Nigeria,NGA,219,219,219,219,219,219,219,219,219,219,219,219,219,219,219,219,219,219,219,219
"Incidence of tuberculosis (per 100,000 people)",SH.TBS.INCD,Ethiopia,ETH,393,376,358,341,325,310,296,282,268,253,239,224,207,192,177,164,151,140,129,119
"Incidence of tuberculosis (per 100,000 people)",SH.TBS.INCD,Haiti,HTI,277,277,276,272,266,257,248,238,229,220,213,206,200,194,188,181,176,170,164,159
"Incidence of tuberculosis (per 100,000 people)",SH.TBS.INCD,Afghanistan,AFG,189,189,189,189,189,189,189,189,189,189,189,189,189,189,189,189,189,189,183,185
"Incidence of tuberculosis (per 100,000 people)",SH.TBS.INCD,Bangladesh,BGD,221,221,221,221,221,221,221,221,221,221,221,221,221,221,221,221,221,221,221,221
"Incidence of tuberculosis (per 100,000 people)",SH.TBS.INCD,Uganda,UGA,256,248,240,233,227,222,217,213,210,207,205,203,202,202,201,201,200,200,199,199
"Incidence of tuberculosis (per 100,000 people)",SH.TBS.INCD,Nepal,NPL,393,382,371,360,350,339,329,320,311,302,293,284,276,268,260,253,245,238,229,230
"Incidence of tuberculosis (per 100,000 people)",SH.TBS.INCD,Mozambique,MOZ,339,339,341,342,345,348,351,354,357,359,361,361,361,361,361,361,361,361,361,361
"Incidence of tuberculosis (per 100,000 people)",SH.TBS.INCD,Sudan,SDN,139,138,142,143,146,144,116,121,119,105,103,100,94,88,82,77,71,67,62,58
"Incidence of tuberculosis (per 100,000 people)",SH.TBS.INCD,Madagascar,MDG,280,273,268,262,257,252,248,244,241,238,236,233,233,233,233,233,233,233,233,233
"Incidence of tuberculosis (per 100,000 people)",SH.TBS.INCD,Rwanda,RWA,89,100,93,102,112,106,101,95,83,80,72,66,65,61,62,58,59,57,57,56
Children with fever receiving antimalarial drugs (% of children under age 5 with fever),SH.MLR.TRET.ZS,United States,USA,..,..,..,..,..,..,..,..,..,..,..,..,..,..,..,..,..,..,..,..
Children with fever receiving antimalarial drugs (% of children under age 5 with fever),SH.MLR.TRET.ZS,Germany,DEU,..,..,..,..,..,..,..,..,..,..,..,..,..,..,..,..,..,..,..,..
Children with fever receiving antimalarial drugs (% of children under age 5 with fever),SH.MLR.TRET.ZS,Japan,JPN,..,..,..,..,..,..,..,..,..,..,..,..,..,..,..,..,..,..,..,..
Children with fever receiving antimalarial drugs (% of children under age 5 with fever),SH.MLR.TRET.ZS,Norway,NOR,..,..,..,..,..,..,..,..,..,..,..,..,..,..,..,..,..,..,..,..
Children with fever receiving antimalarial drugs (% of children under age 5 with fever),SH.MLR.TRET.ZS,Australia,AUS,..,..,..,..,..,..,..,..,..,..,..,..,..,..,..,..,..,..,..,..
Children with fever receiving antimalarial drugs (% of children under age 5 with fever),SH.MLR.TRET.ZS,"Korea, Rep.",KOR,..,..,..,..,..,..,..,..,..,..,..,..,..,..,..,..,..,..,..,..
Children with fever receiving antimalarial drugs (% of children under age 5 with fever),SH.MLR.TRET.ZS,Canada,CAN,..,..,..,..,..,..,..,..,..,..,..,..,..,..,..,..,..,..,..,..
Children with fever receiving antimalarial drugs (% of children under age 5 with fever),SH.MLR.TRET.ZS,United Kingdom,GBR,..,..,..,..,..,..,..,..,..,..,..,..,..,..,..,..,..,..,..,..
Children with fever receiving antimalarial drugs (% of children under age 5 with fever),SH.MLR.TRET.ZS,Switzerland,CHE,..,..,..,..,..,..,..,..,..,..,..,..,..,..,..,..,..,..,..,..
Children with fever receiving antimalarial drugs (% of children under age 5 with fever),SH.MLR.TRET.ZS,Italy,ITA,..,..,..,..,..,..,..,..,..,..,..,..,..,..,..,..,..,..,..,..
Children with fever receiving antimalarial drugs (% of children under age 5 with fever),SH.MLR.TRET.ZS,Sweden,SWE,..,..,..,..,..,..,..,..,..,..,..,..,..,..,..,..,..,..,..,..
Children with fever receiving antimalarial drugs (% of children under age 5 with fever),SH.MLR.TRET.ZS,Brazil,BRA,..,..,..,..,..,..,..,..,..,..,..,..,..,..,..,..,..,..,..,..
Children with fever receiving antimalarial drugs (% of children under age 5 with fever),SH.MLR.TRET.ZS,India,IND,..,..,..,..,8.4,..,..,..,..,..,..,..,..,..,20.1,..,..,..,..,25.2
Children with fever receiving antimalarial drugs (% of children under age 5 with fever),SH.MLR.TRET.ZS,South Africa,ZAF,..,..,..,..,..,..,..,..,..,..,..,..,..,..,0.5,..,..,..,..,..
Children with fever receiving antimalarial drugs (% of children under age 5 with fever),SH.MLR.TRET.ZS,Mexico,MEX,..,..,..,..,..,..,..,..,..,..,..,..,..,..,..,..,..,..,..,..
Children with fever receiving antimalarial drugs (% of children under age 5 with fever),SH.MLR.TRET.ZS,Indonesia,IDN,..,0.7,..,..,..,0.8,..,..,..,..,0.8,..,..,..,..,0.2,..,..,..,..
Children with fever receiving antimalarial drugs (% of children under age 5 with fever),SH.MLR.TRET.ZS,Philippines,PHL,..,0.2,..,..,..,..,0,..,..,..,..,0.1,..,..,..,0.3,..,..,..,..
Children with fever receiving antimalarial drugs (% of children under age 5 with fever),SH.MLR.TRET.ZS,"Egypt, Arab Rep.",EGY,..,..,..,..,..,..,..,..,..,..,..,..,..,..,..,..,..,..,..,..
Children with fever receiving antimalarial drugs (% of children under age 5 with fever),SH.MLR.TRET.ZS,Colombia,COL,..,..,..,0.1,..,..,..,..,3.6,..,..,..,..,..,..,..,..,..,..,..
Children with fever receiving antimalarial drugs (% of children under age 5 with fever),SH.MLR.TRET.ZS,Argentina,ARG,..,..,..,..,..,..,..,..,..,..,..,..,..,..,..,..,..,..,..,..
Children with fever receiving antimalarial drugs (% of children under age 5 with fever),SH.MLR.TRET.ZS,Viet Nam,VNM,..,..,..,..,3,..,..,..,..,1.2,..,..,..,..,..,..,..,..,..,..
Children with fever receiving antimalarial drugs (% of children under age 5 with fever),SH.MLR.TRET.ZS,Morocco,MAR,..,..,..,..,..,..,..,..,..,..,..,..,..,..,..,..,..,..,..,..
Children with fever receiving antimalarial drugs (% of children under age 5 with fever),SH.MLR.TRET.ZS,Nigeria,NGA,..,34.3,..,..,..,..,33.2,..,49.1,44.6,..,32.7,27.3,41.2,..,..,43.5,..,..,..
Children with fever receiving antimalarial drugs (% of children under age 5 with fever),SH.MLR.TRET.ZS,Ethiopia,ETH,..,..,..,3.7,..,10,..,..,..,3.6,..,..,..,..,7.7,..,..,..,..,..
Children with fever receiving antimalarial drugs (% of children under age 5 with fever),SH.MLR.TRET.ZS,Haiti,HTI,..,..,..,..,5.1,..,..,..,..,..,2.5,..,..,..,..,1.1,..,..,..,..
Children with fever receiving antimalarial drugs (% of children under age 5 with fever),SH.MLR.TRET.ZS,Afghanistan,AFG,..,..,..,..,..,..,..,..,..,..,..,..,..,11.8,..,..,..,..,..,..
Children with fever receiving antimalarial drugs (% of children under age 5 with fever),SH.MLR.TRET.ZS,Bangladesh,BGD,..,..,..,..,..,..,..,..,..,0.6,..,..,5,..,..,..,..,..,..,..
Children with fever receiving antimalarial drugs (% of children under age 5 with fever),SH.MLR.TRET.ZS,Uganda,UGA,..,..,..,..,61.3,..,..,59.6,..,64.5,..,..,..,76.9,71.5,..,..,62.5,..,..
Children with fever receiving antimalarial drugs (% of children under age 5 with fever),SH.MLR.TRET.ZS,Nepal,NPL,..,..,..,..,0.1,..,..,..,..,24.2,..,..,..,..,2,..,..,..,..,..
Children with fever receiving antimalarial drugs (% of children under age 5 with fever),SH.MLR.TRET.ZS,Mozambique,MOZ,..,14.9,..,..,..,23,36.7,..,..,29.9,..,..,..,38.4,..,..,32.7,..,..,..
Children with fever receiving antimalarial drugs (% of children under age 5 with fever),SH.MLR.TRET.ZS,Sudan,SDN,..,..,..,..,54,..,..,35.8,65,..,..,..,..,..,..,..,..,..,..,..
Children with fever receiving antimalarial drugs (% of children under age 5 with fever),SH.MLR.TRET.ZS,Madagascar,MDG,..,..,34.2,..,..,..,..,19.7,..,19.8,..,11.2,..,..,10.1,..,..,..,..,15.3
Children with fever receiving antimalarial drugs (% of children under age 5 with fever),SH.MLR.TRET.ZS,Rwanda,RWA,..,..,..,15.5,..,..,5.6,..,10.8,..,..,12,..,11.4,..,19.6,..,..,8.1,..
People using at least basic sanitation services (% of population),SH.STA.BASS.ZS,United States,USA,99.8721627616169,99.8718834250543,99.8716037773494,99.8713272103744,99.8710524781437,99.8707787114875,99.8705068722893,99.8702364002097,99.8705355052484,99.8480016378479,99.825901850785,99.8042409964063,99.7830451200914,99.7623186306178,99.7420807276925,99.7223539880949,99.7031302163727,99.6844350554525,99.6662736189595,99.6486678114382
People using at least basic sanitation services (% of population),SH.STA.BASS.ZS,Germany,DEU,99.2193428611343,99.2199574833481,99.2205648970116,99.2211750434826,99.2217747465554,99.2223735826062,99.2229659771362,99.2235618579048,99.2241473321448,99.2247315605617,99.2247623529587,99.2247917702079,99.2248247708943,99.2248518459625,99.2249269225143,99.2250364212723,99.2251929444336,99.2253840840528,99.2256171729146,99.2258922058797
People using at least basic sanitation services (% of population),SH.STA.BASS.ZS,Japan,JPN,99.9966142135669,99.9936679503193,99.9907216870716,99.9877754238239,99.9848291605762,99.9818828973285,99.9789366340809,99.9759903708332,99.9730441075855,99.9700978443378,99.9671515810901,99.9642053178424,99.9612590545948,99.9583127913471,99.9553665280994,99.9524202648517,99.949474001604,99.9465277383563,99.9435814751087,99.940635211861
People using at least basic sanitation services (% of population),SH.STA.BASS.ZS,Norway,NOR,98.06979811135,98.0687452129224,98.0678051328673,98.0669716567859,98.0661507577549,98.0652985498145,98.0644205669027,98.0635557187896,98.0626945664686,98.0616332804533,98.0603773910058,98.0591413909472,98.0579200068589,98.0567284959559,98.0555443701458,98.0543875249947,98.0532516234539,98.0521507255644,98.0510800306143,98.0500342444507
People using at least basic sanitation services (% of population),SH.STA.BASS.ZS,Australia,AUS,99.9917523822512,99.9922507381752,99.9927490940993,99.9932474500233,99.9937458059473,99.9942441618714,99.9947425177954,99.9952408737194,99.9957392296434,99.9962375855675,99.9967359414915,99.9972342974155,99.9977326533395,99.9982310092636,99.9987293651876,99.9992277211116,99.9997260770357,100,100,100
People using at least basic sanitation services (% of population),SH.STA.BASS.ZS,"Korea, Rep.",KOR,100,100,100,100,100,100,99.9905146267539,99.9781051716311,99.9656957165082,99.9532862613854,99.9408768062626,99.9284673511397,99.9160578960169,99.9036484408941,99.8912389857713,99.8788295306484,99.8664200755256,99.8540106204028,99.8416011652799,99.8291917101571
People using at least basic sanitation services (% of population),SH.STA.BASS.ZS,Canada,CAN,99.8693423385411,99.8698578955467,99.870363930459,99.8639633593088,99.8430141586711,99.7607594665167,99.6782744503742,99.5955579339671,99.5126201247374,99.4293799049063,99.3455538928115,99.2616789369925,99.177750681856,99.0937756062702,99.0097512478276,98.9256765118876,98.8415415919231,98.7573271465461,98.6730053902748,98.5885660943908
People using at least basic sanitation services (% of population),SH.STA.BASS.ZS,United Kingdom,GBR,99.1282474145289,99.1269663729202,99.1256963098224,99.1244483928736,99.1231985838478,99.1219720252075,99.1207558594352,99.1195555384368,99.118367727228,99.1171871098557,99.1160215787313,99.1148573201611,99.1137029504261,99.112560824957,99.1114178871091,99.110295031354,99.1091763800498,99.108060025279,99.1069646667048,99.1058694265163
People using at least basic sanitation services (% of population),SH.STA.BASS.ZS,Switzerland,CHE,99.8809824980631,99.8810046485801,99.8810190736568,99.8810399898821,99.8810610841324,99.8810752621757,99.8810926001485,99.8811096720377,99.8811285661122,99.8840035898045,99.8868721958477,99.8897331821113,99.8925889720649,99.895441126539,99.8982954640727,99.8998737205154,99.8998745805806,99.899872396117,99.8998713422797,99.8998738850558
People using at least basic sanitation services (% of population),SH.STA.BASS.ZS,Italy,ITA,99.8859002298084,99.8858756040117,99.8858521444467,99.8858280494172,99.8858014767204,99.8857795005713,99.885752544021,99.8857326917431,99.8857062365452,99.8856857988446,99.885637952954,99.8855737262024,99.885520077857,99.8854580988153,99.8854007385299,99.8853395801511,99.8852860542768,99.8852240140235,99.8851587287766,99.8850967615747
People using at least basic sanitation services (% of population),SH.STA.BASS.ZS,Sweden,SWE,99.177421446522,99.1616384999579,99.1458237487489,99.1299694658713,99.1141273291373,99.0982564446482,99.0822922746315,99.0662426749264,99.0500976840453,99.0338223555412,99.0173494884618,99.0006982963086,98.9838638258218,98.9668669088397,98.9497051029324,98.932379673507,98.9149080830485,98.8972906623906,98.8795436059556,98.8616651743284
People using at least basic sanitation services (% of population),SH.STA.BASS.ZS,Brazil,BRA,74.9279834778336,75.8126402714995,76.6915371557584,77.5647914194703,78.4329110515648,79.2959780376904,80.154078978513,81.0065268837533,81.854207204088,82.7005761863484,83.5422241377624,84.3785142207398,85.2106414441147,86.0379594237602,86.8602432937162,87.6779592819379,88.4905439034498,89.298795927984,90.0784764801568,90.8109852394536
People using at least basic sanitation services (% of population),SH.STA.BASS.ZS,India,IND,19.5366220956603,22.3687658590963,25.2200839820911,28.0895366732874,30.9773052982116,33.8835011422482,36.8078425757573,39.7494111123946,42.7083153635918,45.6845928363292,48.6803118983771,51.6944537516583,54.7265188290698,57.7757201395978,60.8412572070892,63.8303891457709,66.7481167689947,69.6631460883283,72.5751023190604,75.4837376494401
People using at least basic sanitation services (% of population),SH.STA.BASS.ZS,South Africa,ZAF,61.2986722518923,62.1815317379067,63.0586665106855,63.9292262025283,64.7935120547602,65.6513476304217,66.502742509829,67.3468296875647,68.1840155796529,69.0139950902221,69.8367637621794,70.651821622223,71.4594340460674,72.2593538106544,73.0514660605434,73.8356009676614,74.6116795396623,75.3796452913204,76.1394549830099,76.8909933152341
People using at least basic sanitation services (% of population),SH.STA.BASS.ZS,Mexico,MEX,79.2657534926557,80.0105060107886,80.7461576631509,81.4723548482518,82.1895486593841,82.8976759186884,83.5973565911458,84.288329732509,84.9709827739648,85.6461713546529,86.3134473539737,86.9732305633495,87.6255975088182,88.2703403132952,88.9078238625309,89.5378931953636,90.1607704691038,90.7765580654672,91.3853355718832,91.9871311173379
People using at least basic sanitation services (% of population),SH.STA.BASS.ZS,Indonesia,IDN,44.4149716714658,46.5416632231283,48.6862011052539,50.8459818744068,53.0210842646296,55.2099624923316,57.4122949055182,59.6260299511536,61.8456968664636,64.0515484353717,66.2697088884734,68.4990104492093,70.7394179842329,72.9895935526156,75.2488988194538,77.5160586155665,79.7909218571099,82.0727007179025,84.3612056704486,86.6556351727463
People using at least basic sanitation services (% of population),SH.STA.BASS.ZS,Philippines,PHL,65.0950702025269,65.5263855404339,65.9585302750487,66.3915052686544,66.8253087510555,67.8567880522006,68.9006268568623,69.9569848507723,71.030981112432,72.1406646797649,73.2569909040697,74.3799524340426,75.5092773639833,76.6450187833517,77.7870061557449,78.9357627890643,80.0906894479524,81.2510265893959,82.4160477401007,83.5850134229835
People using at least basic sanitation services (% of population),SH.STA.BASS.ZS,"Egypt, Arab Rep.",EGY,91.8580995381136,92.1718235585916,92.4858978069016,92.8003242543512,93.1150933728137,93.4279651849764,93.7399490225332,94.0524838097041,94.3654653837058,94.6790002685632,94.9913271486837,95.3042855607555,95.6177859083195,95.9318698997967,96.2465784166378,96.5629903922749,96.8810007737248,97.2005582635653,97.5215610615812,97.5246503198928
People using at least basic sanitation services (% of population),SH.STA.BASS.ZS,Colombia,COL,77.2165816983729,78.1105144810919,79.0025604937672,79.8927082484828,80.7809581807122,81.6671233440099,82.5514083234022,83.4338012855543,84.314142164482,85.1924601803427,86.0689202628907,86.9433990132741,87.8159017312967,88.6866119402668,89.5555442261651,90.4225796256359,91.2877514825982,92.151091537794,93.0127700372276,93.8726777763574
People using at least basic sanitation services (% of population),SH.STA.BASS.ZS,Argentina,ARG,88.6033940308795,89.0695626056267,89.535067661347,89.9997328171333,90.463786071511,90.9270366712693,91.389714779665,91.851632903701,92.3128297975777,92.7707536939526,93.2268007089789,93.6231264544083,94.0211238749445,94.4204081447428,94.8209556611028,..,..,..,..,..
People using at least basic sanitation services (% of population),SH.STA.BASS.ZS,Viet Nam,VNM,53.7733307136486,55.6610180671033,57.5360831029729,59.5286616918363,61.5157405336314,63.4968621085174,65.4712734511092,67.4390971760659,69.402687859004,71.3578768731801,73.3044674223444,75.2410877450653,77.1682490796006,79.0852681426575,80.9915192718719,82.8857598257307,84.7679404136642,86.6378024979776,88.4951079600396,90.3392606873517
People using at least basic sanitation services (% of population),SH.STA.BASS.ZS,Morocco,MAR,69.7649049930659,71.0463173308646,72.2380123762747,73.1773228798592,74.1286263488446,75.078660952352,76.0270427371128,76.9734333991615,77.918633263736,78.861710640232,79.8028890316832,80.7418404189432,81.6787840039995,82.6133886224459,83.5458715010734,84.475912325171,85.4034658197899,86.3282340120945,87.2504343475577,87.3836431456272
People using at least basic sanitation services (% of population),SH.STA.BASS.ZS,Nigeria,NGA,28.6863473284877,29.3592591376198,30.0532638422315,30.7689136768009,31.5068482626807,32.267693402297,33.0520742471129,33.8602865376741,34.6931332709606,35.5499398732214,36.4309333257504,37.3360752432271,38.2655122285715,39.2193825451344,40.1973273390898,41.1997191095263,42.2262606432937,43.27675278374,44.3511464071045,45.4491548934765
People using at least basic sanitation services (% of population),SH.STA.BASS.ZS,Ethiopia,ETH,3.39684063568474,3.69805219630623,4.0092482931609,4.31644032463521,4.61983246123029,4.92163262678547,5.24481811104458,5.56530539724539,5.88367348842843,6.19978430281278,6.51408999312917,6.82389059062955,7.1320081780504,7.43845438341403,7.74355073772014,8.0471575170489,8.34992303821713,8.65203916056794,8.95353751323462,9.25478025646195
People using at least basic sanitation services (% of population),SH.STA.BASS.ZS,Haiti,HTI,18.9377084118085,20.0496673863976,21.0516679507767,22.0475380365859,23.0518749621917,24.0645348010044,25.086433573722,26.1167029131359,27.1564387955898,28.2056610456094,29.2647488845642,30.3333249560335,31.4123242113775,32.5017277166698,33.5993505838941,34.7044548393316,35.8174460723716,36.9385275856622,37.1217354310828,37.3008520349427
People using at least basic sanitation services (% of population),SH.STA.BASS.ZS,Afghanistan,AFG,22.5413387666176,24.1003328260197,25.6662399387279,27.2391887360031,28.8122662344939,30.4665336124326,32.128704614959,33.7989577403427,35.4774709901664,37.16457222165,38.8603050336229,40.564852379778,42.2784026530125,44.0013086436901,45.7336021554717,47.4776157981306,49.2341444226923,51.0034810931108,52.6490009350063,54.298589737252
People using at least basic sanitation services (% of population),SH.STA.BASS.ZS,Bangladesh,BGD,27.6554493983047,29.231867657353,30.7992984470831,32.4431837647269,34.0875250851519,35.7309011894357,37.3719166265714,39.0092124920905,40.6418673210665,42.268339101128,43.8868927179976,45.4961634604437,47.0955366737352,48.6838158473245,50.2602922140672,51.8240359497362,53.374264785747,54.9102399606066,56.4312334257288,57.9366246208439
People using at least basic sanitation services (% of population),SH.STA.BASS.ZS,Uganda,UGA,16.8151542285613,17.0321532501804,17.2487008096089,17.4642525560946,17.6794433895241,17.893860360696,18.107742128752,18.3208073608516,18.5332942492702,18.7450509527494,18.9561823261431,19.1662858984987,19.3758464383761,19.5845877472555,19.7922384779092,19.9987800028527,20.2039464819127,20.4080904532095,20.6108258720445,20.8121374661631
People using at least basic sanitation services (% of population),SH.STA.BASS.ZS,Nepal,NPL,19.0765230183174,21.7098754525465,24.4122734406566,27.1832353733961,30.0222708409922,32.9290255317548,35.9028115449213,38.9430970513843,42.0493403726571,45.2211012451996,48.4581805623339,51.7595632493705,55.1248076174692,58.5529933392084,62.0434751947027,65.5953745180221,69.207890923476,72.8801279481259,76.6112121421111,80.4002236592491
People using at least basic sanitation services (% of population),SH.STA.BASS.ZS,Mozambique,MOZ,12.2572646339569,13.3023143058234,14.3614035663123,15.4341574090753,16.5211559577989,17.6213721830878,18.8302407708135,20.0645617499618,21.3170069551163,22.5867672282022,23.8737014232425,25.1776607454077,26.498493533672,27.8360509112133,29.1901697914073,30.560328246432,31.9467194446126,33.350311214661,34.7705804730804,36.0718806213065
People using at least basic sanitation services (% of population),SH.STA.BASS.ZS,Sudan,SDN,20.62319953674,20.6388274346006,20.654455969097,21.8517553278988,23.0494722107367,24.3296017337058,25.6176055136201,26.9201924275394,28.2380452033028,29.5715496150198,30.9207582195754,32.2863939533756,33.6685183809857,35.0682362613739,36.4856263269616,36.5750321728239,36.6726971878423,36.7782607644713,36.8920833728428,..
People using at least basic sanitation services (% of population),SH.STA.BASS.ZS,Madagascar,MDG,4.72902493987506,5.18344487592683,5.63879497378888,6.12117429647739,6.60626040079226,7.09404605387567,7.58477424817969,8.07809185945002,8.57423264087617,9.07317357345326,9.57497722568056,10.0796108080669,10.5872296200375,11.0976984938148,11.6111708642625,12.1276031211704,12.6470453599113,13.1693371507898,13.6947389718241,14.2229669156927
People using at least basic sanitation services (% of population),SH.STA.BASS.ZS,Rwanda,RWA,48.0136940623301,49.4007987176777,50.768335540329,52.1358341835326,53.5033672855633,54.8707679900931,56.2381232596537,57.6054507159274,58.9727043706858,60.3399094161962,61.7070227174276,63.0741145901109,64.4396648810938,65.8025240374221,67.1618497330345,68.5163433560546,69.8648759524537,71.2065248746041,72.5399876892976,73.8641077883081
People using at least basic drinking water services (% of population),SH.H2O.BASW.ZS,United States,USA,..,..,..,98.8969742740372,98.9038131746627,98.9106115579518,98.9173700191931,98.9240884167761,99.0106461132278,99.096367912853,99.1811102172919,99.264889342605,99.3476448073387,99.4293286043051,99.5098953354758,99.5893438930694,99.6675901670928,99.7446309234849,99.8204215151458,99.8949384148984
People using at least basic drinking water services (% of population),SH.H2O.BASW.ZS,Germany,DEU,99.9999985035625,100,99.9999986156687,100,100,100,99.99999811463,100,99.9999998078699,99.999998714282,99.9999993293627,99.999998584425,100,99.9999983056289,100,99.999998846436,100,99.9999995489977,100,100
People using at least basic drinking water services (% of population),SH.H2O.BASW.ZS,Japan,JPN,98.5041275829008,98.5041275829008,98.5041275829008,98.5413402058129,98.5785528287251,98.6157654516372,98.6529780745494,98.6901906974615,98.7274033203737,98.7646159432859,98.801828566198,98.8390411891102,98.8762538120223,98.9134664349345,98.9506790578466,98.9878916807588,99.025104303671,99.0623169265831,99.0995295494953,99.1367421724074
People using at least basic drinking water services (% of population),SH.H2O.BASW.ZS,Norway,NOR,99.9999970520901,99.9999971549165,100,99.9999965995429,100,100,99.9999985460061,100,100,99.9999982454226,99.9999993871015,99.9999993849234,99.999995923009,100,99.9999993472911,100,99.9999955421284,99.9999987035841,100,100
People using at least basic drinking water services (% of population),SH.H2O.BASW.ZS,Australia,AUS,99.7121932942878,99.7343585407436,99.756343263422,99.7781486825672,99.7997739521724,99.8212541640962,99.8425551218213,99.8636747098466,99.8831444931569,99.891961822547,99.9007695926109,99.9095893912989,99.9614764144689,99.9700009039845,99.9699666761373,99.9699375056336,99.9698937678204,99.9698543658953,99.9698176501115,99.9697746715914
People using at least basic drinking water services (% of population),SH.H2O.BASW.ZS,"Korea, Rep.",KOR,98.7011689015474,98.7011689015474,98.7011689015474,98.7011689015474,98.7011689015474,98.7830634842858,98.8649580670242,98.9468526497625,99.0287472325009,99.1106418152392,99.1925363979776,99.2744309807159,99.3563255634543,99.4382201461927,99.520114728931,99.6020093116694,99.6839038944077,99.7657984771461,99.8476930598844,99.9295876426228
People using at least basic drinking water services (% of population),SH.H2O.BASW.ZS,Canada,CAN,99.2325718904839,99.2336503304193,99.2347121695379,99.2346442640093,99.2346171625691,99.2354956393385,99.2360771293293,99.2363564521171,99.2363491901291,99.2358946686257,99.2343230962045,99.2326886789969,99.230983411354,99.2292213269659,99.2273960932328,99.2255353831577,99.2236309395742,99.2216549751961,99.221809586814,99.2219886396018
People using at least basic drinking water services (% of population),SH.H2O.BASW.ZS,United Kingdom,GBR,99.9999974333758,99.9999964375404,99.9999976821314,100,99.9999987151275,99.9999996429194,100,100,100,99.9999973952721,100,99.9999998056057,99.9999983476075,100,99.9999972155672,100,100,99.999997344305,100,99.9999986414263
People using at least basic drinking water services (% of population),SH.H2O.BASW.ZS,Switzerland,CHE,99.9999980539827,100,99.9999983594192,100,100,99.9999990806574,99.9999979288144,99.999997222233,99.9999976280164,99.9999991605815,100,99.9999992997273,99.9999972090687,99.9999962502182,100,100,100,99.9999987245773,99.9999976034203,100
People using at least basic drinking water services (% of population),SH.H2O.BASW.ZS,Italy,ITA,99.6084844677844,99.6341969349767,99.6599094021691,99.6856218693615,99.7113343365538,99.7370468037462,99.7627592709386,99.788471738131,99.8141842053233,99.8398966725157,99.8656091397081,99.8913216069004,99.9170340740928,99.9170340740928,99.9170340740928,99.9170340740928,99.9170340740928,99.9170340740928,99.9170340740928,99.9170340740928
People using at least basic drinking water services (% of population),SH.H2O.BASW.ZS,Sweden,SWE,99.5058212956933,99.5183735264399,99.5308577359244,99.5432668281799,99.5560777778459,99.5691927538968,99.5821455649092,99.5949288035444,99.6075336874398,99.6205707167792,99.6338807340891,99.6468240649313,99.6594134102182,99.6716730402795,99.6835913395112,99.6951860266427,99.7064550175558,99.7174099911848,99.7280724118451,99.7384457673194
People using at least basic drinking water services (% of population),SH.H2O.BASW.ZS,Brazil,BRA,94.1424897502086,94.4635263894455,94.7773576406478,95.0841359766136,95.3841881864926,95.6776268688402,95.9645639704386,96.2447988312122,96.5187999853069,96.7879749994184,97.0509780439356,97.3076718816465,97.5585811855157,97.8035647892997,97.955839734312,98.4509560322469,98.6794937002595,98.9355439518362,99.3208587959277,99.5894010970371
People using at least basic drinking water services (% of population),SH.H2O.BASW.ZS,India,IND,81.1305571787929,81.768990903233,82.4045080736675,83.0367817028024,83.6659240960625,84.2920134047185,84.9149974493222,85.5345912190397,86.1508722744759,86.7639052913499,87.3745079483664,87.9823668573986,88.5873718355345,89.1893092956283,89.7879609406816,90.3831835768211,90.9746755845385,91.5622211412629,92.1456047702605,92.7246538783578
People using at least basic drinking water services (% of population),SH.H2O.BASW.ZS,South Africa,ZAF,85.6331020911519,86.1621488884409,86.682250515141,87.1925788909373,87.6937845213008,88.1859084292649,88.669259438011,89.1428576544517,89.6075553818254,90.0631651018591,90.5099735416629,90.9473828699795,91.3761428829595,91.7960958447093,92.2073116249765,92.6096825237423,93.0032909326982,93.3882436903298,93.7647902920458,94.1326997120042
People using at least basic drinking water services (% of population),SH.H2O.BASW.ZS,Mexico,MEX,91.7391646143139,92.2996135627821,92.8555799319342,93.4067485824867,93.9533047726709,94.495124111029,95.0155943324326,95.4075017015433,95.7953211176627,96.1794604737157,96.5596662108125,96.9361142167942,97.3088202170104,97.6776477066578,98.0427474926673,98.4040199327524,98.7615454576756,99.1153530172831,99.3687045328802,99.5400027130721
People using at least basic drinking water services (% of population),SH.H2O.BASW.ZS,Indonesia,IDN,77.2244511616934,78.1799292696413,79.1261137314695,80.0618734021774,80.9767562559622,81.881582956157,82.7767301263991,83.6614405618851,84.5326117527197,85.3771275634308,86.2129184659501,87.039688549159,87.8579420521054,88.6672494941837,89.4676670658379,90.2587210817382,91.0407971895122,91.8137421547406,92.5873956949722,93.3517658193308
People using at least basic drinking water services (% of population),SH.H2O.BASW.ZS,Philippines,PHL,86.7353290540228,87.1255156450676,87.5163914921387,87.9079574573496,88.300211308836,88.6931489201816,89.086781337771,89.4811999864762,89.8807890071793,90.3027532664464,90.7233716794272,91.1427386256371,91.5606767241614,91.9773505590147,92.3926834183241,92.8078557116294,93.222835120702,93.6373567501473,94.0512327503984,94.4642805883106
People using at least basic drinking water services (% of population),SH.H2O.BASW.ZS,"Egypt, Arab Rep.",EGY,98.3043525753378,98.335021524034,98.365643197958,98.3962203294697,98.426743408475,98.4565570321653,98.4859930462561,98.5154718531203,98.5449648922307,98.574504181642,98.6036168042443,98.6328142113716,98.6620775238515,98.6914116257754,98.7208232501016,98.7505737560033,98.7558675337883,98.7614152226307,98.7671898041778,98.7679087029408
People using at least basic drinking water services (% of population),SH.H2O.BASW.ZS,Colombia,COL,92.5729955519748,92.8717379215959,93.1651930443208,93.4534280310835,93.7365220800179,94.014341189398,94.2871908166194,94.555130092227,94.8180493749797,95.0760498001745,95.3293842263037,95.5779768800422,95.821895841302,96.0614092543758,96.2965922555706,96.5273645492207,96.739501221738,96.8925246726353,97.0410236613368,97.3938172969202
People using at least basic drinking water services (% of population),SH.H2O.BASW.ZS,Argentina,ARG,96.7554692969689,96.9824166198558,97.2043461157274,97.4211883068913,97.6332141757066,97.8403601049127,98.0428781125276,98.2407291145394,98.4340478989156,98.6218627766521,98.8052936559107,98.8641989604982,98.9232479851466,98.9823081880311,99.0413737808333,..,..,..,..,..
People using at least basic drinking water services (% of population),SH.H2O.BASW.ZS,Viet Nam,VNM,82.2911537153738,83.1365351940199,83.9749964118067,84.8058439875053,85.6291833330873,86.4447942475813,87.2523212418097,88.0518068099142,88.8442328441126,89.6277366637079,90.4022210536328,91.1670953550242,91.9225591098778,92.6683085914306,93.4040810523936,94.1294081468165,95.1687848677321,95.9890536474813,96.6670224746456,97.3175133830786
People using at least basic drinking water services (% of population),SH.H2O.BASW.ZS,Morocco,MAR,66.5885809593139,67.5495505303989,68.5102152427062,69.5807164276535,70.6676089659344,71.7467395262126,72.8173346439623,73.8787116175245,74.9321261036749,75.9759037287144,77.0103247140373,78.0347633935167,79.0494793784529,80.0538678565424,81.048169800734,82.031814596802,84.0333811702361,84.9818507597581,85.9187628261055,86.8433142429705
People using at least basic drinking water services (% of population),SH.H2O.BASW.ZS,Nigeria,NGA,47.2883073743618,48.8567642406248,50.4334927622484,52.0176713923367,53.6095346466067,55.2089706747755,56.8158520956791,58.4287046846298,60.048448967519,61.6709575534606,63.296219919828,64.9235673868733,66.5530061054195,68.1845425049661,69.8172268810042,71.451735522149,73.0874579051768,74.7241263304551,76.361790269796,78.0001935748374
People using at least basic drinking water services (% of population),SH.H2O.BASW.ZS,Ethiopia,ETH,21.77133078604,23.2981637789492,24.8131815247792,26.3163660068506,27.8082946441902,29.2977073978485,30.8752129693809,32.4383798883198,33.98875142441,35.5250490303748,37.0481962437743,38.548228349882,40.034664721558,41.506855299013,42.9651586197148,44.4084974167704,45.8381608718736,47.2539785569372,48.6553476821695,50.0425628235297
People using at least basic drinking water services (% of population),SH.H2O.BASW.ZS,Haiti,HTI,57.890307587373,58.7247918623983,59.2574851456357,59.7530302249497,60.2473792119938,60.7392582689179,61.229985292414,61.7165764517531,62.2007893646649,62.6818037025713,63.1596589540934,63.6326909989076,64.1022382287667,64.5674854749725,65.0230168507914,65.466827113029,65.8994451769274,66.3209862141568,66.6953102748929,67.0612754217819
People using at least basic drinking water services (% of population),SH.H2O.BASW.ZS,Afghanistan,AFG,29.6748627315109,31.8755891610669,34.0944312907889,36.3312261244574,38.5671193339185,41.0836738960922,43.6326087182233,46.2137626459091,48.8269685242371,51.4723764683198,54.1494916362474,56.8581415948124,59.5981581738121,62.3696595585624,65.1721622599667,68.0088715856643,70.8799408932308,73.7846429967308,76.72225540254,79.6930784589074
People using at least basic drinking water services (% of population),SH.H2O.BASW.ZS,Bangladesh,BGD,95.1737696316763,95.3525625591624,95.5299724790634,95.7089575160626,95.8847117824058,96.0570984545243,96.2259786038382,96.3912331775333,96.5528253694261,96.710597256145,96.864384577712,97.0140618269523,97.1596636760135,97.3011010904708,97.4383909094007,97.5714932946819,97.700411546896,97.8251365713411,97.945676020447,98.0330197120009
People using at least basic drinking water services (% of population),SH.H2O.BASW.ZS,Uganda,UGA,28.9911541004358,30.3158892746361,31.6653580235931,33.0370258975585,34.4326103679449,35.8500319866444,37.2895087674594,38.7494337829867,40.229957437106,41.7298870287119,43.2488591030294,44.7848792369786,46.3387388137212,47.9088089711991,49.4935303861388,51.0921165194054,52.7030927273616,54.3266872423468,55.9611032232523,57.605574850406
People using at least basic drinking water services (% of population),SH.H2O.BASW.ZS,Nepal,NPL,80.936422443979,81.5412679602195,82.1397139231249,82.731665320308,83.3170381280125,83.895823115831,84.4678253980994,85.0329499671884,85.5911073264404,86.1422718062614,86.686530708514,87.2235597131944,87.7533252357355,88.275580629965,88.7902053889185,89.2969930943264,89.7957758492581,90.2863663521825,90.7685835327375,91.2422508128062
People using at least basic drinking water services (% of population),SH.H2O.BASW.ZS,Mozambique,MOZ,25.281950672123,26.8306654926848,28.4125475477891,30.0268645534793,31.6744358371789,33.3535146665371,35.2069187179296,37.1024439275655,39.0283491613439,40.9829957259919,42.9657407480855,44.975925386408,47.0128819373376,49.0759428639125,51.1644141801736,53.2771826866148,55.4139858964107,57.5753680766886,59.7601108598003,61.4809315914592
People using at least basic drinking water services (% of population),SH.H2O.BASW.ZS,Sudan,SDN,44.6754074159875,44.6893905938749,44.7033753195238,45.8190395908666,46.9340172529745,48.048310173272,49.1619183582309,50.2797012285527,51.4014783358851,52.5268264920193,53.6551016203775,54.786102248502,55.9192043089609,57.0543889684013,58.1910173796323,59.3286670896413,60.4670842442273,61.6056535311679,62.7441109270103,63.8820096510733
People using at least basic drinking water services (% of population),SH.H2O.BASW.ZS,Madagascar,MDG,38.2126799889212,38.8436031481293,39.4738982619878,40.2552973589026,41.0378421311969,41.820986961241,42.6055743876338,43.3892235845163,44.1727775368766,44.9557063792181,45.7379371546935,46.5189417208381,47.299102963258,48.077446714498,48.854353375217,49.6293115469512,50.4022432734825,51.1722061354795,51.9400233315503,52.7043071877967
People using at least basic drinking water services (% of population),SH.H2O.BASW.ZS,Rwanda,RWA,46.7269188678981,47.6184186237104,48.4807001161199,49.3504746837897,50.2280357734339,51.1127958841887,52.0050439552417,52.9050782928433,53.812311723031,54.7270312962107,55.6495360555589,56.5792334362488,57.5210496360148,58.4752230978059,59.4411197028295,60.4192608419464,61.4095815029197,62.4117359707321,63.4259387180091,64.4521093451099
People with basic handwashing facilities including soap and water (% of population),SH.STA.HYGN.ZS,United States,USA,..,..,..,..,..,..,..,..,..,..,..,..,..,..,..,..,..,..,..,..
People with basic handwashing facilities including soap and water (% of population),SH.STA.HYGN.ZS,Germany,DEU,..,..,..,..,..,..,..,..,..,..,..,..,..,..,..,..,..,..,..,..
People with basic handwashing facilities including soap and water (% of population),SH.STA.HYGN.ZS,Japan,JPN,..,..,..,..,..,..,..,..,..,..,..,..,..,..,..,..,..,..,..,..
People with basic handwashing facilities including soap and water (% of population),SH.STA.HYGN.ZS,Norway,NOR,..,..,..,..,..,..,..,..,..,..,..,..,..,..,..,..,..,..,..,..
People with basic handwashing facilities including soap and water (% of population),SH.STA.HYGN.ZS,Australia,AUS,..,..,..,..,..,..,..,..,..,..,..,..,..,..,..,..,..,..,..,..
People with basic handwashing facilities including soap and water (% of population),SH.STA.HYGN.ZS,"Korea, Rep.",KOR,..,..,..,..,..,..,..,..,..,..,..,..,..,..,..,..,..,..,..,..
People with basic handwashing facilities including soap and water (% of population),SH.STA.HYGN.ZS,Canada,CAN,..,..,..,..,..,..,..,..,..,..,..,..,..,..,..,..,..,..,..,..
People with basic handwashing facilities including soap and water (% of population),SH.STA.HYGN.ZS,United Kingdom,GBR,..,..,..,..,..,..,..,..,..,..,..,..,..,..,..,..,..,..,..,..
People with basic handwashing facilities including soap and water (% of population),SH.STA.HYGN.ZS,Switzerland,CHE,..,..,..,..,..,..,..,..,..,..,..,..,..,..,..,..,..,..,..,..
People with basic handwashing facilities including soap and water (% of population),SH.STA.HYGN.ZS,Italy,ITA,..,..,..,..,..,..,..,..,..,..,..,..,..,..,..,..,..,..,..,..
People with basic handwashing facilities including soap and water (% of population),SH.STA.HYGN.ZS,Sweden,SWE,..,..,..,..,..,..,..,..,..,..,..,..,..,..,..,..,..,..,..,..
People with basic handwashing facilities including soap and water (% of population),SH.STA.HYGN.ZS,Brazil,BRA,..,..,..,..,..,..,..,..,..,..,..,..,..,..,..,..,..,..,..,..
People with basic handwashing facilities including soap and water (% of population),SH.STA.HYGN.ZS,India,IND,..,..,..,..,..,..,..,..,59.338579622901,59.4349176344164,59.5346008751458,59.63734533374,59.7434300966656,61.8363913610075,63.9222864004154,66.000895441643,68.0714866477316,70.1335988725305,72.1867693705958,74.2307260824252
People with basic handwashing facilities including soap and water (% of population),SH.STA.HYGN.ZS,South Africa,ZAF,..,..,..,..,..,..,..,..,..,..,43.3461548107573,43.4767910593943,43.6069283922294,43.7363135769289,43.8649452460677,43.9925760601146,44.1192001173137,44.2448240398932,44.3696932485851,..
People with basic handwashing facilities including soap and water (% of population),SH.STA.HYGN.ZS,Mexico,MEX,..,..,..,..,..,..,..,90.6538287718269,90.6538332389721,90.653828610083,90.6538330181721,90.6538287232884,91.019051402004,91.3842752309137,91.7494949370446,92.1147160450377,92.4799345437201,92.845159353106,93.2103783677687,93.5755964703008
People with basic handwashing facilities including soap and water (% of population),SH.STA.HYGN.ZS,Indonesia,IDN,..,..,..,..,75.1376319801886,75.2999752001126,75.4629298987605,75.6256796372962,75.7845584963561,76.1456457007876,76.4897022826397,76.8163932015603,77.1262517015837,77.4188183018964,77.6941682031391,77.9519102626708,78.1924812495899,78.4158442814724,78.6223880588527,78.8120563209643
People with basic handwashing facilities including soap and water (% of population),SH.STA.HYGN.ZS,Philippines,PHL,..,..,..,..,..,..,..,..,..,81.585054215243,81.597889639259,81.6107934639617,81.62363319711,81.6365346370522,81.6494400926837,81.6634253328611,81.678627497488,81.6949782681515,81.7124760653887,81.7311238752683
People with basic handwashing facilities including soap and water (% of population),SH.STA.HYGN.ZS,"Egypt, Arab Rep.",EGY,69.0480514749255,70.5465458824676,72.0433055381976,73.5383324002226,75.0316195859977,76.5141254695889,77.9914043179559,79.4696185290125,80.948383811599,82.4280494080897,83.9040111031808,85.3821176118691,86.8621401007901,88.344198149916,89.8283389809817,89.8269698994439,89.8269190815113,89.8282405087092,89.8309319942197,..
People with basic handwashing facilities including soap and water (% of population),SH.STA.HYGN.ZS,Colombia,COL,..,..,..,..,..,..,..,..,..,68.4689311357094,68.6348998663311,68.7981577440498,68.9586879635525,69.1169520348849,69.2729452584781,69.4262206290915,69.5767777711375,69.724608105128,69.8701790353322,70.0130213605058
People with basic handwashing facilities including soap and water (% of population),SH.STA.HYGN.ZS,Argentina,ARG,..,..,..,..,..,..,..,..,..,..,..,..,..,..,..,..,..,..,..,..
People with basic handwashing facilities including soap and water (% of population),SH.STA.HYGN.ZS,Viet Nam,VNM,..,..,..,84.3164687645028,84.3788541008405,84.4421659464239,84.5062972038271,84.5714571672781,84.8843752881511,85.1983834116102,85.5135978672932,85.8295981233901,86.1468116755869,86.4651354380595,86.7844742143067,87.1043052297417,87.4247409291133,87.7457732686581,88.0674163961593,88.3893421603972
People with basic handwashing facilities including soap and water (% of population),SH.STA.HYGN.ZS,Morocco,MAR,..,..,..,..,..,..,..,..,..,..,..,..,..,..,..,..,..,..,..,..
People with basic handwashing facilities including soap and water (% of population),SH.STA.HYGN.ZS,Nigeria,NGA,..,..,..,..,..,..,..,..,..,29.6769780620893,29.8117274895065,29.9452524440773,30.0775522444434,30.2086259214107,30.3380145058316,30.4660261567791,30.5923531843541,30.7168434063761,30.8394963300283,30.9601568246174
People with basic handwashing facilities including soap and water (% of population),SH.STA.HYGN.ZS,Ethiopia,ETH,..,..,..,..,..,..,..,..,7.49747295214657,7.56166183752956,7.62724018294233,7.69127433138198,7.75654362048047,7.82289297713143,7.89047629344199,7.95898584940284,8.02888386359803,8.1001707949846,8.1726920668899,8.2466020220852
People with basic handwashing facilities including soap and water (% of population),SH.STA.HYGN.ZS,Haiti,HTI,..,..,..,..,24.1831523508023,24.3235850909917,24.4650296476769,24.6064754152115,24.7484995322349,24.4954546767111,24.2375041116897,23.9740829703845,23.7056141466069,23.431821242378,23.151039398225,22.8627466112954,22.5672157772654,22.2645912021566,22.3730440528861,22.4790750194289
People with basic handwashing facilities including soap and water (% of population),SH.STA.HYGN.ZS,Afghanistan,AFG,..,..,..,36.2706858783946,36.3530638895669,36.4362543654897,36.5198455287321,36.6038410814174,37.543786869771,38.4759927139703,39.3999913055947,40.3157208555991,41.2231241036262,42.1224212245219,43.0132264594566,43.8983799044592,44.7775364052837,45.6495836221902,46.5134902430167,47.368944647633
People with basic handwashing facilities including soap and water (% of population),SH.STA.HYGN.ZS,Bangladesh,BGD,..,..,..,19.9605267494168,20.1840629714846,20.4113886455414,20.6421871935002,20.8761425262916,24.4200511170471,27.9398974348485,31.4338413674952,34.9006341871541,38.3409029084751,41.753598188802,45.1391016623656,48.4969593153711,51.8270206745033,55.1293324449055,58.4039524419607,61.6507298351674
People with basic handwashing facilities including soap and water (% of population),SH.STA.HYGN.ZS,Uganda,UGA,4.11569206616851,5.37237233572651,6.63656847440678,7.90815468935611,9.18779618487993,10.4754380865336,11.7715170406208,13.0760333397783,14.3894552785825,15.711892074304,17.0437165647015,18.3847150122164,19.7357163356066,21.0966533290833,22.467398206972,23.8481323914087,25.2386521200514,26.6396920690785,28.0508355811714,29.4722187104803
People with basic handwashing facilities including soap and water (% of population),SH.STA.HYGN.ZS,Nepal,NPL,..,..,..,46.3638876484209,46.4690836767712,46.576295891536,46.6851891633505,46.7957613236971,48.2360302610124,49.6677256727821,51.0917215343096,52.506734045886,53.9132055865977,55.310189250439,56.6977597569626,58.0752406137584,59.4424060537118,60.7986115185935,62.1436000447029,63.4767535346519
People with basic handwashing facilities including soap and water (% of population),SH.STA.HYGN.ZS,Mozambique,MOZ,..,..,..,..,..,11.6828861274331,11.7459774175346,11.8128435435516,11.8805189337948,11.948732930818,12.0174868185003,12.086779893385,12.1566115483386,12.2269836878297,..,..,..,..,..,..
People with basic handwashing facilities including soap and water (% of population),SH.STA.HYGN.ZS,Sudan,SDN,..,..,..,..,..,..,26.5009630827212,26.5009630827212,26.5009630827212,26.5009630827212,26.5009630827212,24.7522540709037,23.0035450590867,21.2548360472692,19.5061270354522,17.7574180236347,16.0087090118172,14.2600000000002,12.5112909881827,10.7625819763657
People with basic handwashing facilities including soap and water (% of population),SH.STA.HYGN.ZS,Madagascar,MDG,23.8527209414264,23.7773907860889,23.7009736421669,23.7070094634772,23.7115265019149,23.7142029897626,23.7154715165531,23.714033019957,23.7103320121403,23.7040786478568,23.6952287947047,23.6835048300524,23.6691017663676,23.6515218917519,23.6309617028955,23.6071678602562,23.5801084485572,23.5493314888199,23.5152516440623,23.477213342394
People with basic handwashing facilities including soap and water (% of population),SH.STA.HYGN.ZS,Rwanda,RWA,..,1.15839757926285,1.59198173537512,2.57474180121596,3.55761270200921,4.54042802361367,5.52326911153632,6.50623097581648,7.48912776202824,8.47204996489013,9.45510331043046,10.438080598668,11.4228587970816,12.4097077829807,13.3985580169045,14.3897972416187,15.3835909488765,16.3799786583271,17.3792467257484,18.3815591811518
,,,,,,,,,,,,,,,,,,,,,,,
,,,,,,,,,,,,,,,,,,,,,,,
,,,,,,,,,,,,,,,,,,,,,,,
Data from database: Health Nutrition and Population Statistics,,,,,,,,,,,,,,,,,,,,,,,
Last Updated: 12/16/2024,,,,,,,,,,,,,,,,,,,,,,,
