country_name,year,Births attended by skilled health staff (% of total),Capital health expenditure (% of GDP),"Cause of death, by communicable diseases and maternal, prenatal and nutrition conditions (% of total)","Cause of death, by non-communicable diseases (% of total)",Children with fever receiving antimalarial drugs (% of children under age 5 with fever),"Community health workers (per 1,000 people)",Current health expenditure (% of GDP),Current health expenditure per capita (current US$),Diabetes prevalence (% of population ages 20 to 79),Domestic general government health expenditure (% of GDP),Domestic general government health expenditure (% of current health expenditure),Domestic general government health expenditure (% of general government expenditure),Domestic general government health expenditure per capita (current US$),Domestic private health expenditure (% of current health expenditure),External health expenditure (% of current health expenditure),External health expenditure channeled through government (% of external health expenditure),"Fertility rate, total (births per woman)","GNI per capita, Atlas method (current US$)","Hospital beds (per 1,000 people)",Human capital index (HCI) (scale 0-1),"Immunization, DPT (% of children ages 12-23 months)","Incidence of malaria (per 1,000 population at risk)","Incidence of tuberculosis (per 100,000 people)","Life expectancy at birth, total (years)",Lifetime risk of maternal death (%),"Maternal mortality ratio (national estimate, per 100,000 live births)","Mortality from CVD, cancer, diabetes or CRD between exact ages 30 and 70 (%)","Mortality rate attributed to unsafe water, unsafe sanitation and lack of hygiene (per 100,000 population)","Mortality rate, adult, female (per 1,000 female adults)","Mortality rate, adult, male (per 1,000 male adults)",Number of maternal deaths,"Number of surgical procedures (per 100,000 population)","Nurses and midwives (per 1,000 people)",Out-of-pocket expenditure (% of current health expenditure),People using at least basic drinking water services (% of population),People using at least basic sanitation services (% of population),People with basic handwashing facilities including soap and water (% of population),"Physicians (per 1,000 people)",Poverty headcount ratio at national poverty line (% of population),Pregnant women receiving prenatal care (%),"Prevalence of stunting, height for age (% of children under 5)",Prevalence of undernourishment (% of population),Proportion of population pushed below the $2.15 ($ 2017 PPP) poverty line by out-of-pocket health care expenditure (%),Proportion of population spending more than 10% of household consumption or income on out-of-pocket health care expenditure (%),Proportion of population spending more than 25% of household consumption or income on out-of-pocket health care expenditure (%),Risk of catastrophic expenditure for surgical care (% of people at risk),Risk of impoverishing expenditure for surgical care (% of people at risk),"Specialist surgical workforce (per 100,000 population)",UHC service coverage index,Urban poverty headcount ratio at national poverty lines (% of urban population),doctor_bed_ratio,oop_exp_burden,disease_burden_index,health_exp_gdp,category,income_group_numeric,lag3,lag5,rolling3,rolling5,growth_rate
Afghanistan,2002,39.1395407060698,0.28302228,211.35,211.35,89.0,0.4199999869,9.44339085,17.00758553,44.0,0.08418062,0.89142376,1.21245599,0.15160967,85.37560272,13.73297024,1.95171187813262,7.339,180.0,0.39,5.752,36.0,85.2957457037489,189.0,56.454,9.52510157986914,44.0,42.1,211.35,211.35,211.35,211.35,0.305,0.767,85.37560272,29.6748627315109,22.5413387666176,69.0480514749255,0.029,18.2,86.4,37.5,43.7,4.13,12.72,2.95,28.46427345,28.46427345,86.4,86.4,5.752,0.07435897435897436,9.040778262397135,551.6957457037489,0.0524632825,Healthcare Resources,1,19.92818763679781,18.946549350769104,85.0,85.0,0.0
Afghanistan,2003,4.443798184447138,0.57128608,234.75,234.75,34.3,0.185,8.94125843,17.81492424,234.75,0.65096337,7.28044462,5.45767879,1.29700564,86.06919098,6.65036392,0.802905930082944,7.22,190.0,0.39,5.674,41.0,71.0889389885515,189.0,57.344,8.96387430518319,234.75,41.5,234.75,234.75,234.75,234.75,234.75,0.212,86.06919098,31.8755891610669,24.1003328260197,70.5465458824676,0.027,17.4,16.1,42.5,38.6,5.51,22.53,10.34,30.1,78.2,84.5,84.5,5.674,0.06923076923076922,9.626071279990954,579.1889389885515,0.04705925489473684,Healthcare Resources,1,23.8527209414264,18.946549350769104,20.6684806276176,34.17163256485584,-0.4004876829307819
Afghanistan,2004,2.79398630153134,0.07789336,226.5167493798257,226.5167493798257,93.0,0.211,9.80847359,21.42946434,226.5167493798257,0.54292566,5.53527164,3.60296822,1.18617905,84.52758789,9.9371376,1.24516697430935,7.069,210.0,0.39,5.573,50.0,39.4251586043368,189.0,57.944,8.01181076888072,40.0,41.4,226.5167493798257,226.5167493798257,226.5167493798257,226.5167493798257,0.413,0.206,84.52758789,34.0944312907889,25.6662399387279,72.0433055381976,0.027,38.7,67.8,59.3,35.9,0.49,0.82,0.18,39.8,52.1,79.9,79.9,5.573,0.06923076923076922,8.617812661103368,528.3586573639883,0.0467070170952381,Healthcare Resources,1,1.15839757926285,23.8527209414264,2.905598386175233,4.83503854755771,4.524873423917772
Afghanistan,2005,8.45605635091197,0.12873553,227.835,227.835,3.7,0.627,9.94828892,25.10707283,227.835,0.5291841,5.31934786,3.37097836,1.33553256,78.97008514,15.71056557,19.4901388826165,6.905,227.835,0.42,5.436,58.0,28.4112545235127,189.0,58.361,7.94154155287414,227.835,40.9,227.835,227.835,227.835,227.835,0.448,0.612,78.97008514,36.3312261244574,27.2391887360031,36.2706858783946,0.032,16.0,27.6,50.0,34.2,1.12,2.14,0.34,40.7,53.5,26.0,28.0,5.436,0.0761904761904762,7.938057064390124,518.2812545235128,0.04366444541005552,Healthcare Resources,1,1.59198173537512,1.15839757926285,9.761321156916749,7.455189041225073,15.394660453720618
Afghanistan,2006,7.393209526506907,0.36553812,221.3,221.3,5.1,0.614,10.62276554,28.91982269,221.3,0.49784002,4.6865387,2.72002935,1.35533866,76.82497406,18.48848534,30.8721890306242,6.722,221.3,0.42,5.28,58.0,21.2898129597058,189.0,58.684,7.19546998992883,221.3,40.5,221.3,221.3,221.3,221.3,0.295,0.457,76.82497406,38.5671193339185,28.8122662344939,36.3530638895669,0.166,26.6,30.3,29.6,31.6,0.77,22.0,2.7,37.5,52.8,74.1,74.1,5.28,0.3952380952380953,7.23210672124088,495.48981295970583,0.04800165178490736,Healthcare Resources,1,2.57474180121596,1.59198173537512,8.016494534143973,10.544845080729576,6.3405418714506405
Afghanistan,2007,28.255321017710255,0.75308651,237.0119942425,237.0119942425,10.0,0.218,9.90467453,32.71720505,237.0119942425,0.55994755,5.65336657,2.60708547,1.84962338,78.16999054,16.17664719,31.2503309547879,6.53,237.0119942425,0.42,5.1,63.0,22.6320015920494,189.0,59.111,7.06980966381942,237.0119942425,40.1,237.0119942425,237.0119942425,237.0119942425,237.0119942425,237.0119942425,0.519,78.16998291,41.0836738960922,30.4665336124326,36.4362543654897,0.182,33.7,93.3,31.7,28.3,0.37,4.84,0.07,28.7,70.3,51.7,51.7,5.1,0.43333333333333335,7.892231357348802,524.9559900770495,0.04178976073196525,Healthcare Resources,1,3.55761270200921,2.57474180121596,35.50507513467281,25.794567621205527,26.94008463705521
Afghanistan,2008,10.14245183365224,0.185379,234.3186860425,234.3186860425,33.2,0.296,10.25649548,39.96989822,234.3186860425,0.62779975,6.12099695,3.00128436,2.44655618,75.40338898,18.47561455,53.4171682274966,6.376,234.3186860425,0.42,4.901,64.0,19.7466931766676,189.0,59.852,6.34718876196331,234.3186860425,39.4,234.3186860425,234.3186860425,234.3186860425,234.3186860425,229.0,0.521,75.40338898,43.6326087182233,32.128704614959,36.5198455287321,0.183,15.4,36.0,30.8,25.1,1.87,14.55,3.6,27.5,69.0,95.8,95.8,4.901,0.4357142857142857,7.351769337493044,513.4840652616675,0.043771564501431645,Healthcare Resources,1,4.54042802361367,3.55761270200921,11.026952015742449,27.4042568141682,4.285845271675225
Afghanistan,2009,29.35467323186236,0.07316807,231.2848183675,231.2848183675,95.0,0.363,9.81848717,43.26076889,231.2848183675,0.53190351,5.41736698,2.51257253,2.34359473,72.7792511,21.8033886,21.4300126019954,6.235,231.2848183675,0.42,4.716,63.0,13.0053974709896,189.0,60.364,5.73146081392652,54.0,38.4,231.2848183675,231.2848183675,231.2848183675,231.2848183675,0.661,0.63,72.77924347,46.2137626459091,33.7989577403427,36.6038410814174,0.22,26.3,94.51,29.3,21.6,3.45,24.77,8.92,29.7,65.3,86.3,86.3,4.716,0.5238095238095238,7.412470191168972,497.1750342059896,0.04245193108351329,Healthcare Resources,1,5.52326911153632,4.54042802361367,36.31551274102421,27.69396146692179,16.72500995751205
Afghanistan,2010,14.191845821521179,0.17126994,48.1499135188659,40.8191640676136,49.1,0.578,8.56967163,46.57987976,202.106732545,0.46915731,5.47462463,2.25547075,2.55007354,78.9966507,15.52872467,33.4849008073112,6.099,202.106732545,0.43,0.474434584379196,66.0,13.416947251776,189.0,60.851,5.65298401811193,202.106732545,37.8,202.106732545,202.106732545,202.106732545,202.106732545,202.106732545,1.336,78.9966507,48.8269685242371,35.4774709901664,37.543786869771,0.245,29.6,59.6,22.7,19.4,3.41,18.87,5.36,25.8,61.2,0.67,29.0,4.532,0.5697674418604651,9.218165422284681,437.03041234177596,0.0424017128083149,Healthcare Resources,1,6.50623097581648,5.52326911153632,15.770820650544318,30.343738585489888,4.271869401423398
Afghanistan,2011,16.004037473667598,0.10517059,212.6013216166874,212.6013216166874,3.6,0.504,8.56190777,52.36304855,7.6,0.47999981,5.60622549,2.18811917,2.93559049,73.25517273,21.13860512,29.5036940055998,5.958,212.6013216166874,0.45,4.357,68.0,16.0441361978755,189.0,61.419,5.57206415212989,212.6013216166874,37.1,212.6013216166874,212.6013216166874,212.6013216166874,212.6013216166874,43.0,1.204,73.25517273,51.4723764683198,37.16457222165,38.4759927139703,0.259,38.3,47.9,44.4,18.3,0.84,1.88,0.2,20.5,51.3,12.04,98.0,4.357,0.5755555555555556,8.555940416302803,459.5467794312503,0.040272128625036555,Healthcare Resources,1,7.48912776202824,6.50623097581648,17.85941850801883,19.073476657216943,4.154138269040048
Afghanistan,2012,17.066327482822842,0.13647778,208.5891432775,208.5891432775,2.5,0.71,7.89716864,52.61354065,33.0,0.34288675,4.34189463,1.37000275,2.28442458,74.48620605,21.17189598,21.3142821019467,5.83,208.5891432775,0.47,4.233,66.0,9.38050283998142,189.0,61.923,4.9889087890114,33.0,36.6,208.5891432775,208.5891432775,208.5891432775,208.5891432775,208.5891432775,1.461,74.48620605,54.1494916362474,38.8603050336229,39.3999913055947,0.247,58.5,51.2,22.0,19.5,1.58,9.43,1.83,23.0,51.7,85.45,51.2,4.233,0.5255319148936171,9.432014111072599,446.05878939498143,0.03785992173856274,Healthcare Resources,1,8.47204996489013,7.48912776202824,18.948033309926757,20.78322997893408,3.709603952449948
Afghanistan,2013,19.978560449001,0.18895136,237.37725,237.37725,32.7,0.77,8.80596447,56.30554199,237.37725,0.44335932,5.03476191,1.77506959,2.83484999,72.04785919,22.91737556,28.994202746122,5.696,237.37725,0.46,4.159,64.0,11.4828640119098,189.0,62.417,4.92229572461484,237.37725,36.2,224.606,214.871,237.37725,237.37725,192.0,0.255,72.04785919,56.8581415948124,40.564852379778,40.3157208555991,0.291,4.8,60.6,40.4,19.4,4.4,14.63,2.01,29.5,50.5,31.93,99.4,4.159,0.6326086956521738,8.181711320259279,483.13111401190974,0.03709691838623962,Healthcare Resources,1,9.45510331043046,8.47204996489013,22.50340220695364,23.37306198625827,4.140081330088334
Afghanistan,2014,19.867144097811202,0.164755,205.928560445,205.928560445,27.3,0.71,9.52887821,60.18957901,47.0,0.47265697,4.96025801,1.86067402,2.98555852,73.05591583,21.98381996,34.3493967841629,5.56,205.928560445,0.46,4.112,63.0,12.634543045441,189.0,62.545,4.45392359091823,47.0,35.7,205.928560445,205.928560445,205.928560445,205.928560445,205.928560445,0.151,73.05592346,59.5981581738121,42.2784026530125,41.2231241036262,0.304,11.3,63.2,40.4,19.3,0.28,9.82,2.07,24.9,50.8,0.03,79.1,4.112,0.6608695652173913,7.666791604423287,443.79166393544097,0.04627273744549388,Healthcare Resources,1,10.438080598668,9.45510331043046,22.02538706577867,25.0228483592008,3.3302980440453736
Afghanistan,2015,21.932280837235524,0.21357547,39.3909806318543,44.2190527205372,11.8,0.0,10.10534763,60.05854034,207.26762379,0.52267277,5.1722393,2.01440597,3.10637149,78.38230133,16.44546318,48.5921151844655,5.405,207.26762379,0.44,4.081,64.0,14.1300865107337,189.0,62.659,4.40423184519823,38.0,35.6,207.26762379,207.26762379,207.26762379,207.26762379,207.26762379,0.133,78.3822937,62.3696595585624,44.0013086436901,42.1224212245219,0.291,23.5,58.6,33.0,20.0,0.86,2.12,0.27,26.8,49.6,5.88,36.0,4.081,0.6613636363636363,7.756516308979268,448.66533409073367,0.04875507059529262,Healthcare Resources,1,11.4228587970816,10.438080598668,24.448572531387736,25.99371527824896,3.420959840009764
Afghanistan,2016,16.973918512678374,0.16662404,229.75,229.75,7.7,0.581,11.81859016,61.48645782,229.75,0.60012972,5.0778451,2.14110541,3.12218743,75.97433472,18.94781876,35.4523075959581,5.262,229.75,0.45,4.06,65.0,27.4178656915167,189.0,63.136,4.26603578550222,229.75,35.6,197.06,204.096,229.75,229.75,229.75,0.151,75.97433472,65.1721622599667,45.7336021554717,43.0132264594566,0.284,54.5,62.4,38.3,20.5,0.15,23.84,5.61,26.8,47.8,0.54,87.0,4.06,0.6311111111111111,6.428375440002567,481.7638656915167,0.051441088835690964,Healthcare Resources,1,12.4097077829807,11.4228587970816,17.506471855320466,23.08582466978842,1.2321234701423975
Afghanistan,2017,24.142347931214026,0.28592768,235.0,235.0,1.1,0.72,12.62081718,66.90921783,235.0,0.64313394,5.09581852,2.31911564,3.40957279,75.48403931,19.42013359,30.1926773094247,5.129,235.0,0.42,0.389,63.0,29.0292564406936,189.0,63.016,3.65965934813299,235.0,35.5,196.146,196.522,235.0,235.0,235.0,0.179,75.48258209,68.0088715856643,47.4776157981306,43.8983799044592,0.245,7.9,70.2,21.9,21.4,1.57,9.57,2.54,34.5,47.0,142.4,41.0,4.027,0.5833333333333334,5.980799896984166,481.95125644069356,0.053705605021276595,Healthcare Resources,1,13.3985580169045,12.4097077829807,26.732372011269664,24.2591348101427,2.985503509603575
Afghanistan,2018,26.237693211657376,0.3672294,209.3795,209.3795,43.5,0.72,14.20841885,71.33430481,59.0,0.55239552,3.88780427,1.90904689,2.77333833,76.37773132,19.73445702,29.6870446105519,5.002,209.3795,0.4,0.393489241600037,67.0,22.3653423689081,189.0,63.081,3.56534676070181,59.0,35.4,194.728,193.284,209.3795,209.3795,1.182,0.452,76.22302246,70.8799408932308,49.2341444226923,44.7775364052837,0.304,40.1,65.2,38.2,22.6,0.15,3.48,0.57,27.9,45.3,50.05,85.1,3.994,0.7599999999999999,5.364637913950573,447.6288423689081,0.06785964647923984,Healthcare Resources,1,14.3897972416187,13.3985580169045,29.19319816107913,31.073878344971217,3.0862285279417616
Afghanistan,2019,24.734983993745324,0.31406656,32.9304513537869,49.7810848710223,57.0,0.72,14.83131981,74.23410797,20.3,0.49705607,3.35139465,1.77526009,2.48787785,76.81837463,19.83023643,26.1819037121789,4.87,159.00986380737052,0.38,3.939,65.0,14.1792036951249,159.00986380737052,63.565,3.46636972274314,20.3,35.3,16.6,159.00986380737052,159.00986380737052,159.00986380737052,0.933,1.483,76.818367,73.7846429967308,51.0034810931108,45.6495836221902,0.214,5.7,73.6,36.8,25.1,0.0,8.2,0.9,28.9,46.4,47.0,42.0,3.939,0.5631578947368421,5.179469392076982,357.2989313098659,0.09327295461347682,Healthcare Resources,1,15.3835909488765,14.3897972416187,26.855727299251,30.9501545693259,2.2372155607554687
Afghanistan,2020,28.484435044311297,0.41934216,235.9845,235.9845,57.0,0.74,15.53361416,80.28805542,4.8,1.18621242,7.63642311,4.24602795,6.1311352,76.23153687,16.13204002,31.0469960505885,4.75,235.9845,0.34,0.400284141302109,61.0,8.41320002003349,183.0,62.575,3.13021000603877,4.8,182.744,182.744,210.053,235.9845,235.9845,0.486,0.77,74.81396484,76.72225540254,52.6490009350063,46.5134902430167,0.254,4.8,95.0,31.5,27.7,6.05,26.08,8.03,37.9,49.5,97.7,97.7,3.873,0.7470588235294118,4.816262594744402,482.1507000200335,0.06582472221692527,Healthcare Resources,1,16.3799786583271,15.3835909488765,31.519985772218064,32.147987194996254,2.7728986886428384
Afghanistan,2021,37.81116938586385,0.53925675,66.072,66.072,25.2,0.73,21.82794952,81.31976318,10.9,0.72091633,3.30272126,4.05148983,2.6857651,77.34925079,19.34802628,9.37112860748943,4.643,189.89374196854675,0.36,3.821,55.0,6.24135737765832,185.0,61.982,66.072,37.3,189.89374196854675,189.89374196854675,189.89374196854675,189.89374196854675,66.072,189.89374196854675,1.564,77.21405029,79.6930784589074,54.298589737252,47.368944647633,0.395,37.3,97.0,26.7,29.4,0.0,1.97,0.35,37.9,49.5,49.0,41.0,3.821,1.0972222222222223,3.5373936621601643,415.4288413147518,0.11494822996123535,Healthcare Resources,1,17.3792467257484,16.3799786583271,43.61949781716559,42.00754803544904,4.529583733777256
Argentina,2002,98.9,0.00289711,211.35,211.35,89.0,0.4199999869,7.3933115,211.35,44.0,4.03350496,54.55613327,18.4574852,121.46786443,43.47652435,1.96734297,0.196721182511452,2.493,211.35,1.94,5.752,93.0,0.659891777748449,35.0,74.408,0.195826731188591,44.0,20.3,211.35,95.58,174.967,211.35,0.305,0.566,29.99389839,96.7554692969689,88.6033940308795,69.0480514749255,1.317,18.2,0.2,18.9,3.7,1.41,2.29,0.33,28.46427345,28.46427345,86.4,86.4,5.752,0.6788659793814433,4.05689634340444,274.90689177774846,0.03498136503430329,Healthcare Resources,2,97.9764705882353,98.14666666666668,98.9,98.9,0.0
Argentina,2003,98.7,0.01465814,234.75,234.75,0.2,0.627,6.89451647,234.75,234.75,3.77215648,54.7124176,17.12602234,142.78991158,44.94412231,0.34346449,6.02857234386947,2.451,234.75,1.1000000238,5.674,96.0,0.647891739380323,33.0,74.08,0.216860190855361,42.0,20.0,234.75,102.93,174.324,234.75,234.75,0.593,28.24989319,96.9824166198558,89.0695626056267,70.5465458824676,1.348,17.4,68.7,20.2,4.3,0.59,2.94,0.61,16.4,23.4,84.5,84.5,5.674,1.2254545189401658,4.09744371674552,282.20189173938036,0.0293696122257721,Healthcare Resources,2,97.9764705882353,98.14666666666668,98.8,98.8,-0.0020222446916077
Argentina,2004,99.1,0.02900673,226.5167493798257,226.5167493798257,93.0,0.192,7.22868252,226.5167493798257,226.5167493798257,3.74438357,51.79897308,16.25901031,160.69074498,41.91094971,6.29007864,0.362685363487791,2.43,226.5167493798257,1.2,5.573,98.0,0.599970001499925,34.0,74.855,0.202415698102075,40.0,19.3,226.5167493798257,95.868,165.484,226.5167493798257,0.413,0.4854,27.62963104,97.2043461157274,89.535067661347,72.0433055381976,3.1857,16.7,93.5,28.6,3.9,1.35,16.9,4.7,12.6,19.3,79.9,79.9,5.573,2.6547500000000004,3.8222222325514443,265.8519700014999,0.03191235323564911,Healthcare Resources,2,97.9764705882353,98.14666666666668,98.9,98.9,0.0040526849037485
Argentina,2005,99.1,0.01975768,227.835,227.835,0.1,0.627,7.61078882,227.835,227.835,3.91339946,51.41910553,16.02175713,200.94817796,47.3978157,1.18307579,1.90648542957826,2.426,227.835,4.0,5.436,98.0,1.18248085507187,31.0,75.139,0.151582565788921,38.0,18.8,227.835,92.45,163.848,227.835,0.448,0.667,33.06813431,97.4211883068913,89.9997328171333,73.5383324002226,1.429,16.0,99.2,7.2,3.6,1.12,2.14,0.34,13.3,17.4,26.0,74.0,5.436,0.35725,4.344902360593944,261.08048085507187,0.033404827265345535,Healthcare Resources,2,98.9,98.14666666666668,98.96666666666664,98.95,0.0
Argentina,2006,99.4,0.01338378,221.3,221.3,8.4,0.614,7.64032793,221.3,221.3,4.01898909,52.60231018,15.09950352,221.3,47.07147217,0.32621667,0.692490669286637,2.4,221.3,1.0,5.28,91.0,0.871397884326997,28.0,75.433,0.148619122605288,44.0,18.3,221.3,90.894,159.537,221.3,0.295,0.705,32.41083908,97.6332141757066,90.463786071511,75.0316195859977,1.467,26.6,90.38,15.5,3.3,0.64,4.39,0.98,10.7,14.6,74.1,74.1,5.28,1.467,4.242074342481789,254.60239788432702,0.03452475341165838,Healthcare Resources,2,98.7,98.14666666666668,99.2,99.04,0.0030272452068618
Argentina,2007,99.4,0.01735669,237.0119942425,237.0119942425,0.8,0.614,7.83455086,237.0119942425,237.0119942425,4.25491619,54.30963898,14.39874649,237.0119942425,45.46093369,0.22942123,9.65645130316311,2.37,237.0119942425,1.0,5.1,91.0,1.64509980940917,30.0,75.006,0.151276926778675,41.0,18.8,237.0119942425,92.523,167.463,237.0119942425,237.0119942425,0.739,31.28629875,97.8403601049127,90.9270366712693,76.5141254695889,1.509,16.6,93.3,7.0,3.2,1.27,2.54,0.33,9.2,13.1,51.7,51.7,5.1,1.509,3.993374899094088,264.8310998094091,0.0330555037311067,Healthcare Resources,2,99.1,98.9,99.3,99.14,0.0
Argentina,2008,94.8,0.02163509,234.3186860425,234.3186860425,0.0,0.63,8.1826973,234.3186860425,234.3186860425,4.50854683,55.09854126,14.65606022,234.3186860425,43.9757576,0.92570257,0.205157137351399,2.341,234.3186860425,1.63,4.901,93.0,0.521433395574272,26.0,75.641,0.143873717000515,39.0,18.0,234.3186860425,88.91,157.517,234.3186860425,0.67,0.785,30.2619133,98.0428781125276,91.389714779665,77.9914043179559,1.561,15.4,73.6,30.7,3.2,0.45,20.01,3.11,7.1,10.8,95.8,95.8,4.901,0.9576687116564417,3.698280920155754,250.14843339557424,0.034921232438610755,Healthcare Resources,2,99.1,98.7,97.86666666666667,98.36,-0.0462776659959759
Argentina,2009,97.9,0.03708528,231.2848183675,231.2848183675,95.0,0.62,9.45599556,231.2848183675,231.2848183675,5.66982841,59.96014023,16.42263222,231.2848183675,39.75198364,0.28787005,8.10952417087294,2.344,231.2848183675,1.51,4.716,94.0,0.452264023871675,22.0,75.936,0.136866798223097,54.0,17.8,231.2848183675,87.333,152.466,231.2848183675,0.661,0.832,26.18709564,98.2407291145394,91.851632903701,79.4696185290125,1.616,26.3,94.51,0.055,3.4,0.54,4.5,1.01,5.7,10.6,86.3,86.3,4.716,1.0701986754966888,2.7693642064273556,243.65126402387168,0.04088463577827618,Healthcare Resources,2,99.4,99.1,97.36666666666667,98.12,0.0327004219409283
Argentina,2010,95.0,0.02510831,14.1294278660707,79.9626676608716,3.6,0.578,9.44546413,202.106732545,202.106732545,5.56834269,58.95255661,16.69264221,202.106732545,40.73146057,0.31598705,11.2597822482415,2.346,202.106732545,4.5,0.588557064533234,94.0,0.262773722627737,21.0,75.721,0.133364804388994,43.0,17.8,202.106732545,88.828,154.367,202.106732545,202.106732545,0.875,26.78010178,98.4340478989156,92.3128297975777,80.948383811599,1.664,53.2,97.0,12.6,3.6,0.62,3.45,0.47,5.1,9.2,39.0,76.0,4.532,0.36977777777777776,2.8352340775868257,247.05777372262773,0.04673502961063864,Healthcare Resources,2,99.4,99.1,95.90000000000002,97.3,-0.0296220633299285
Argentina,2011,97.1,0.02983253,212.6013216166874,212.6013216166874,80.0,0.504,9.41819859,212.6013216166874,5.5,5.68117285,60.32122803,16.27754211,212.6013216166874,39.09850693,0.58026612,12.028898180087,2.338,212.6013216166874,4.41,4.357,91.0,0.0,27.0,76.124,0.121706897154344,40.0,17.6,212.6013216166874,84.699,150.196,212.6013216166874,0.64,0.932,26.89295959,98.6218627766521,92.7707536939526,68.4689311357094,1.726,12.5,94.5,33.4,3.6,0.55,3.87,0.91,3.9,7.4,64.56,98.0,4.357,0.39138321995464853,2.8554249873807347,238.495,0.044299812053758894,Healthcare Resources,2,94.8,99.4,96.66666666666669,96.84,0.0221052631578946
Argentina,2012,98.2,0.02435402,208.5891432775,208.5891432775,0.8,0.71,9.82726669,208.5891432775,33.0,6.13485479,62.42686844,16.66110992,208.5891432775,37.0521431,0.52099103,17.8260908040988,2.33,208.5891432775,4.6,4.233,91.0,0.0,24.0,76.467,0.109135554937547,33.0,17.4,208.5891432775,79.569,148.625,208.5891432775,208.5891432775,0.994,26.08745956,98.8052936559107,93.2268007089789,68.6348998663311,1.785,25.2,98.1,13.6,3.4,0.92,26.2,3.9,3.2,6.5,85.45,51.2,4.233,0.3880434782608696,2.6545997359109017,231.594,0.047113030599709275,Healthcare Resources,2,97.9,99.4,96.76666666666668,96.6,0.0113285272914522
Argentina,2013,97.0,0.03883833,237.37725,237.37725,0.1,0.77,9.78097916,237.37725,237.37725,6.22042274,63.59713364,16.54238701,237.37725,35.95693207,0.44593182,99.0738748763183,2.322,237.37725,4.8,4.159,94.0,0.0,24.0,76.491,0.105080924551797,32.0,17.0,224.606,79.171,147.396,237.37725,0.29,4.2463,26.81741714,98.8641989604982,93.6231264544083,68.7981577440498,3.9385,11.4,95.4,30.0,3.1,0.54,3.74,0.92,3.0,6.0,31.93,99.4,4.159,0.8205208333333334,2.7417926877578584,229.66699999999997,0.041204366298792316,Healthcare Resources,2,95.0,94.8,97.43333333333334,97.04,-0.0122199592668025
Argentina,2014,99.6,0.03190604,205.928560445,205.928560445,65.0,0.71,9.67129993,205.928560445,47.0,6.3273077,65.42355347,16.28527832,205.928560445,34.04805756,0.52839446,66.4816302765479,2.312,205.928560445,4.86,4.112,94.0,0.0,25.0,76.755,0.101269701408944,47.0,16.4,205.928560445,78.091,142.238,205.928560445,205.928560445,1.116,27.04210854,98.9232479851466,94.0211238749445,68.9586879635525,1.93,11.3,90.3,22.3,2.8,0.68,4.38,1.17,3.6,7.0,10.47,79.1,4.112,0.397119341563786,2.7961193154724135,223.12900000000002,0.04696434486358214,Healthcare Resources,2,97.1,97.9,98.26666666666668,97.38,0.0268041237113401
Argentina,2015,99.6,0.0230072,15.4917818001276,78.2957693035364,61.0,0.0,10.22933674,207.26762379,207.26762379,6.82437325,66.71373749,16.49740791,207.26762379,33.00239944,0.28386176,99.6866070116261,2.301,207.26762379,4.97,4.081,94.0,0.0,26.0,76.76,0.0954094345400858,38.0,16.5,207.26762379,76.307,143.506,207.26762379,207.26762379,1.175,25.93237305,98.9823081880311,94.4204081447428,69.1169520348849,3.973,23.5,97.5,33.1,2.8,0.9,31.22,5.07,3.5,7.0,22.71,80.0,4.081,0.7993963782696177,2.5350981895625813,222.613,0.049353278398965916,Healthcare Resources,2,98.2,95.0,98.73333333333332,98.3,0.0
Argentina,2016,98.4,0.03173462,229.75,229.75,0.5,0.581,9.85558891,229.75,229.75,6.44487762,65.39312744,15.52159119,229.75,34.32503891,0.28183463,98.5130382907747,2.241,229.75,4.97,4.06,92.0,0.0,27.0,76.308,0.0976202220201663,32.0,16.8,197.06,79.285,147.558,229.75,229.75,2.573,27.00738144,99.0413737808333,94.8209556611028,69.2729452584781,3.987,30.3,97.2,12.7,3.0,0.29,8.19,2.23,4.3,7.3,34.74,87.0,4.06,0.8022132796780684,2.740311277857469,229.843,0.042897013754080525,Healthcare Resources,2,97.0,97.1,99.2,98.56,-0.0120481927710842
Argentina,2017,93.9,0.00970424,235.0,235.0,0.3,0.72,10.23174763,235.0,235.0,6.59566355,64.46273041,16.03947067,235.0,35.0945549,0.44271711,99.337793264249,2.168,235.0,5.02,0.611,86.0,0.0,27.0,76.833,0.0927831201719802,44.0,16.2,196.146,75.849,140.418,235.0,235.0,2.593,21.28657913,96.5273645492207,90.4225796256359,69.4262206290915,3.979,25.7,93.8,21.3,3.4,1.57,9.57,2.54,2.9,6.1,142.4,79.0,4.027,0.7926294820717132,2.0804441137295724,219.66700000000003,0.04353935161702127,Healthcare Resources,2,99.6,98.2,97.3,97.7,-0.0457317073170732
Argentina,2018,99.5,0.69,209.3795,209.3795,59.0,0.72,10.29146862,209.3795,59.0,6.03072071,58.59922409,15.48355103,209.3795,41.12049103,0.28029117,98.5029112324986,2.039,209.3795,3.71,0.61736673116684,86.0,0.0,27.0,76.999,0.0706152065871151,59.0,16.1,194.728,73.538,138.893,209.3795,1.182,1.827,25.13258934,96.739501221738,91.2877514825982,69.5767777711375,2.202,32.0,0.15,8.7,3.5,0.37,4.74,0.91,3.7,6.8,50.05,85.1,3.994,0.5935309973045823,2.442079966231292,215.93099999999998,0.049152226555130754,Healthcare Resources,2,99.6,97.0,97.26666666666668,98.2,0.0596379126730564
Argentina,2019,99.6,0.43,17.5964944783087,76.6944625404959,57.0,0.72,10.04194355,159.00986380737052,20.3,6.08225393,60.5684967,16.13215828,159.00986380737052,39.20406342,0.22744361,97.373662265948,1.994,159.00986380737052,3.71,3.939,83.0,0.0,29.0,77.284,0.0678548968029463,20.3,15.7,11.4,70.582,136.151,159.00986380737052,0.933,1.396,23.94149971,96.8925246726353,92.151091537794,69.724608105128,4.0685,35.5,0.0,28.7,3.5,0.0,2.53,0.53,4.8,8.8,47.0,78.0,3.939,1.0966307277628033,2.3841499995287267,210.233,0.06315295988282288,Healthcare Resources,2,98.4,99.6,97.66666666666669,98.2,0.0010050251256281
Argentina,2020,98.8,0.49,235.9845,235.9845,57.0,0.74,10.34701538,235.9845,4.8,6.62048721,63.98451233,15.74081135,235.9845,35.73628998,0.27920026,96.8870582669801,1.911,235.9845,3.2,0.602144718170166,74.0,0.0,28.0,75.892,0.0931459459870504,4.8,182.744,182.744,87.621,147.707,235.9845,0.486,5.447,21.75679016,97.0410236613368,93.0127700372276,69.8701790353322,3.895,42.0,95.0,13.9,3.4,0.12,2.23,0.43,4.6,9.9,97.7,97.7,3.873,1.2171874999999999,2.1027116865076123,238.728,0.0438461652354286,Healthcare Resources,2,93.9,99.6,99.3,98.04,-0.0080321285140562
Argentina,2021,97.1,0.41,66.072,66.072,25.2,0.73,9.70880699,189.89374196854675,5.4,6.1366396,63.20693588,16.22084427,189.89374196854675,35.5334816,1.25958097,99.55212923472,1.885,189.89374196854675,3.34,3.821,81.0,0.0,29.0,75.39,66.072,37.3,189.89374196854675,189.89374196854675,90.414,147.702,66.072,189.89374196854675,1.449,22.36627579,97.3938172969202,93.8726777763574,70.0130213605058,2.362,37.3,85.1,26.7,3.3,0.0,1.97,0.35,5.0,8.6,49.0,79.0,3.821,0.707185628742515,2.3037100040238827,241.416,0.05112757739856497,Healthcare Resources,2,99.5,98.4,98.5,97.78,-0.0172064777327936
Australia,2002,99.3,0.49539164,211.35,211.35,89.0,0.4199999869,7.87627029,211.35,44.0,5.66600704,71.93769073,15.51416302,211.35,28.06231117,0.0,0.0,1.756,211.35,3.94,5.752,92.0,88.0,5.9,79.9365853658537,0.0096708215237847,5.0,12.3,211.35,53.059,90.801,14.0,0.305,9.954,19.92001152,99.7121932942878,99.9917523822512,46.7269188678981,2.562,211.35,0.2,3.1,2.5,0.0,6.32,0.99,28.46427345,28.46427345,86.4,86.4,5.752,0.650253807106599,2.529117308898245,234.36,0.03726647877927608,Healthcare Resources,3,99.17058823529412,99.18666666666668,99.3,99.3,0.0
Australia,2003,99.3,0.41787812,234.75,234.75,100.0,0.4,7.88087225,234.75,234.75,5.62231302,71.34125519,15.48101234,234.75,28.65874672,0.0,0.0,1.748,234.75,3.97,5.674,93.0,96.0,5.5,80.2390243902439,0.0095760497394588,6.0,11.8,234.75,50.706,89.052,14.0,234.75,9.949,19.14758873,99.7343585407436,99.9922507381752,47.6184186237104,2.631,234.75,2.81,0.144,2.5,0.0,5.79,0.95,0.5,0.1,84.5,84.5,5.674,0.66272040302267,2.429628107472494,238.258,0.03357134078807242,Healthcare Resources,3,99.17058823529412,99.18666666666668,99.3,99.3,0.0
Australia,2004,99.3,0.64132005,226.5167493798257,226.5167493798257,93.0,1.7,8.08708572,226.5167493798257,226.5167493798257,5.79739761,71.68710327,15.94705105,226.5167493798257,28.31289673,0.0,0.0,1.768,226.5167493798257,4.0,5.573,92.0,89.0,6.1,80.490243902439,0.0088885351026493,0.0,11.5,226.5167493798257,49.508,86.332,13.0,0.413,10.21,19.21869659,99.756343263422,99.9927490940993,48.4807001161199,2.708,226.5167493798257,100.0,1.2,2.5,0.0,5.58,0.89,0.4,0.1,79.9,79.9,5.573,0.677,2.376467525559999,227.34,0.035701932603842405,Healthcare Resources,3,99.17058823529412,99.18666666666668,99.3,99.3,0.0
Australia,2005,99.4,0.65351146,227.835,227.835,102.0,0.39,7.97029352,227.835,227.835,5.72565842,71.83748627,15.90276814,227.835,28.16251373,0.0,0.0,1.807,227.835,3.9,5.436,92.0,95.0,5.9,80.8414634146341,0.0079878408765292,3.0,11.4,227.835,47.595,85.447,12.0,0.448,9.766,19.64301491,99.7781486825672,99.9932474500233,49.3504746837897,2.78,227.835,0.74,0.024,2.5,0.0,5.67,0.97,0.3,0.1,26.0,83.0,5.436,0.7128205128205128,2.4645284217838945,230.542,0.0349827441789014,Healthcare Resources,3,99.3,99.18666666666668,99.33333333333331,99.325,0.0010070493454179
Australia,2006,99.3,0.66472423,221.3,221.3,112.0,0.049,7.97702456,221.3,221.3,5.71683931,71.66631317,15.93996811,221.3,28.33368492,0.0,0.0,1.908,221.3,3.92,5.28,92.0,99.0,6.5,81.0414634146342,0.0079339215766299,5.0,10.9,221.3,48.235,82.945,12.0,0.295,15.84,19.74941826,99.7997739521724,99.9937458059473,50.2280357734339,2.842,221.3,0.77,3.1,2.5,0.0,5.42,0.82,0.0,0.0,74.1,74.1,5.28,0.7250000000000001,2.475787571099066,232.68,0.03604620225937641,Healthcare Resources,3,99.3,99.18666666666668,99.33333333333331,99.32,-0.0010060362173038
Australia,2007,99.2,0.71600777,237.0119942425,237.0119942425,106.0,1.6,8.05496502,237.0119942425,237.0119942425,5.87256861,72.90619659,16.49022293,237.0119942425,27.09379959,0.0,0.0,1.959,237.0119942425,4.86,5.1,92.0,97.0,6.1,81.2926829268293,0.0106482515264707,7.0,10.6,237.0119942425,48.119,84.719,15.0,237.0119942425,10.2,19.00255966,99.8212541640962,99.9942441618714,51.1127958841887,3.008,237.0119942425,0.37,1.9,2.5,0.07,0.67,7.86212587,0.0,0.0,51.7,51.7,5.1,0.6189300411522634,2.3591113819635186,232.338,0.033985474219327995,Healthcare Resources,3,99.3,99.3,99.3,99.3,-0.0010070493454178
Australia,2008,99.1,0.75824261,234.3186860425,234.3186860425,101.0,0.6,8.24855137,234.3186860425,234.3186860425,5.96617031,72.32991791,15.61295509,234.3186860425,27.67008018,0.0,0.0,1.984,234.3186860425,3.82,4.901,92.0,97.0,6.5,81.3951219512195,0.0102002949534952,5.0,10.5,234.3186860425,46.643,82.004,15.0,0.67,10.3,19.04162598,99.8425551218213,99.9947425177954,52.0050439552417,3.018,234.3186860425,98.3,2.3,2.5,0.0,4.56,0.72,0.6,0.2,95.8,95.8,4.901,0.7900523560209424,2.3084812260798224,228.147,0.03520227733141139,Healthcare Resources,3,99.4,99.3,99.2,99.26,-0.0010080645161291
Australia,2009,99.1,0.70349532,231.2848183675,231.2848183675,95.0,0.75,8.54473877,231.2848183675,231.2848183675,6.23855972,73.01054382,15.88237,231.2848183675,26.98945999,0.0,0.0,1.971,231.2848183675,3.78,4.716,92.0,97.0,6.8,81.5439024390244,0.0112244003854414,2.0,10.1,231.2848183675,47.91,81.768,16.0,0.661,10.79,19.05284309,99.8636747098466,99.9952408737194,52.9050782928433,3.121,231.2848183675,3.19,0.055,2.5,0.0,2.33,0.33,0.2,0.0,86.3,86.3,4.716,0.8256613756613757,2.2297747892414503,229.178,0.03694465910176101,Healthcare Resources,3,99.3,99.3,99.13333333333333,99.22,0.0
Australia,2010,99.1,0.68444699,3.95449604319344,90.4568900838594,83.0,0.74,8.42025661,202.106732545,202.106732545,6.09266853,72.35727692,16.11460304,202.106732545,27.64272499,0.0,0.0,1.928,202.106732545,3.78,0.754843771457672,92.0,97.0,6.5,81.6951219512195,0.0113747348269522,5.0,9.9,202.106732545,45.704,78.634,16.0,0.217,10.47,19.74928665,99.8831444931569,99.9957392296434,53.812311723031,3.364,202.106732545,0.41,7.1,2.5,0.02,9.1,1.6,0.5,0.1,39.0,84.0,4.532,0.8899470899470899,2.345449499311637,223.838,0.04166242511552746,Healthcare Resources,3,99.2,99.4,99.1,99.16,0.0
Australia,2011,99.1,0.6998437,212.6013216166874,212.6013216166874,80.0,0.72,8.53744984,212.6013216166874,6.6,6.25456142,73.26029968,16.32258987,212.6013216166874,26.73970413,0.0,0.0,1.926,212.6013216166874,3.78,4.357,92.0,97.0,6.3,81.8951219512195,0.012386187982092,4.0,9.8,212.6013216166874,46.069,78.281,18.0,0.64,10.9,19.17248344,99.891961822547,99.9962375855675,54.7270312962107,3.314,212.6013216166874,0.84,0.0129,2.5,0.0,9.2,1.6,0.3,0.1,64.56,98.0,4.357,0.8767195767195768,2.2456920742505937,223.85000000000002,0.04015708733642173,Healthcare Resources,3,99.1,99.3,99.1,99.12,0.0
Australia,2012,99.2,0.706173,208.5891432775,208.5891432775,72.0,0.71,8.67456913,208.5891432775,33.0,6.17929935,71.23465729,16.18693733,208.5891432775,28.76534462,0.0,0.0,1.92,208.5891432775,3.75,4.233,92.0,98.0,6.6,82.0463414634146,0.0122260456346902,8.0,9.3,208.5891432775,44.464,75.751,18.0,208.5891432775,10.22,19.93433952,99.9007695926109,99.9967359414915,55.6495360555589,3.311,208.5891432775,0.45,2.2,2.5,0.0,9.3,1.7,0.3,0.1,49.33,51.2,4.233,0.8829333333333333,2.2980207110298285,220.715,0.041586867819192505,Healthcare Resources,3,99.1,99.2,99.13333333333333,99.12,0.0010090817356207
Australia,2013,99.0,0.69121373,237.37725,237.37725,66.0,0.77,8.75058746,237.37725,237.37725,5.92659712,67.7279892,15.40296459,237.37725,32.27200699,0.0,0.0,1.855,237.37725,3.74,4.159,91.0,98.0,6.2,82.1487804878049,0.0125087288152162,9.0,9.3,224.606,45.018,75.516,18.0,0.29,12.01,19.52692413,99.9095893912989,99.9972342974155,56.5792334362488,3.374,237.37725,0.51,0.099,2.5,0.0,9.1,1.6,0.3,0.1,65.98,99.4,4.159,0.902139037433155,2.2314986530058634,221.034,0.03686363145583665,Healthcare Resources,3,99.1,99.1,99.09999999999998,99.1,-0.0020161290322581
Australia,2014,99.8,0.64682055,205.928560445,205.928560445,65.0,0.71,9.83354282,205.928560445,47.0,6.89475489,70.11465454,17.63870811,205.928560445,29.88535118,0.0,0.0,1.826,205.928560445,3.79,4.112,92.0,98.0,6.5,82.3,0.0093739036767186,3.0,9.3,205.928560445,44.842,76.934,16.0,0.908,12.18,17.84737015,99.9614764144689,99.9977326533395,57.5210496360148,3.45,205.928560445,2.25,2.4,2.5,0.0,9.1,1.6,0.3,0.1,61.92,79.1,4.112,0.9102902374670185,1.8149481297524872,222.276,0.04775220493335295,Healthcare Resources,3,99.1,99.1,99.33333333333331,99.24,0.0080808080808081
Australia,2015,98.8,0.64115965,4.56955742794355,89.5734193050277,61.0,0.74,10.18225861,207.26762379,207.26762379,7.23228073,71.02825928,18.30729294,207.26762379,28.97174072,0.0,0.0,1.814,207.26762379,3.82,4.081,93.0,98.0,6.0,82.4,0.0091206316472042,3.0,9.3,207.26762379,45.231,78.367,16.0,207.26762379,12.26,17.20188141,99.9700009039845,99.9982310092636,58.4752230978059,3.505,207.26762379,0.93,0.11,2.5,0.0,2.47,0.4,0.3,0.1,72.58,87.0,4.081,0.9175392670157069,1.689397418477078,224.098,0.04912614147743832,Healthcare Resources,3,99.2,99.1,99.2,99.18,-0.0100200400801603
Australia,2016,98.8,0.63442624,229.75,229.75,62.0,0.73,10.09288597,229.75,229.75,7.17639828,71.10353088,18.483284,229.75,28.89646912,0.0,0.0,1.752,229.75,3.84,4.06,94.0,98.0,6.5,82.4487804878049,0.0090015082330268,0.0,9.0,197.06,44.785,76.101,16.0,229.75,12.44,16.94656563,99.9699666761373,99.9987293651876,59.4411197028295,3.577,229.75,0.5,1.3,2.5,0.0,9.4,1.6,0.2,0.1,45.11,87.0,4.06,0.9315104166666667,1.67906044716762,221.386,0.04392986276387377,Healthcare Resources,3,99.0,99.1,99.13333333333333,99.12,0.0
Australia,2017,99.4,0.66585016,235.0,235.0,58.0,0.72,10.12281322,235.0,235.0,7.21305084,71.25540161,18.54355621,235.0,28.7446022,0.0,0.0,1.741,235.0,3.6,0.803,95.0,98.0,6.7,82.5,0.0083008683074658,0.0,8.7,196.146,44.614,77.31,15.0,0.482,16.05,16.60431671,99.9699375056336,99.9992277211116,60.4192608419464,3.677,235.0,1.57,0.135,2.5,0.0,9.6,1.6,0.3,0.1,67.16,87.0,4.027,1.021388888888889,1.6402867808717703,222.424,0.04307580093617021,Healthcare Resources,3,99.8,99.2,99.0,99.16,0.0060728744939271
Australia,2018,98.7,0.66294718,209.3795,209.3795,59.0,0.72,10.05971909,209.3795,59.0,7.18990898,71.47225952,18.49000168,209.3795,28.52773666,0.0,0.0,1.74,209.3795,3.53,0.780833959579468,95.0,97.0,6.6,82.7487804878049,0.0076987200388362,40.1,8.7,194.728,43.127,74.055,14.0,1.182,16.27,16.24427223,99.9698937678204,99.9997260770357,61.4095815029197,3.747,209.3795,0.15,3.4,2.5,0.0,9.7,1.7,0.2,0.1,85.1,85.1,3.994,1.0614730878186969,1.6147838806103283,216.68200000000002,0.0480453869170573,Healthcare Resources,3,98.8,99.0,98.96666666666664,99.1,-0.0070422535211267
Australia,2019,98.8,0.64316523,4.94105432186094,89.1143536670652,57.0,0.72,10.21965981,159.00986380737052,20.3,7.53585672,73.73882294,17.10577965,159.00986380737052,26.26117706,0.0,0.0,1.657,159.00986380737052,3.47,3.939,95.0,98.0,6.8,82.9,0.0088423658161186,20.3,8.6,1.9,42.391,75.193,16.0,0.933,17.3,14.73396778,99.9698543658953,100.0,62.4117359707321,3.827,16.1,0.0,0.116,2.5,0.0,10.5,1.9,0.1,0.0,47.0,87.0,3.939,1.1028818443804034,1.4417278122685377,218.084,0.0642706028751802,Healthcare Resources,3,98.8,99.8,98.96666666666664,98.9,0.0010131712259371
Australia,2020,96.0,0.63545704,235.9845,235.9845,57.0,0.74,10.6837368,235.9845,4.8,7.87186623,73.68083191,17.05628586,235.9845,26.31917,0.0,0.0,1.581,235.9845,3.4,0.770239531993866,95.0,91.0,7.2,83.2,0.0051322958549402,4.8,182.744,182.744,41.652,73.018,9.0,0.486,16.4,14.91264343,99.9698176501115,100.0,63.4259387180091,4.102,12.6,6.05,0.083,2.5,0.0,10.9,1.8,0.1,0.1,97.7,97.7,3.873,1.2064705882352942,1.3958265454461587,208.17000000000002,0.045273044627931074,Healthcare Resources,3,99.4,98.8,97.83333333333331,98.34,-0.0283400809716598
Australia,2021,99.2,0.62429416,66.072,66.072,56.0,0.73,10.54363918,189.89374196854675,6.4,8.01731968,76.03939819,19.3241291,189.89374196854675,23.96060181,0.0,0.0,1.7,189.89374196854675,189.89374196854675,3.821,95.0,88.0,6.5,83.3,66.072,37.3,189.89374196854675,189.89374196854675,37.069,57.611,66.072,0.568,14.82,13.82497215,99.9697746715914,100.0,64.4521093451099,5.168,12.2,0.0,0.081,2.5,0.0,11.1,2.0,0.1,0.1,49.0,87.0,3.821,0.02721522018801445,1.3112144596359376,185.18,0.055523889680084385,Healthcare Resources,3,98.7,98.8,98.0,98.42,0.0333333333333334
Bangladesh,2002,85.0,0.20895284,211.35,211.35,89.0,0.4199999869,1.93417108,9.37759209,44.0,0.47014153,24.30713272,4.5399313,2.27942359,65.70114136,9.99173546,1.95171187813262,3.084,211.35,0.34,5.752,83.0,6.79559192359474,211.35,66.612,1.53971682510686,44.0,22.9,211.35,155.796,185.6,211.35,0.305,0.767,62.93533707,95.1737696316763,27.6554493983047,69.0480514749255,0.029,18.2,86.4,51.4,14.7,4.13,12.72,2.95,28.46427345,28.46427345,86.4,86.4,5.752,0.08529411764705883,32.53866099062964,362.8915919235947,0.009151507357463923,Healthcare Resources,1,36.6,33.44666666666667,85.0,85.0,0.0
Bangladesh,2003,13.9,0.10515158,234.75,234.75,34.3,0.185,1.96152198,10.3110857,234.75,0.48277113,24.61206818,4.7553134,2.5377712,65.72670746,9.66122818,0.802905930082944,3.002,234.75,0.39,5.674,87.0,6.79560206199653,221.0,66.824,1.50405577374372,234.75,22.9,234.75,150.016,189.195,234.75,234.75,0.272,63.01078033,95.3525625591624,29.231867657353,70.5465458824676,0.268,17.4,39.7,47.8,14.4,5.51,22.53,10.34,89.7,98.5,84.5,84.5,5.674,0.6871794871794872,32.12341282558557,360.4066020619965,0.008355791182108626,Healthcare Resources,1,36.6,33.44666666666667,49.45,49.45,-0.8364705882352941
Bangladesh,2004,13.2,0.17075062,226.5167493798257,226.5167493798257,93.0,0.151,1.99854314,11.10974789,226.5167493798257,0.48091501,24.06328011,4.86526632,2.67336969,65.92006683,10.01664925,1.24516697430935,2.914,226.5167493798257,0.39,5.573,99.0,6.79563065919523,221.0,67.187,1.25999285222664,40.0,22.8,226.5167493798257,148.313,187.124,226.5167493798257,0.413,0.206,63.09557724,95.5299724790634,30.7992984470831,72.0433055381976,0.277,38.7,48.7,50.5,13.8,0.49,0.82,0.18,86.5,97.0,79.9,79.9,5.573,0.7102564102564103,31.570785727447443,356.0326306591952,0.008822937577339244,Healthcare Resources,1,36.6,33.44666666666667,37.36666666666667,37.36666666666667,-0.0503597122302158
Bangladesh,2005,26.1,0.18209353,227.835,227.835,3.7,0.147,2.05873919,11.61940002,227.835,0.45040676,21.87779617,4.38883734,2.54206863,68.66895294,9.45324707,19.4901388826165,2.808,227.835,0.3,5.436,93.0,6.79558382861898,221.0,67.299,1.27461567467673,227.835,23.3,227.835,146.967,190.792,227.835,0.448,0.28,65.38332367,95.7089575160626,32.4431837647269,19.9605267494168,0.304,16.0,27.6,46.2,13.7,3.38,12.34,3.59,85.9,96.1,26.0,27.0,5.436,1.0133333333333334,31.758915353430467,358.254583828619,0.009036097131696183,Healthcare Resources,1,85.0,33.44666666666667,17.733333333333334,34.55,0.9772727272727276
Bangladesh,2006,20.1,0.24639018,221.3,221.3,5.1,0.614,2.10646582,12.37925339,221.3,0.47882023,22.7309761,4.7282033,2.81392511,69.12872314,8.1403017,30.8721890306242,2.712,221.3,0.42,5.28,94.0,4.45893884554867,221.0,67.241,1.07564958177428,221.3,23.7,221.3,148.327,194.908,221.3,0.295,0.281,65.63786316,95.8847117824058,34.0875250851519,20.1840629714846,0.313,26.6,47.7,45.1,13.2,0.77,22.0,2.7,84.2,95.5,74.1,74.1,5.28,0.7452380952380953,31.160184293899437,360.89393884554863,0.009518598373248982,Healthcare Resources,1,13.9,33.44666666666667,19.8,31.660000000000004,-0.2298850574712643
Bangladesh,2007,18.0,0.19311346,237.0119942425,237.0119942425,10.0,0.218,2.17268491,14.41430759,237.0119942425,0.48857561,22.48718262,5.07518816,3.24137164,69.45909119,8.05371952,31.2503309547879,2.626,237.0119942425,0.36,5.1,94.0,8.17178694372001,221.0,66.714,1.14801847322421,237.0119942425,23.4,237.0119942425,156.221,204.381,237.0119942425,237.0119942425,0.161,66.41323853,96.0570984545243,35.7309011894357,20.4113886455414,0.326,33.7,51.7,43.2,13.3,0.37,4.84,0.07,81.5,93.7,51.7,51.7,5.1,0.9055555555555557,30.567358490099696,382.07378694372005,0.009166982949297521,Healthcare Resources,1,13.2,85.0,21.4,18.26,-0.1044776119402985
Bangladesh,2008,24.0,0.27035642,234.3186860425,234.3186860425,33.2,0.296,2.11878848,15.99568462,234.3186860425,0.44322866,20.9189682,3.84091425,3.3461322,70.7351532,8.34587193,53.4171682274966,2.535,234.3186860425,0.38,4.901,96.0,7.72347431344839,221.0,67.051,1.12212781460757,234.3186860425,22.7,234.3186860425,150.703,203.853,234.3186860425,229.0,0.161,67.83094788,96.2259786038382,37.3719166265714,20.6421871935002,0.339,15.4,36.0,30.8,12.9,1.87,14.55,3.6,81.1,93.0,95.8,95.8,4.901,0.8921052631578947,32.01402524144363,375.1794743134484,0.009042336809688753,Healthcare Resources,1,26.1,13.9,20.7,20.28,0.3333333333333332
Bangladesh,2009,24.4,0.25321814,231.2848183675,231.2848183675,95.0,0.363,2.18321705,18.20583725,231.2848183675,0.43522108,19.93485069,4.11533833,3.62930659,70.67395782,9.39119339,21.4300126019954,2.44,231.2848183675,0.5,4.716,97.0,5.09802549942504,221.0,67.403,0.916116333099713,54.0,22.1,231.2848183675,149.51,197.76,231.2848183675,0.661,0.171,67.94347382,96.3912331775333,39.0092124920905,20.8761425262916,0.353,26.3,94.51,29.3,14.5,3.45,24.77,8.92,80.5,92.6,86.3,86.3,4.716,0.706,31.120805794366618,366.868025499425,0.009439517325045423,Healthcare Resources,1,20.1,13.2,22.133333333333336,22.520000000000003,0.0166666666666666
Bangladesh,2010,26.5,0.26517209,32.9783972251383,59.4311989454775,49.1,0.578,2.28807664,21.15062714,202.106732545,0.47062662,20.56865692,4.43941641,4.35039989,70.44635773,8.98498154,33.4849008073112,2.34,202.106732545,0.55,0.474434584379196,94.0,4.33381350638823,202.106732545,68.638,0.818774584262549,202.106732545,21.5,202.106732545,133.139,184.205,202.106732545,202.106732545,0.182,67.95515442,96.5528253694261,40.6418673210665,24.4200511170471,0.362,29.6,52.8,22.7,15.2,3.11,14.22,4.52,79.3,92.2,0.67,37.0,4.532,0.6581818181818181,29.699684543783466,336.87781350638824,0.011321130232465408,Healthcare Resources,1,18.0,26.1,24.96666666666667,22.6,0.0860655737704918
Bangladesh,2011,31.7,0.24826254,212.6013216166874,212.6013216166874,0.6,0.393,2.36418128,23.28593445,10.5,0.4823136,20.40087318,4.18159103,4.75053385,70.99597931,8.60315228,29.5036940055998,2.262,212.6013216166874,0.55,4.357,96.0,3.91839058370565,212.6013216166874,68.809,0.820321966112963,212.6013216166874,20.2,212.6013216166874,132.536,184.447,212.6013216166874,162.0,0.192,68.17604828,96.710597256145,42.268339101128,27.9398974348485,0.382,38.3,54.6,41.3,16.1,0.84,1.88,0.2,76.6,90.6,12.04,98.0,4.357,0.6945454545454545,28.83706459261026,337.00139058370564,0.011120256741689191,Healthcare Resources,1,24.0,20.1,27.53333333333333,24.92,0.1962264150943395
Bangladesh,2012,39.9,0.18167762,208.5891432775,208.5891432775,2.5,0.476,2.3537879,23.89686203,33.0,0.46968287,19.95433998,4.01620436,4.76846127,70.92236328,9.1232996,21.3142821019467,2.209,208.5891432775,0.63,4.233,94.0,2.15821645358334,208.5891432775,69.554,0.565712877425469,33.0,19.4,208.5891432775,118.525,182.932,208.5891432775,208.5891432775,0.205,68.27939606,96.864384577712,43.8868927179976,31.4338413674952,0.397,58.5,51.2,41.2,15.9,1.58,9.43,1.83,74.9,89.3,85.45,51.2,4.233,0.6301587301587301,29.00830446957434,319.5152164535833,0.011284326034498351,Healthcare Resources,1,24.4,18.0,32.7,29.3,0.2586750788643532
Bangladesh,2013,36.5,0.15885867,237.37725,237.37725,32.7,0.77,2.29574466,27.40725899,237.37725,0.4372614,19.04660416,3.61745524,5.22015237,71.94525146,9.00814438,28.994202746122,2.184,237.37725,0.59,4.159,96.0,1.9032681464696,221.0,69.565,0.523336125321658,237.37725,19.0,224.606,112.607,193.102,237.37725,192.0,0.208,69.62185669,97.0140618269523,45.4961634604437,34.9006341871541,0.418,4.8,58.7,42.0,15.6,4.4,14.63,2.01,73.9,87.9,2.93,99.4,4.159,0.7084745762711865,30.326480946709466,323.21226814646957,0.00967129183609634,Healthcare Resources,1,26.5,24.0,36.03333333333333,31.8,-0.0852130325814536
Bangladesh,2014,42.1,0.13653828,205.928560445,205.928560445,5.0,0.71,2.27915168,30.29579544,47.0,0.4220427,18.51753426,3.59245324,5.61003404,73.13734436,8.34512901,34.3493967841629,2.152,205.928560445,0.6,4.112,97.0,3.94300591224804,205.928560445,69.986,0.523940494156861,47.0,18.8,205.928560445,114.615,183.411,205.928560445,205.928560445,0.254,70.75862885,97.1596636760135,47.0955366737352,38.3409029084751,0.484,11.3,63.9,36.2,14.9,0.28,9.82,2.07,73.4,87.0,3.02,79.1,4.112,0.8066666666666666,31.046037642391575,316.86900591224804,0.011067681311785416,Healthcare Resources,1,31.7,24.4,39.5,35.34,0.1534246575342466
Bangladesh,2015,50.5,0.15371795,28.8076630750759,63.7038514843619,11.8,0.0,2.27217698,33.53680038,207.26762379,0.38844827,17.09586334,3.37688875,5.73340587,75.12078094,7.78335238,48.5921151844655,2.114,207.26762379,0.77,4.081,98.0,2.67370121662283,207.26762379,70.491,0.506461434215998,38.0,18.6,207.26762379,112.617,176.354,207.26762379,207.26762379,0.272,72.67826843,97.3011010904708,48.6838158473245,41.753598188802,0.481,23.5,58.6,32.7,14.9,0.86,2.12,0.27,72.3,85.2,5.88,45.0,4.081,0.6246753246753246,31.9861828852786,306.54470121662285,0.010962527279717022,Healthcare Resources,1,39.9,26.5,43.03333333333334,40.14,0.1995249406175772
Bangladesh,2016,49.8,0.06978054,229.75,229.75,7.7,0.581,2.38938212,39.55920792,229.75,0.4755646,19.90324593,4.09935808,7.87356598,73.93395233,6.1627984,35.4523075959581,2.097,229.75,0.8,4.06,98.0,1.83629233987756,221.0,71.09,0.469920739697974,229.75,18.5,197.06,107.952,169.798,229.75,229.75,0.261,71.49494171,97.4383909094007,50.2602922140672,45.1391016623656,0.492,54.5,62.4,38.3,14.4,3.74,24.42,8.45,70.3,84.3,0.54,87.0,4.06,0.615,29.92193718684059,293.98629233987754,0.010399922176278564,Healthcare Resources,1,36.5,31.7,47.46666666666667,43.76,-0.0138613861386138
Bangladesh,2017,67.8,0.02475028,235.0,235.0,1.1,0.72,2.36720181,42.27734375,235.0,0.50250494,21.22780418,4.10705233,8.9745517,72.72188568,6.05031443,30.1926773094247,2.043,235.0,0.85,0.479,98.0,1.91155626981395,221.0,71.788,0.439874631028783,215.0,18.8,196.146,103.032,161.494,235.0,235.0,0.312,70.08963776,97.5714932946819,51.8240359497362,48.4969593153711,0.536,7.9,70.2,21.9,13.7,1.57,9.57,2.54,66.1,82.0,142.4,48.0,4.027,0.6305882352941177,29.608644883555577,280.13755626981396,0.010073199191489362,Healthcare Resources,1,42.1,39.9,56.03333333333334,49.34,0.3614457831325302
Bangladesh,2018,52.7,0.3672294,209.3795,209.3795,43.5,0.72,2.31622243,44.74491119,59.0,0.48568422,20.96880913,3.75035429,9.3824752,73.20014191,5.8310504,29.6870446105519,2.04,209.3795,0.88,0.458553284406662,98.0,0.702767339850168,209.3795,72.567,0.413138460832807,59.0,18.9,194.728,100.365,149.093,209.3795,1.182,0.391,70.67902374,97.700411546896,53.374264785747,51.8270206745033,0.573,40.1,81.9,30.9,12.8,0.15,3.48,0.57,61.6,77.9,2.91,85.1,3.994,0.6511363636363636,30.514782528895555,262.9607673398501,0.011062317132288498,Healthcare Resources,1,50.5,36.5,56.76666666666667,52.58,-0.2227138643067846
Bangladesh,2019,59.0,0.31406656,22.6128372233556,70.2556717831391,57.0,0.72,2.25762248,47.66782379,20.3,0.44679779,19.79063225,3.29686975,9.43376367,74.64625549,5.56311464,26.1819037121789,2.031,159.00986380737052,0.88,3.939,98.0,1.18860442188651,159.00986380737052,72.806,0.377718035968747,20.3,18.9,18.2,94.56,153.103,159.00986380737052,0.933,0.386,72.05020905,97.8251365713411,54.9102399606066,55.1293324449055,0.627,5.7,75.2,28.0,11.9,0.0,8.2,0.9,60.5,75.9,47.0,50.0,3.939,0.7125,31.914197208915105,260.7516044218865,0.01419800272727077,Healthcare Resources,1,49.8,42.1,59.833333333333336,55.96,0.1195445920303603
Bangladesh,2020,61.8,0.41934216,235.9845,235.9845,57.0,0.74,2.27063942,50.66413116,4.8,0.40977541,18.04669762,3.07911539,9.14320207,76.54676056,5.40653753,31.0469960505885,2.003,235.9845,0.34,0.46403643488884,98.0,0.418167756821788,221.0,71.968,0.254152396842147,4.8,182.744,182.744,116.992,156.333,235.9845,0.486,0.481,74.00198364,97.945676020447,56.4312334257288,58.4039524419607,0.656,4.8,95.0,31.5,12.1,6.05,26.08,8.03,61.1,75.0,97.7,97.7,3.873,1.9294117647058824,32.59081252099464,285.8431677568218,0.009621985427008978,Healthcare Resources,1,67.8,50.5,57.833333333333336,58.220000000000006,0.0474576271186439
Bangladesh,2021,96.1,0.53925675,66.072,66.072,25.2,0.73,2.36492991,57.93856812,14.2,0.39927667,16.88323593,3.07911539,9.7819054,75.47958374,7.63718414,48.1305315283943,1.981,189.89374196854675,0.36,3.821,98.0,0.491683783004288,189.89374196854675,72.381,66.072,37.3,189.89374196854675,189.89374196854675,121.34,163.031,66.072,189.89374196854675,0.613,72.9874649,98.0330197120009,57.9366246208439,61.6507298351674,0.67,37.3,97.0,26.7,11.8,0.0,1.97,0.35,56.8,71.2,49.0,52.0,3.821,1.8611111111111114,30.86242200725518,296.66268378300435,0.01245396444076455,Healthcare Resources,1,52.7,49.8,72.3,67.47999999999999,0.5550161812297734
Brazil,2002,98.5,0.71736205,211.35,211.35,89.0,0.4199999869,8.69686985,211.35,44.0,3.6863513,42.38710403,9.53710842,104.12898358,57.29716492,0.31573328,0.0,2.103,211.35,2.56,5.752,99.0,11.1145178284973,52.0,70.41,0.1735152299532,72.0,20.5,211.35,115.572,211.35,211.35,0.305,3.359,36.40619659,94.1424897502086,74.9279834778336,46.7269188678981,3.213,211.35,0.2,3.1,9.0,0.1,3.0,0.5,28.46427345,28.46427345,86.4,86.4,5.752,1.255078125,4.186126413056532,347.0365178284973,0.041149135793707124,Healthcare Resources,2,98.52941176470588,98.5,98.5,98.5,0.0
Brazil,2003,98.4,0.53237838,234.75,234.75,100.0,0.4,8.18899441,234.75,234.75,3.50954437,42.85684204,8.61266232,107.27451141,56.94624329,0.1969112,0.0,2.023,234.75,2.4,5.674,99.0,12.5601291458486,53.0,70.72,0.141531785148254,77.0,20.1,234.75,114.059,224.274,234.75,234.75,3.643,35.47386169,94.4635263894455,75.8126402714995,47.6184186237104,3.283,18.9,96.8,2.5,7.6,0.0,3.3,0.6,25.9,27.5,84.5,84.5,5.674,1.3679166666666667,4.331894725276776,358.49312914584857,0.034883895250266236,Healthcare Resources,2,98.52941176470588,98.5,98.45,98.45,-0.0010152284263958
Brazil,2004,98.6,0.63670027,226.5167493798257,226.5167493798257,93.0,0.326,8.12491989,226.5167493798257,226.5167493798257,3.46692538,42.67027283,9.15159702,125.61439056,56.79905319,0.53066915,0.0,2.002,226.5167493798257,3.01,5.573,99.0,13.7802303154187,54.0,71.131,0.143590487408063,74.0,20.0,226.5167493798257,109.656,221.774,226.5167493798257,0.413,3.714,35.3658371,94.7773576406478,76.6915371557584,48.4807001161199,3.37,19.2,97.2,1.2,6.6,0.0,3.2,0.5,25.6,27.2,79.9,79.9,5.573,1.1196013289036546,4.352761329195087,351.81023031541866,0.035868958530638484,Healthcare Resources,2,98.52941176470588,98.5,98.5,98.5,0.0020325203252031
Brazil,2005,98.6,0.7050637,227.835,227.835,102.0,0.321,8.03539562,227.835,227.835,3.34525228,41.63145828,8.44161892,159.67783843,58.30109787,0.06743981,0.507414612934567,1.974,227.835,2.5,5.436,99.0,17.3596646210981,50.0,71.753,0.144131963347407,78.0,19.0,227.835,105.294,212.949,227.835,0.448,11.18,35.87643814,95.0841359766136,77.5647914194703,49.3504746837897,3.447,19.3,97.4,0.024,6.2,0.0,2.03,0.34,25.4,26.8,26.0,73.0,5.436,1.3788,4.464800469898955,341.8026646210981,0.035268486492417754,Healthcare Resources,2,98.5,98.5,98.53333333333336,98.525,0.0
Brazil,2006,97.0,0.74211955,221.3,221.3,112.0,0.332,8.24952507,221.3,221.3,3.54130626,42.92739105,9.06236839,207.73388677,56.96648026,0.10612676,2.39241950289049,1.927,221.3,2.45,5.28,99.0,15.2406436434766,46.0,72.037,0.147005945845437,71.0,18.7,221.3,103.048,210.546,221.3,0.295,11.33,34.37126541,95.3841881864926,78.4329110515648,50.2280357734339,3.534,19.5,97.8,3.1,5.9,0.0,9.11,1.03,23.6,25.6,74.1,74.1,5.28,1.4424489795918365,4.166453840475449,334.7346436434766,0.03727756470854044,Healthcare Resources,2,98.4,98.5,98.06666666666666,98.22,-0.0162271805273832
Brazil,2007,98.6,0.78216702,237.0119942425,237.0119942425,106.0,0.347,8.20182991,237.0119942425,237.0119942425,3.48462701,42.48596954,9.2810812,237.0119942425,57.43232346,0.08170771,4.16872838685114,1.881,237.0119942425,2.47,5.1,99.0,13.8017155393292,46.0,72.365,0.148520679666464,79.0,18.4,237.0119942425,101.099,206.0,237.0119942425,237.0119942425,11.46,33.09412003,95.6776268688402,79.2959780376904,51.1127958841887,3.62,13.5,96.7,7.0,5.4,0.0,10.36,0.49,21.0,23.5,51.7,51.7,5.1,1.4655870445344128,4.034967853899325,326.30071553932925,0.03460512593977948,Healthcare Resources,2,98.6,98.5,98.06666666666666,98.24,0.0164948453608246
Brazil,2008,98.8,0.84121084,234.3186860425,234.3186860425,101.0,0.362,8.01128483,234.3186860425,234.3186860425,3.50441861,43.74353027,9.26833534,234.3186860425,56.20293045,0.05353876,4.13816885160496,1.842,234.3186860425,2.57,4.901,99.0,8.58278482980368,46.0,72.715,0.145433814730958,78.0,18.4,234.3186860425,98.587,201.022,234.3186860425,0.67,11.5,30.88409233,95.9645639704386,80.154078978513,52.0050439552417,3.679,14.4,98.3,2.3,4.9,0.88,15.07,2.09,18.1,21.3,95.8,95.8,4.901,1.4315175097276265,3.855073560029697,313.0917848298037,0.034189696798431764,Healthcare Resources,2,98.6,98.4,98.13333333333333,98.32,0.0020283975659229
Brazil,2009,98.9,0.82504284,231.2848183675,231.2848183675,95.0,0.377,8.39480495,231.2848183675,231.2848183675,3.70742011,44.16326523,10.01319695,231.2848183675,55.68764496,0.14908519,2.45233860571548,1.825,231.2848183675,2.55,4.716,99.0,8.32824664624968,45.0,72.948,0.140221416198931,72.0,18.0,231.2848183675,96.702,197.694,231.2848183675,0.661,11.53,31.21031952,96.2447988312122,81.0065268837533,52.9050782928433,3.75,14.8,98.2,0.055,4.1,0.0,9.05,0.42,17.4,20.4,86.3,86.3,4.716,1.4705882352941178,3.717813541337849,306.82424664624966,0.03629639424348672,Healthcare Resources,2,97.0,98.6,98.76666666666668,98.38,0.001012145748988
Brazil,2010,98.9,0.30873579,13.824082750291,73.0184281962182,83.0,0.74,7.94516611,202.106732545,202.106732545,3.57701325,45.02125168,9.0462265,202.106732545,54.73280716,0.24594215,0.886854256159734,1.81,202.106732545,2.55,0.532952487468719,99.0,9.78490637098198,44.0,73.182,0.131890279498623,69.0,17.7,202.106732545,94.087,195.948,202.106732545,202.106732545,11.61,29.38520432,96.5187999853069,81.854207204088,53.812311723031,3.807,15.4,0.41,7.1,3.5,0.0,9.29,1.08,18.7,22.4,39.0,76.0,4.532,1.4929411764705882,3.69850093920818,303.319906370982,0.03931173400287876,Healthcare Resources,2,98.6,98.6,98.86666666666667,98.44,0.0
Brazil,2011,99.0,0.26323113,212.6013216166874,212.6013216166874,80.0,0.72,7.78819132,212.6013216166874,10.1,3.46567941,44.49915695,8.97184467,212.6013216166874,55.16175842,0.33908296,3.51550711142066,1.8,212.6013216166874,2.51,4.357,99.0,7.05972156474454,44.0,73.343,0.127970135912914,66.0,17.6,212.6013216166874,93.534,193.011,212.6013216166874,0.64,11.62,29.29958534,96.7879749994184,82.7005761863484,54.7270312962107,1.843,15.2,0.84,1.3,3.0,0.0,9.19,0.5,14.9,18.4,64.56,98.0,4.357,0.7342629482071714,3.7620525916921106,296.6047215647446,0.03663284527479012,Healthcare Resources,2,98.8,97.0,98.93333333333334,98.84,0.0010111223458038
Brazil,2012,99.0,0.30566424,208.5891432775,208.5891432775,72.0,0.71,7.73637724,208.5891432775,33.0,3.35463309,43.36180878,8.69835663,208.5891432775,56.51361847,0.12457065,15.8339433913501,1.767,208.5891432775,2.47,4.233,95.0,6.35772829360908,44.0,73.552,0.0979778557016148,60.0,17.1,208.5891432775,91.547,190.624,208.5891432775,208.5891432775,11.64,29.68202972,97.0509780439356,83.5422241377624,55.6495360555589,3.954,16.0,0.45,2.2,2.8,0.0,9.39,0.64,14.9,18.2,85.45,51.2,4.233,1.6008097165991901,3.8366833466357697,291.32872829360906,0.037089069538522354,Healthcare Resources,2,98.9,98.6,98.96666666666668,98.92,0.0
Brazil,2013,98.0,0.28242829,237.37725,237.37725,66.0,0.77,7.9766016,237.37725,237.37725,3.55113959,44.51945496,9.20397091,237.37725,55.41260147,0.06794302,92.6691405333778,1.748,237.37725,2.45,4.159,97.0,4.82738294568896,44.0,73.918,0.104917058138524,58.0,16.8,224.606,89.138,184.185,237.37725,0.29,7.538,28.17706871,97.3076718816465,84.3785142207398,56.5792334362488,1.876,15.6,0.51,0.099,2.6,0.0,7.5,0.58,13.3,17.1,31.93,99.4,4.159,0.7657142857142856,3.5324653433863364,280.75038294568895,0.03360305842282696,Healthcare Resources,2,98.9,98.8,98.66666666666669,98.76,-0.01010101010101
Brazil,2014,98.4,0.37300876,205.928560445,205.928560445,65.0,0.71,8.39644146,205.928560445,47.0,3.69886327,44.05274582,9.32368946,205.928560445,55.80924988,0.13800363,86.7416768211133,1.767,205.928560445,2.44,4.112,93.0,3.54941423612453,43.0,74.306,0.107426480734124,61.0,16.3,205.928560445,86.15,177.824,205.928560445,205.928560445,8.758,28.18024635,97.5585811855157,85.2106414441147,57.5210496360148,4.089,16.3,2.25,1.6,2.5,0.0,8.7,0.4,13.1,16.8,114.03,79.1,4.112,1.6758196721311478,3.3562130438529847,270.02341423612455,0.04077356458888347,Healthcare Resources,2,99.0,98.9,98.46666666666664,98.66,0.0040816326530612
Brazil,2015,98.2,0.2895411,14.176204494403,73.369855341327,61.0,0.74,8.90929985,207.26762379,207.26762379,3.85384846,43.25646591,8.93705845,207.26762379,56.66341019,0.08012588,93.9465110935506,1.777,207.26762379,2.35,4.081,96.0,3.95141252752549,43.0,74.332,0.107288235645875,64.0,16.2,207.26762379,84.634,178.498,207.26762379,207.26762379,9.076,24.70735931,97.8035647892997,86.0379594237602,58.4752230978059,4.155,16.2,97.2,0.11,2.5,0.0,7.95,0.29,11.8,16.8,113.11,82.0,4.081,1.7680851063829788,2.773209985743156,269.58341252752547,0.042984522556338806,Healthcare Resources,2,99.0,98.9,98.2,98.52,-0.0020325203252032
Brazil,2016,98.6,0.31721717,229.75,229.75,62.0,0.73,9.16901493,229.75,229.75,3.94843698,43.06282425,8.90739632,229.75,56.86286163,0.07430713,51.6998954602337,1.709,229.75,2.32,4.06,89.0,3.14394274500717,43.0,74.442,0.108284149096249,63.0,16.3,197.06,81.943,178.499,229.75,229.75,9.32,24.42057228,97.955839734312,86.8602432937162,59.4411197028295,4.221,15.8,0.5,1.3,2.5,0.0,7.15,0.26,13.4,18.9,34.74,87.0,4.06,1.8193965517241382,2.663380141316882,266.0859427450072,0.03990866128400435,Healthcare Resources,2,98.0,99.0,98.4,98.44,0.0040733197556006
Brazil,2017,98.7,0.25351468,235.0,235.0,58.0,0.72,9.47124863,235.0,235.0,3.95314622,41.73838425,9.25983047,235.0,58.19537735,0.06623575,88.9918902070208,1.736,235.0,2.3,0.56,83.0,5.2192590619221,44.0,74.827,0.10313340170779,62.0,15.8,196.146,80.037,170.492,235.0,235.0,9.706,24.46793365,98.4509560322469,87.6779592819379,60.4192608419464,2.158,16.4,1.57,2.3,2.5,0.19,11.81,1.88,13.3,18.7,142.4,82.0,4.027,0.9382608695652175,2.5833904911437213,258.2482590619221,0.04030318565957447,Healthcare Resources,2,98.4,99.0,98.5,98.38,0.0010141987829614
Brazil,2018,98.8,0.33637446,209.3795,209.3795,59.0,0.72,9.46475029,209.3795,59.0,3.88923812,41.09182358,9.185112,209.3795,58.82274628,0.08543605,95.4125266920504,1.749,209.3795,2.26,0.545723736286163,87.0,5.12877211317562,46.0,75.109,0.102293325265637,59.0,15.7,194.728,77.695,165.432,209.3795,1.182,10.09,24.82529449,98.6794937002595,88.4905439034498,61.4095815029197,4.327,17.1,0.15,3.4,2.5,0.0,2.27,0.37,13.7,19.0,55.47,85.1,3.994,1.9146017699115045,2.62292123187119,250.7557721131756,0.0452038059599913,Healthcare Resources,2,98.2,98.0,98.7,98.54,0.0010131712259371
Brazil,2019,98.4,0.292492,13.7086408761723,74.7376983511031,57.0,0.72,9.61449146,159.00986380737052,20.3,3.91701889,40.74077988,9.23523808,159.00986380737052,59.11333466,0.14588514,92.4814536640776,1.703,159.00986380737052,2.24,3.939,70.0,4.15543161082998,46.0,75.338,0.105028535147813,20.3,15.5,6.6,75.626,159.00986380737052,159.00986380737052,0.933,7.375,24.87984657,98.9355439518362,89.298795927984,62.4117359707321,2.303,16.1,0.0,8.0,2.5,0.0,2.22,0.46,13.2,18.3,47.0,81.0,3.939,1.028125,2.587744414097176,241.29129541820052,0.06046474872557147,Healthcare Resources,2,98.6,98.4,98.63333333333333,98.54,-0.0040485829959513
Brazil,2020,98.4,0.20817091,235.9845,235.9845,57.0,0.74,10.18235016,235.9845,4.8,4.52904463,44.47936249,9.63601589,235.9845,55.37608719,0.14454988,58.3042916681682,1.649,235.9845,2.43,0.551497936248779,77.0,3.86130878850313,45.0,74.009,0.124426033802352,4.8,182.744,182.744,95.452,189.684,235.9845,0.486,6.56,22.77106476,99.3208587959277,90.0784764801568,63.4259387180091,7.062,15.7,6.05,0.9,3.4,0.0,2.36,0.56,8.3,13.9,97.7,97.7,3.873,2.906172839506173,2.2363270170626306,292.39730878850315,0.04314838542361893,Healthcare Resources,2,98.7,98.2,98.53333333333336,98.58,0.0
Brazil,2021,99.2,0.47270992,66.072,66.072,56.0,0.73,9.89072323,189.89374196854675,8.8,4.50447893,45.5424614,10.94026566,189.89374196854675,54.32703018,0.13051093,81.4545925391284,1.641,189.89374196854675,2.46,3.821,68.0,3.72380182017546,48.0,72.75,66.072,37.3,189.89374196854675,189.89374196854675,121.238,189.89374196854675,66.072,189.89374196854675,5.513,22.65208626,99.5894010970371,90.8109852394536,64.4521093451099,2.142,16.0,0.0,0.081,4.2,0.0,11.1,2.0,13.1,18.3,49.0,80.0,3.821,0.8707317073170732,2.290235580679574,319.0555437887222,0.052085567051694946,Healthcare Resources,2,98.8,98.6,98.66666666666669,98.7,0.0081300813008129
Canada,2002,99.3,0.41326061,211.35,211.35,89.0,0.4199999869,8.85670471,211.35,44.0,6.41561842,72.43798828,15.88256645,211.35,27.56201363,0.0,0.0,1.52,211.35,3.65,5.752,88.0,0.543103193229414,6.1,79.5307317073171,0.0144171816502786,4.0,13.8,211.35,59.492,96.835,34.0,0.305,9.4707,15.9083395,99.2325718904839,99.8693423385411,46.7269188678981,1.8969,211.35,0.2,3.1,2.5,0.1,3.0,0.5,28.46427345,28.46427345,86.4,86.4,5.752,0.5196986301369864,1.7961917011908597,159.37010319322943,0.04190539252424888,Healthcare Resources,3,98.5058823529412,98.58,99.3,99.3,0.0
Canada,2003,98.9,0.44643751,234.75,234.75,100.0,0.4,9.01090145,234.75,234.75,6.59055662,73.13981628,16.36354446,234.75,26.86018372,0.0,0.0,1.55,234.75,3.5,5.674,91.0,0.351886136737964,5.9,79.7151219512195,0.0147169055326191,7.0,13.5,234.75,58.315,96.936,35.0,234.75,3.596,15.2514801,99.2336503304193,99.8698578955467,47.6184186237104,1.579,234.75,2.81,2.5,2.5,0.0,3.3,0.6,0.5,0.1,84.5,84.5,5.674,0.4511428571428571,1.6925587506009179,158.10288613673796,0.03838509669861555,Healthcare Resources,3,98.5058823529412,98.58,99.1,99.1,-0.0040281973816715
Canada,2004,99.0,0.41250724,226.5167493798257,226.5167493798257,93.0,0.326,9.06628132,226.5167493798257,226.5167493798257,6.62400055,73.06193542,16.9260788,226.5167493798257,26.93806267,0.0,0.0,1.56,226.5167493798257,3.44,5.573,91.0,0.258612251935027,5.5,79.9921951219512,0.0148129263129566,6.0,13.1,226.5167493798257,57.049,94.71,35.0,0.413,9.9067,15.28786945,99.2347121695379,99.870363930459,48.4807001161199,1.8971,226.5167493798257,100.0,1.2,2.5,0.0,3.2,0.5,0.4,0.1,79.9,79.9,5.573,0.5514825581395348,1.686233739104844,154.51761225193502,0.04002477231737756,Healthcare Resources,3,98.5058823529412,98.58,99.06666666666666,99.06666666666666,0.0010111223458038
Canada,2005,98.8,0.4640432,227.835,227.835,102.0,0.321,9.03540611,227.835,227.835,6.59905815,73.03554535,17.13103867,227.835,26.96445656,0.0,0.0,1.58,227.835,3.1,5.436,93.0,0.4083799932583,5.5,80.1126829268293,0.0157410929861889,8.0,12.7,227.835,57.113,94.342,38.0,0.448,9.9467,15.36829376,99.2346442640093,99.8639633593088,49.3504746837897,1.636,227.835,0.74,0.024,2.5,0.0,3.7,0.4,0.4,0.1,26.0,79.0,5.436,0.5277419354838709,1.7008968465724004,154.3633799932583,0.03965767379902122,Healthcare Resources,3,99.3,98.58,98.9,99.0,-0.002020202020202
Canada,2006,100.0,0.48383656,221.3,221.3,112.0,0.332,9.34210205,221.3,221.3,6.4866991,69.435112,16.77815819,221.3,30.564888,0.0,0.0,1.63,221.3,3.02,5.28,95.0,0.609789817253335,5.4,80.5436585365854,0.0152443597554359,7.0,12.3,221.3,55.878,91.811,38.0,0.295,10.0236,15.87158966,99.2346171625691,99.8430141586711,50.2280357734339,1.9086,221.3,0.77,3.1,2.5,0.1,4.0,0.7,0.5,0.1,74.1,74.1,5.28,0.6319867549668874,1.6989313085056699,150.79878981725335,0.04221465002259376,Healthcare Resources,3,98.9,98.58,99.26666666666668,99.2,0.0121457489878542
Canada,2007,98.8,0.61307919,237.0119942425,237.0119942425,106.0,0.347,9.44540119,237.0119942425,237.0119942425,6.57310772,69.59056091,17.06455421,237.0119942425,30.40943527,0.0,0.0,1.67,237.0119942425,2.97,5.1,94.0,0.65976544701405,5.3,80.5436585365854,0.0146738817017305,7.0,12.2,237.0119942425,55.476,91.755,38.0,237.0119942425,10.1208,15.59448147,99.2354956393385,99.7607594665167,51.1127958841887,1.752,237.0119942425,100.0,1.9,2.5,0.1,4.0,0.6,0.4,0.1,51.7,51.7,5.1,0.5898989898989898,1.6510131392311986,150.39076544701405,0.03985199660543715,Healthcare Resources,3,99.0,99.3,99.2,99.1,-0.012
Canada,2008,98.7,0.47915494,234.3186860425,234.3186860425,101.0,0.362,9.60754967,234.3186860425,234.3186860425,6.70162201,69.75370789,17.28317642,234.3186860425,30.24629021,0.0,0.0,1.7,234.3186860425,2.85,4.901,92.0,0.313763410581708,5.4,80.7246341463415,0.022188702950093,9.0,11.9,234.3186860425,55.899,89.926,48.0,0.67,10.289,15.48428726,99.2360771293293,99.6782744503742,52.0050439552417,1.959,234.3186860425,98.3,2.3,2.5,0.0,4.3,0.6,0.4,0.1,95.8,95.8,4.901,0.6873684210526316,1.6116791265051043,148.6387634105817,0.041002063609461396,Healthcare Resources,3,98.8,98.9,99.16666666666669,99.06,-0.0010121457489877
Canada,2009,98.6,0.54793304,231.2848183675,231.2848183675,95.0,0.377,10.66225815,231.2848183675,231.2848183675,7.48480892,70.19909668,17.23786163,231.2848183675,29.80090141,0.0,0.0,1.69,231.2848183675,2.81,4.716,91.0,0.264027489436695,5.3,81.0660975609756,0.0219102956009014,8.0,11.5,231.2848183675,54.782,87.755,47.0,0.661,10.3743,15.22482872,99.2363564521171,99.5955579339671,52.9050782928433,1.949,231.2848183675,3.19,0.055,2.5,0.1,4.4,0.5,0.4,0.1,86.3,86.3,4.716,0.6935943060498221,1.4279178487157527,145.30102748943668,0.046100121163414214,Healthcare Resources,3,100.0,99.0,98.7,98.98,-0.0010131712259372
Canada,2010,98.5,0.58610934,5.21486099636725,88.7360795967705,83.0,0.74,10.67611408,202.106732545,202.106732545,7.46070719,69.88223267,17.32469749,202.106732545,30.11776161,0.0,0.0,1.65,202.106732545,2.79,0.774103760719299,89.0,0.370802642854133,4.6,81.3221951219512,0.0207495390816671,6.0,11.1,202.106732545,52.66,85.399,45.0,0.217,9.3233,15.64700031,99.2363491901291,99.5126201247374,53.812311723031,2.0384,202.106732545,0.41,7.1,2.5,0.02,12.7,1.74,0.3,0.1,39.0,83.0,4.532,0.7306093189964158,1.465608197210272,140.92980264285413,0.05282413873878701,Healthcare Resources,3,98.8,98.8,98.59999999999998,98.92,-0.0010141987829613
Canada,2011,98.4,0.55770832,212.6013216166874,212.6013216166874,80.0,0.72,10.37950897,212.6013216166874,8.4,7.28938246,70.22858429,17.53298759,212.6013216166874,29.77141762,0.0,0.0,1.63,212.6013216166874,2.8,4.357,87.0,0.146721671313821,4.8,81.4826829268293,0.0206145025346647,4.0,10.8,212.6013216166874,52.671,82.916,44.0,0.64,9.2368,15.1972847,99.2358946686257,99.4293799049063,54.7270312962107,2.062,212.6013216166874,0.84,1.3,2.5,0.0,12.28,1.72,0.2,0.0,64.56,98.0,4.357,0.7364285714285714,1.464162201114221,138.23372167131382,0.04882146964595961,Healthcare Resources,3,98.7,100.0,98.5,98.6,-0.0010152284263958
Canada,2012,98.1,0.55659932,208.5891432775,208.5891432775,72.0,0.71,10.50971508,208.5891432775,33.0,7.40939951,70.50048065,18.10433197,208.5891432775,29.49952698,0.0,0.0,1.63,208.5891432775,2.79,4.233,91.0,0.113401136083666,5.4,81.6636585365854,0.0205502758447799,5.0,10.7,208.5891432775,52.44,82.45,45.0,208.5891432775,9.3473,15.03200054,99.2343230962045,99.3455538928115,55.6495360555589,2.3962,208.5891432775,0.45,2.2,2.5,0.0,12.34,1.57,0.3,0.1,49.33,51.2,4.233,0.8588530465949821,1.4302957240587726,137.50340113608365,0.050384765548503296,Healthcare Resources,3,98.6,98.8,98.33333333333331,98.46,-0.0030487804878049
Canada,2013,98.0,0.48322913,237.37725,237.37725,66.0,0.77,10.41174984,237.37725,237.37725,7.38289499,70.90926361,18.47538948,237.37725,29.0907383,0.0,0.0,1.61,237.37725,2.72,4.159,91.0,0.109214043842452,5.3,81.7448780487805,0.0199513839655113,6.0,10.5,224.606,50.975,81.208,43.0,0.29,9.542,14.5929203,99.2326886789969,99.2616789369925,56.5792334362488,2.4509,237.37725,0.51,0.099,2.5,0.0,12.31,1.71,0.3,0.1,36.27,99.4,4.159,0.9010661764705881,1.401581916993119,134.79221404384245,0.04386161622480672,Healthcare Resources,3,98.5,98.7,98.16666666666669,98.32,-0.0010193679918449
Canada,2014,97.9,0.43591252,205.928560445,205.928560445,65.0,0.71,10.25765324,205.928560445,47.0,7.25708961,70.74804688,18.91319847,205.928560445,29.25195313,0.0,0.0,1.61,205.928560445,2.68,4.112,91.0,0.157386291230193,5.1,81.7843902439025,0.0202987281162972,5.0,10.4,205.928560445,51.4,81.436,44.0,0.908,9.819,14.74378586,99.230983411354,99.177750681856,57.5210496360148,2.4961,205.928560445,2.25,1.6,2.5,0.0,3.5,0.8,0.2,0.1,49.63,79.1,4.112,0.9313805970149254,1.437344928224538,135.4933862912302,0.049811707603033745,Healthcare Resources,3,98.4,98.6,98.0,98.18,-0.0010204081632652
Canada,2015,97.9,0.45552984,5.58540227423586,88.6363987933695,61.0,0.74,10.73869705,207.26762379,207.26762379,7.60736179,70.84063721,19.00966072,207.26762379,29.15936279,0.0,0.0,1.6,207.26762379,2.62,4.081,91.0,0.175649539109056,5.2,81.8156097560976,0.020261384148773,6.0,10.3,207.26762379,50.736,81.203,43.0,207.26762379,9.9,14.73381138,99.2292213269659,99.0937756062702,58.4752230978059,2.5388,207.26762379,0.93,0.11,2.5,0.1,3.3,0.5,0.2,0.1,35.29,90.0,4.081,0.9690076335877863,1.3720297082037527,134.61464953910905,0.05181077899981265,Healthcare Resources,3,98.1,98.5,97.93333333333334,98.06,0.0
Canada,2016,97.8,0.42353997,229.75,229.75,62.0,0.73,11.0319252,229.75,229.75,7.70479155,69.84086609,18.90594482,229.75,30.15913963,0.0,0.0,1.59,229.75,2.6,4.06,91.0,0.167608746615111,5.5,81.9248780487805,0.0217568129460498,8.0,10.4,197.06,51.593,82.791,46.0,229.75,9.993,15.63871956,99.2273960932328,99.0097512478276,59.4411197028295,2.3105,229.75,0.5,1.3,2.5,0.1,3.4,0.7,0.2,0.0,43.87,87.0,4.06,0.8886538461538462,1.417587526789975,137.05160874661513,0.04801708465723613,Healthcare Resources,3,98.0,98.4,97.86666666666667,97.94,-0.0010214504596527
Canada,2017,97.9,0.38220248,235.0,235.0,58.0,0.72,10.90631104,235.0,235.0,7.59250259,69.61568451,18.76758575,235.0,30.38431358,0.0,0.0,1.55,235.0,2.53,0.799,91.0,0.120915832042363,5.6,81.8329268292683,0.0218481651072605,0.0,10.1,196.146,51.511,85.803,47.0,0.482,9.998,15.85270691,99.2255353831577,98.9256765118876,60.4192608419464,2.6102,235.0,1.57,2.3,2.5,0.1,3.8,0.9,0.2,0.0,67.16,90.0,4.027,1.031699604743083,1.4535351918589698,139.93491583204235,0.04640983421276596,Healthcare Resources,3,97.9,98.1,97.86666666666667,97.9,0.0010224948875257
Canada,2018,98.0,0.38157806,209.3795,209.3795,59.0,0.72,10.90542507,209.3795,59.0,7.59944868,69.68502808,18.68912888,209.3795,30.31496811,0.0,0.0,1.51,209.3795,2.56,0.800089955329895,91.0,0.138497914099779,5.5,81.8439024390244,0.0152818696982919,40.1,9.8,194.728,51.046,86.018,41.0,1.182,9.998,15.59457874,99.2236309395742,98.8415415919231,61.4095815029197,2.428,209.3795,0.15,3.4,2.5,0.0,11.96,2.87,0.2,0.0,85.1,85.1,3.994,0.9484374999999999,1.4299835760551423,139.70249791409978,0.052084492846720905,Healthcare Resources,3,97.9,98.0,97.9,97.9,0.0010214504596526
Canada,2019,98.0,0.38803828,4.77225226729925,89.8086329490656,57.0,0.72,11.00887775,159.00986380737052,20.3,7.65233946,69.51062775,18.85293579,159.00986380737052,30.48937988,0.0,0.0,1.47,159.00986380737052,2.53,3.939,91.0,0.133746356790606,5.8,82.2239024390244,0.0155035295884585,20.3,9.6,2.3,49.767,82.636,40.0,0.933,11.34,15.45603371,99.2216549751961,98.7573271465461,62.4117359707321,2.435,16.1,0.0,0.116,2.5,0.2,3.5,0.8,0.1,0.0,47.0,91.0,3.939,0.9624505928853756,1.4039608814804034,135.0367463567906,0.06923392981039526,Healthcare Resources,3,97.8,97.9,97.96666666666664,97.92,0.0
Canada,2020,98.0,0.48073846,235.9845,235.9845,57.0,0.74,13.0351181,235.9845,4.8,9.60643387,73.69656372,18.2251606,235.9845,26.30343819,0.0,0.0,1.41,235.9845,2.56,0.797520101070404,92.0,0.0980951898086813,5.3,81.6604878048781,0.015309248752025,4.8,182.744,182.744,53.873,94.257,41.0,0.486,11.08,13.77592468,99.221809586814,98.6730053902748,63.4259387180091,2.433,12.6,6.05,0.9,2.5,0.0,10.9,1.8,0.2,0.1,97.7,97.7,3.873,0.9503906249999999,1.0568315970992237,150.72809518980867,0.05523717913676534,Healthcare Resources,3,97.9,97.9,98.0,97.94,0.0
Canada,2021,99.2,0.47270992,66.072,66.072,56.0,0.73,12.3341074,189.89374196854675,7.7,8.99394321,72.91928101,19.61343765,189.89374196854675,27.0807209,0.0,0.0,1.44,189.89374196854675,12.75,3.821,92.0,0.075521435546727,5.7,81.5870731707317,66.072,37.3,189.89374196854675,189.89374196854675,55.32,100.051,66.072,189.89374196854675,10.27,14.02343464,99.2219886396018,98.5885660943908,64.4521093451099,2.464,12.2,0.0,0.081,2.5,0.0,11.1,2.0,0.2,0.0,49.0,91.0,3.821,0.19325490196078432,1.1369638827694981,157.94652143554674,0.06495267970464752,Healthcare Resources,3,98.0,97.8,98.40000000000002,98.22,0.0122448979591835
Colombia,2002,94.5,0.37137103,211.35,211.35,89.0,0.4199999869,5.73296595,131.76092529,44.0,4.36780405,76.18750763,14.86478043,100.38536036,22.91942024,0.89307058,0.0480163002566516,2.458,211.35,1.94,5.752,81.0,32.539980199017,35.0,71.939,0.256141968028505,35.0,14.1,211.35,95.669,211.35,211.35,0.305,0.566,11.48958969,92.5729955519748,77.2165816983729,69.0480514749255,1.317,18.2,0.2,18.9,8.9,1.41,2.29,0.33,28.46427345,28.46427345,86.4,86.4,5.752,0.6788659793814433,2.004126623148704,348.458980199017,0.02712545990063875,Healthcare Resources,2,97.0764705882353,96.84,94.5,94.5,0.0
Colombia,2003,95.0,0.35201803,234.75,234.75,0.2,0.627,5.77505445,129.33969116,234.75,4.46871901,77.37968445,15.59885502,100.08265114,20.76106453,1.85925055,0.870269431983111,2.395,234.75,1.1000000238,5.674,92.0,27.9681721004546,35.0,72.361,0.199046936311462,61.0,14.1,234.75,92.887,210.221,234.75,234.75,0.593,8.60398769,92.8717379215959,78.1105144810919,70.5465458824676,1.348,17.4,68.7,20.2,9.6,0.59,2.94,0.61,9.0,29.0,84.5,84.5,5.674,1.2254545189401658,1.4898539510740025,340.67617210045455,0.02460087092651757,Healthcare Resources,2,97.0764705882353,96.84,94.75,94.75,0.0052910052910053
Colombia,2004,95.6,0.27152318,226.5167493798257,226.5167493798257,93.0,0.192,5.79892111,159.20832825,226.5167493798257,4.26406574,73.53205109,15.73734665,117.06916635,25.22249985,1.24544191,1.09484476747353,2.33,226.5167493798257,1.2,5.573,89.0,21.415735138295,33.0,72.695,0.198437258634929,63.0,13.8,226.5167493798257,90.581,203.565,226.5167493798257,0.413,0.628,13.75860023,93.1651930443208,79.0025604937672,72.0433055381976,1.387,16.7,93.5,28.6,10.4,1.35,2.06,0.33,14.6,30.9,79.9,79.9,5.573,1.1558333333333335,2.372613796430833,325.961735138295,0.025600407589622908,Healthcare Resources,2,97.0764705882353,96.84,95.03333333333336,95.03333333333336,0.006315789473684
Colombia,2005,90.7,0.34671679,227.835,227.835,0.1,0.627,6.06710529,209.22647095,227.835,4.35741186,71.82027435,16.83091927,150.26703585,27.22984886,0.94987732,1.13247014149958,2.263,227.835,1.92,5.436,93.0,17.8553298799984,30.0,73.081,0.197167507034903,60.0,13.5,227.835,88.182,196.049,227.835,0.448,0.667,16.407938,93.4534280310835,79.8927082484828,73.5383324002226,1.429,16.0,93.5,16.0,11.1,1.12,2.14,0.34,14.5,28.6,26.0,63.0,5.436,0.7442708333333334,2.704409634532649,313.1863298799984,0.026629382184475605,Healthcare Resources,2,94.5,96.84,93.76666666666668,93.95,-0.0512552301255229
Colombia,2006,97.1,0.3804234,221.3,221.3,8.4,0.614,6.33546638,221.3,221.3,4.56696033,72.08561707,16.05757141,172.74999114,27.20347404,0.71090811,0.623812240979635,2.198,221.3,1.0,5.28,93.0,17.4685152131677,32.0,73.468,0.19709753273245,61.0,13.2,221.3,85.804,189.986,221.3,0.295,0.705,17.93350601,93.7365220800179,80.7809581807122,75.0316195859977,1.467,26.6,90.38,15.5,11.3,0.64,4.39,0.98,20.5,33.5,74.1,74.1,5.28,1.467,2.8306528571618745,304.5585152131677,0.02862840659737912,Healthcare Resources,2,95.0,96.84,94.46666666666664,94.58,0.0705622932745313
Colombia,2007,97.8,0.51886499,237.0119942425,237.0119942425,0.8,0.614,6.49102163,237.0119942425,237.0119942425,4.58606291,70.65239716,16.2844429,218.39210282,28.88033295,0.46726435,1.19929544964408,2.137,237.0119942425,1.0,5.1,94.0,18.063979012988,31.0,73.837,0.200462868792061,60.0,12.6,237.0119942425,83.585,184.985,237.0119942425,237.0119942425,0.739,19.24854279,94.014341189398,81.6671233440099,76.5141254695889,1.509,16.6,93.3,7.0,10.9,1.27,2.54,0.33,20.8,32.6,51.7,51.7,5.1,1.509,2.965410360217826,297.533979012988,0.027386890907127166,Healthcare Resources,2,95.6,94.5,95.2,95.24,0.007209062821833
Colombia,2008,98.1,0.59454489,234.3186860425,234.3186860425,0.0,0.63,6.84192228,234.3186860425,234.3186860425,4.74562693,69.36102295,16.6930294,234.3186860425,30.57855797,0.0604213,1.59672097391859,2.081,234.3186860425,1.63,4.901,92.0,11.3363843133867,32.0,74.295,0.15083267427613,53.0,12.1,234.3186860425,81.319,177.216,234.3186860425,0.67,0.785,20.85275078,94.2871908166194,82.5514083234022,77.9914043179559,1.561,15.4,73.6,30.7,11.1,0.45,20.01,3.11,17.5,28.2,95.8,95.8,4.901,0.9576687116564417,3.047791238575718,280.9713843133867,0.029199217508240182,Healthcare Resources,2,90.7,95.0,97.66666666666669,95.86,0.0030674846625766
Colombia,2009,98.6,0.6234324,231.2848183675,231.2848183675,95.0,0.62,7.3113451,231.2848183675,231.2848183675,5.2679739,72.05204773,17.0406208,231.2848183675,27.89937782,0.04857259,20.5149012614886,2.033,231.2848183675,1.51,4.716,92.0,11.2688681298307,32.0,74.742,0.147672537363672,60.0,11.3,231.2848183675,79.223,169.218,231.2848183675,0.661,0.832,18.01454926,94.555130092227,83.4338012855543,79.4696185290125,1.616,26.3,94.51,0.055,11.2,0.54,4.5,1.01,14.9,27.1,86.3,86.3,4.716,1.0701986754966888,2.4639172428066622,270.90986812983067,0.03161186778970783,Healthcare Resources,2,97.1,95.6,98.16666666666669,96.46,0.0050968399592252
Colombia,2010,94.8,0.61439013,11.008446288901,68.3482972289314,3.6,0.578,7.07130146,202.106732545,202.106732545,5.10725689,72.2251358,16.82773972,202.106732545,27.71211815,0.06274424,5.26230398685387,1.992,202.106732545,1.51,0.580249488353729,88.0,16.5860398043185,32.0,75.033,0.146117833815027,58.0,11.1,202.106732545,77.933,164.817,202.106732545,202.106732545,0.875,17.0035553,94.8180493749797,84.314142164482,80.948383811599,1.664,53.2,97.0,12.6,11.3,0.62,3.45,0.47,13.9,26.4,39.0,68.0,4.532,1.1019867549668874,2.4045863970279666,270.6360398043185,0.03498795597235011,Healthcare Resources,2,97.8,90.7,97.16666666666669,97.28,-0.0385395537525354
Colombia,2011,99.2,0.69476384,212.6013216166874,212.6013216166874,80.0,0.504,6.78076792,212.6013216166874,9.8,4.9838357,73.49957275,16.48455429,212.6013216166874,26.34730148,0.15312466,11.7381389721725,1.958,212.6013216166874,1.49,4.357,85.0,8.98520247909044,33.0,75.32,0.146231127931738,58.0,10.5,212.6013216166874,76.647,160.142,212.6013216166874,0.64,0.932,15.31575584,95.0760498001745,85.1924601803427,68.4689311357094,1.726,12.5,94.5,33.4,10.1,0.55,3.87,0.91,11.4,24.4,64.56,98.0,4.357,1.1583892617449665,2.258705211665761,255.87420247909046,0.03189428865463726,Healthcare Resources,2,98.1,97.1,97.53333333333336,97.7,0.0464135021097047
Colombia,2012,98.7,0.82817262,208.5891432775,208.5891432775,0.8,0.71,6.74601603,208.5891432775,33.0,4.7128706,69.86154175,16.19955254,208.5891432775,29.61189842,0.52656066,11.3698779685627,1.93,208.5891432775,1.52,4.233,91.0,8.30484593719529,33.0,75.597,0.146250702626543,57.0,10.3,208.5891432775,75.593,155.564,208.5891432775,208.5891432775,0.994,17.85850143,95.3293842263037,86.0689202628907,68.6348998663311,1.785,25.2,95.7,13.6,8.7,0.92,26.2,3.9,11.5,22.5,85.45,51.2,4.233,1.1743421052631577,2.6472663792350937,248.16184593719527,0.03234116562349233,Healthcare Resources,2,98.6,97.8,97.56666666666666,97.88,-0.0050403225806451
Colombia,2013,98.7,0.82266265,237.37725,237.37725,0.1,0.77,7.01724052,237.37725,237.37725,4.90206432,69.85743713,16.34110641,237.37725,30.14256477,0.16287425,44.9664429530201,1.905,237.37725,1.58,4.159,91.0,7.06737598975599,32.0,75.827,0.145688706592682,48.0,10.2,224.606,74.943,151.666,237.37725,0.29,1.052,17.15289879,95.5779768800422,86.9433990132741,68.7981577440498,1.853,11.4,95.4,30.0,7.2,0.54,3.74,0.92,10.8,21.9,31.93,99.4,4.159,1.1727848101265823,2.444393738694309,240.87637598975596,0.029561554529762224,Healthcare Resources,2,94.8,98.1,98.86666666666667,98.0,0.0
Colombia,2014,98.9,0.86036724,205.928560445,205.928560445,65.0,0.71,7.18553209,205.928560445,47.0,5.05892706,70.40434265,16.18276405,205.928560445,29.59565735,1.36775744,96.3114754098361,1.883,205.928560445,1.63,4.112,90.0,5.51807958753749,31.0,76.043,0.144822237151681,47.0,10.2,205.928560445,74.368,148.231,205.928560445,205.928560445,1.116,16.27700996,95.821895841302,87.8159017312967,68.9586879635525,1.93,11.3,90.3,22.3,5.9,0.68,4.38,1.17,10.1,21.3,16.21,79.1,4.112,1.1840490797546013,2.265247688845824,234.0170795875375,0.03489332453192734,Healthcare Resources,2,99.2,98.6,98.76666666666668,98.06,0.0020263424518744
Colombia,2015,99.0,0.36649528,10.4542008383461,73.3244708620116,61.0,0.0,7.52338552,207.26762379,207.26762379,5.32889223,70.83104706,17.03754425,207.26762379,29.16895866,0.2021538,53.0650564201301,1.863,207.26762379,1.65,4.081,91.0,8.1328924266064,31.0,76.257,0.145105125927597,47.0,10.3,207.26762379,73.966,145.399,207.26762379,207.26762379,1.175,15.40105057,96.0614092543758,88.6866119402668,69.1169520348849,1.991,23.5,97.5,33.1,5.1,0.9,31.22,5.07,8.1,19.1,22.71,78.0,4.081,1.2066666666666668,2.0470904394116443,232.59789242660636,0.03629792913350792,Healthcare Resources,2,98.7,94.8,98.86666666666667,98.9,0.0010111223458038
Colombia,2016,95.9,0.0,229.75,229.75,0.5,0.581,7.53117037,229.75,229.75,5.29663372,70.32949066,17.65917969,229.75,29.67050552,1.01053631,85.0295845802356,1.843,229.75,1.71,4.06,91.0,10.958932691952,33.0,76.471,0.14527570821142,44.0,10.3,197.06,73.531,143.184,229.75,229.75,1.236,15.61221027,96.2965922555706,89.5555442261651,69.2729452584781,2.057,10.9,97.2,12.7,4.6,0.29,8.19,2.23,8.0,18.8,34.74,87.0,4.06,1.2029239766081872,2.0730124938071213,232.27393269195198,0.03277984927094668,Healthcare Resources,2,98.7,99.2,97.93333333333334,98.24,-0.0313131313131312
Colombia,2017,99.3,0.51,235.0,235.0,0.3,0.72,7.67864323,235.0,235.0,5.4549818,71.04096222,18.60467529,235.0,28.95903397,0.31514263,41.5584415584416,1.818,235.0,1.73,0.593,92.0,7.56340092311923,33.0,76.646,0.148089274834616,44.0,10.2,196.146,73.522,141.091,235.0,235.0,1.286,15.36301041,96.5273645492207,90.4225796256359,69.4262206290915,2.131,10.6,93.8,21.3,4.3,1.57,31.14,6.1,7.0,17.5,142.4,80.0,4.027,1.2317919075144508,2.0007454376806617,226.47640092311923,0.03267507757446808,Healthcare Resources,2,98.9,98.7,98.06666666666666,98.36,0.035453597497393
Colombia,2018,98.4,0.69,209.3795,209.3795,59.0,0.72,7.62541437,209.3795,59.0,5.46089888,71.61445618,15.75658035,209.3795,28.38554192,0.65753311,87.2375880291926,1.787,209.3795,1.73,0.598653852939606,92.0,8.60054415328542,33.0,76.748,0.10906059039379,59.0,9.8,194.728,73.221,141.458,209.3795,1.182,1.827,15.1307478,96.739501221738,91.2877514825982,69.5767777711375,2.202,16.7,0.15,29.9,4.3,0.37,4.74,0.91,7.4,18.1,55.47,85.1,3.994,1.2728323699421966,1.9842525357740002,227.57954415328544,0.036419106789346616,Healthcare Resources,2,99.0,98.7,97.86666666666667,98.3,-0.0090634441087612
Colombia,2019,98.8,0.43,10.3397734089232,75.6457144242242,57.0,0.72,7.77954912,159.00986380737052,20.3,5.43606472,69.87634277,16.53361511,159.00986380737052,30.12365532,1.03733182,90.2550503537721,1.765,159.00986380737052,1.74,3.939,94.0,11.0968509556754,35.0,76.752,0.112972768892938,20.3,9.7,3.4,73.515,142.284,159.00986380737052,0.933,1.396,14.73766041,96.8925246726353,92.151091537794,69.724608105128,2.259,29.7,0.0,28.7,4.3,0.0,2.53,0.53,7.4,18.7,47.0,80.0,3.939,1.2982758620689654,1.8944106120638518,231.19585095567538,0.048924946753142226,Healthcare Resources,2,95.9,98.9,98.83333333333331,98.28,0.0040650406504063
Colombia,2020,98.4,0.49,235.9845,235.9845,57.0,0.74,8.71432114,235.9845,4.8,6.21218491,71.28707886,18.49876976,235.9845,28.71292496,1.12120557,84.5117363355273,1.737,235.9845,1.69,0.60433030128479,88.0,9.39946196807088,34.0,74.769,0.128942565337508,4.8,182.744,182.744,87.21,166.27,235.9845,0.486,1.455,14.50628376,97.0410236613368,93.0127700372276,69.8701790353322,2.325,9.8,6.05,13.9,4.4,0.12,2.23,0.43,9.5,22.3,97.7,97.7,3.873,1.3757396449704145,1.66464874623613,267.2794619680709,0.03692751490034303,Healthcare Resources,2,99.3,99.0,98.53333333333336,98.16,-0.0040485829959513
Colombia,2021,97.1,0.41,66.072,66.072,25.2,0.73,9.01772404,189.89374196854675,8.3,6.54606009,72.59104156,19.00617027,189.89374196854675,27.40896225,0.63102561,67.2946502333704,1.717,189.89374196854675,0.96,3.821,86.0,9.84678022430195,41.0,72.83,66.072,37.3,189.89374196854675,189.89374196854675,111.063,189.89374196854675,66.072,189.89374196854675,1.449,13.66964531,97.3938172969202,93.8726777763574,70.0130213605058,2.362,39.7,85.1,26.7,4.2,0.0,1.97,0.35,7.5,17.8,49.0,80.0,3.821,2.4604166666666667,1.5158642301943852,315.00352219284866,0.04748826341783111,Healthcare Resources,2,98.4,95.9,98.1,98.4,-0.0132113821138212
"Egypt, Arab Rep.",2002,68.4,0.02,211.35,211.35,89.0,0.4199999869,5.5107379,65.58682251,44.0,1.8990773,34.46139908,6.14118385,22.60213625,65.53860474,2.83,11.5071804505477,3.318,211.35,1.94,5.752,97.0,0.0,24.0,68.564,0.273534376694048,35.0,28.9,211.35,142.43,211.35,211.35,0.305,4.272,63.76679611,98.3043525753378,91.8580995381136,69.0480514749255,1.112,18.2,0.2,18.9,5.0,1.41,2.29,0.33,28.46427345,28.46427345,86.4,86.4,5.752,0.5731958762886599,11.571371614316842,358.78,0.026073990537023892,Healthcare Resources,2,82.01176470588236,81.08,68.4,68.4,0.0
"Egypt, Arab Rep.",2003,69.4,0.02,234.75,234.75,0.2,0.627,5.2242527,51.60063553,234.75,1.66768789,31.92203712,5.44320345,16.4719738,67.21897888,0.85898668,1.52284263959391,3.261,234.75,1.95,5.674,98.0,0.0,23.0,68.402,0.225399725933296,38.0,29.5,234.75,145.041,226.371,234.75,234.75,4.242,65.40507507,98.335021524034,92.1718235585916,70.5465458824676,0.507,17.4,68.7,20.2,5.5,0.59,2.94,0.61,51.4,46.0,84.5,84.5,5.674,0.26,12.519508305943928,376.91200000000003,0.02225453759318424,Healthcare Resources,2,82.01176470588236,81.08,68.9,68.9,0.0146198830409356
"Egypt, Arab Rep.",2004,71.5,0.01,226.5167493798257,226.5167493798257,93.0,0.192,4.85732365,51.60012436,226.5167493798257,1.57912993,32.51028824,5.24308968,16.77534821,66.42459106,1.06511736,20.4545454545455,3.181,226.5167493798257,1.97,5.573,97.0,0.0,22.0,68.613,0.21485172813242,29.0,29.3,226.5167493798257,143.2,225.71,226.5167493798257,0.413,1.893,64.55256653,98.365643197958,92.4858978069016,72.0433055381976,1.109,16.7,91.9,28.6,5.8,1.35,2.06,0.33,50.1,45.3,79.9,79.9,5.573,0.5629441624365482,13.289739614118568,374.71000000000004,0.021443551804883033,Healthcare Resources,2,82.01176470588236,81.08,69.76666666666667,69.76666666666667,0.0302593659942362
"Egypt, Arab Rep.",2005,74.2,0.01,227.835,227.835,102.0,0.627,4.92229176,60.99180603,227.835,1.5893116,32.28804016,5.24353075,19.69305881,66.48487854,1.22708189,14.327485380117,3.151,227.835,1.92,5.436,98.0,0.0,21.0,68.779,0.198128796640023,30.0,29.0,227.835,140.494,227.408,227.835,0.448,4.279,64.58325958,98.3962203294697,92.8003242543512,73.5383324002226,1.23,16.0,69.6,23.9,5.9,1.12,2.14,0.34,50.1,45.3,26.0,52.0,5.436,0.640625,13.120567152240485,373.802,0.02160463387978142,Healthcare Resources,2,68.4,81.08,71.7,70.875,0.0377622377622377
"Egypt, Arab Rep.",2006,93.4,0.01,221.3,221.3,8.4,0.614,4.84190083,68.03048706,221.3,1.74427283,36.02454758,5.04994678,24.50767589,62.40778351,1.56766725,21.501014198783,3.109,221.3,2.14,5.28,98.0,0.0,21.0,68.977,0.181799225915242,31.0,29.4,221.3,138.288,221.3,221.3,0.295,2.227,60.41719818,98.426743408475,93.1150933728137,75.0316195859977,1.236,26.6,90.38,15.5,5.5,0.64,4.39,0.98,41.2,40.1,74.1,74.1,5.28,0.5775700934579439,12.47799166097336,365.088,0.021879353050158156,Healthcare Resources,2,69.4,81.08,79.7,75.38000000000001,0.2587601078167116
"Egypt, Arab Rep.",2007,73.0,0.02,237.0119942425,237.0119942425,0.8,0.614,4.44493246,75.12869263,237.0119942425,1.56855941,35.28871155,5.01764584,26.51194577,62.6199379,2.09135318,48.6263736263736,3.12,237.0119942425,1.86,5.1,98.0,0.0,20.0,69.128,0.164901398246998,28.0,29.1,237.0119942425,136.503,227.538,237.0119942425,237.0119942425,4.646,60.32749176,98.4565570321653,93.4279651849764,76.5141254695889,1.242,16.6,93.3,7.0,5.2,1.27,2.54,0.33,41.4,40.6,51.7,51.7,5.1,0.667741935483871,13.572195371445531,369.241,0.018754040166642984,Healthcare Resources,2,71.5,68.4,80.2,76.3,-0.2184154175588866
"Egypt, Arab Rep.",2008,78.9,0.02,234.3186860425,234.3186860425,0.0,0.63,4.46634817,92.32979584,234.3186860425,1.53611362,34.39305496,4.69924688,31.75503856,64.24919891,1.35774577,62.6970227670753,3.101,234.3186860425,1.63,4.901,97.0,0.0,19.0,69.319,0.150720578029942,21.0,29.4,234.3186860425,133.983,225.917,234.3186860425,0.67,5.102,61.82380295,98.4859930462561,93.7399490225332,77.9914043179559,1.251,15.4,73.6,30.7,5.1,0.61,12.57,0.89,39.9,37.7,95.8,95.8,4.901,0.7674846625766871,13.842136930851945,365.0,0.01906099869982161,Healthcare Resources,2,74.2,69.4,81.76666666666667,78.2,0.0808219178082192
"Egypt, Arab Rep.",2009,95.3,0.05,231.2848183675,231.2848183675,95.0,0.62,4.37870932,101.21813965,231.2848183675,1.53461063,35.04710007,4.71808481,35.47402325,63.34403229,1.60886967,62.9533678756477,3.108,231.2848183675,1.51,4.716,97.0,0.0,19.0,69.48,0.137882632407721,26.0,29.9,231.2848183675,130.724,222.504,231.2848183675,0.661,5.615,60.43681335,98.5154718531203,94.0524838097041,79.4696185290125,1.256,26.3,94.51,0.055,5.0,0.54,4.5,1.01,37.4,36.4,86.3,86.3,4.716,0.8317880794701987,13.802426453373252,358.22799999999995,0.018932108691381764,Healthcare Resources,2,93.4,71.5,82.39999999999999,82.96000000000001,0.2078580481622305
"Egypt, Arab Rep.",2010,82.2,0.06,12.7963030093853,81.9617087171341,83.0,0.578,4.15319157,107.41892242,202.106732545,1.36768734,32.93099594,4.36156321,35.3741206,66.42754364,0.64146358,64.792899408284,3.213,202.106732545,1.43,0.478853046894073,97.0,0.0,18.0,69.664,0.14481817624451,23.0,29.9,202.106732545,127.58,202.106732545,202.106732545,202.106732545,2.445,62.62810135,98.5449648922307,94.3654653837058,80.948383811599,1.263,53.2,92.7,39.2,5.2,0.62,3.45,0.47,36.5,33.6,39.0,62.0,4.532,0.8832167832167832,15.079511815054563,334.886732545,0.020549496385902297,Healthcare Resources,2,73.0,74.2,85.46666666666665,84.56,-0.1374606505771248
"Egypt, Arab Rep.",2011,72.2,0.08,212.6013216166874,212.6013216166874,80.0,0.504,4.35707569,118.69612122,16.6,1.47460115,33.84382629,4.82708216,40.17131011,65.58146667,0.57470351,61.4958448753463,3.247,212.6013216166874,1.43,4.357,96.0,0.0,17.0,69.88,0.130671852674061,23.0,29.2,212.6013216166874,123.872,212.6013216166874,212.6013216166874,0.64,2.543,60.49510574,98.574504181642,94.6790002685632,82.4280494080897,2.129,12.5,94.5,33.4,5.3,0.55,3.87,0.91,32.6,31.6,64.56,98.0,4.357,1.4888111888111888,13.884336661592398,341.7733216166874,0.020494113850598034,Healthcare Resources,2,78.9,93.4,83.23333333333333,80.32000000000001,-0.1216545012165449
"Egypt, Arab Rep.",2012,83.1,0.15959068,208.5891432775,208.5891432775,0.8,0.71,4.45891809,142.75941467,33.0,1.28014243,28.70971107,4.38540936,40.98581318,70.91378021,0.37650833,73.0639730639731,3.335,208.5891432775,1.41,4.233,93.0,0.0,17.0,70.085,0.117670849902162,21.0,30.0,208.5891432775,121.632,208.5891432775,208.5891432775,208.5891432775,2.582,60.88405991,98.6036168042443,94.9913271486837,83.9040111031808,0.199,25.2,95.7,13.6,5.5,0.92,26.2,3.9,28.6,27.3,85.45,51.2,4.233,0.14113475177304965,13.654446814473777,335.7211432775,0.0213765588176754,Healthcare Resources,2,95.3,73.0,79.16666666666667,82.34,0.1509695290858723
"Egypt, Arab Rep.",2013,72.8,0.09,237.37725,237.37725,0.1,0.77,4.6710043,142.59768677,237.37725,1.36696446,29.26489449,4.1566329,41.73106519,70.57222748,0.16287425,44.9664429530201,3.419,237.37725,1.4,4.159,97.0,0.0,16.0,70.052,0.107108021324455,19.0,28.8,224.606,119.806,215.247,237.37725,0.29,1.869,57.93513489,98.6328142113716,95.3042855607555,85.3821176118691,2.184,11.4,95.4,30.0,5.8,0.54,3.74,0.92,27.5,28.7,31.93,99.4,4.159,1.5600000000000003,12.403143129198147,340.853,0.0196775567161554,Healthcare Resources,2,82.2,78.9,76.03333333333335,81.12,-0.1239470517448856
"Egypt, Arab Rep.",2014,91.5,0.32,205.928560445,205.928560445,65.0,0.71,4.77415323,158.20581055,47.0,1.41039252,29.54225349,4.16148472,46.73756032,69.08998871,1.36775744,96.3114754098361,3.441,205.928560445,1.37,4.112,94.0,0.0,15.0,70.415,0.0960459189670532,19.0,29.2,205.928560445,114.976,205.928560445,205.928560445,205.928560445,1.849,55.12137222,98.6620775238515,95.6177859083195,86.8621401007901,0.745,11.3,90.3,22.3,6.0,0.68,4.38,1.17,27.0,30.1,50.08,79.1,4.112,0.5437956204379562,11.545790334844364,326.904560445,0.02318354102841939,Healthcare Resources,2,72.2,95.3,82.46666666666665,80.36,0.2568681318681318
"Egypt, Arab Rep.",2015,97.7,0.36649528,10.8222436470346,84.1887281782163,61.0,0.0,5.06153202,173.5194397,207.26762379,1.58139753,31.24345398,5.05797672,54.21346533,68.55438995,0.2021538,53.0650564201301,3.436,207.26762379,1.27,4.081,93.0,0.0,15.0,70.483,0.0910835338976676,15.0,30.4,207.26762379,114.943,204.216,207.26762379,207.26762379,1.836,59.45430374,98.6914116257754,95.9318698997967,88.344198149916,0.777,23.5,98.5,33.1,6.3,0.9,31.22,5.07,29.5,29.5,113.11,65.0,4.081,0.6118110236220472,11.746305961332238,325.459,0.024420273303891675,Healthcare Resources,2,83.1,82.2,87.33333333333333,83.46000000000001,0.0677595628415301
"Egypt, Arab Rep.",2016,92.6,0.49,229.75,229.75,0.5,0.581,5.07462406,145.2776947,229.75,1.56636381,30.86659813,5.05797672,44.84228235,68.12286377,1.01053631,85.0295845802356,3.203,229.75,1.27,4.06,95.0,0.0,14.0,70.844,0.0735476882724268,36.0,29.4,197.06,108.622,198.622,229.75,229.75,1.822,58.99694824,98.7208232501016,96.2465784166378,89.8283389809817,0.778,10.9,93.7,10.0,6.5,0.66,4.31,0.9,28.0,28.2,34.74,87.0,4.06,0.6125984251968504,11.62587563974148,313.744,0.02208759112078346,Healthcare Resources,2,72.8,72.2,93.93333333333332,87.54,-0.052200614124872
"Egypt, Arab Rep.",2017,84.4,0.51,235.0,235.0,0.3,0.72,5.34661913,107.98847961,235.0,1.65595341,30.97197151,5.41994762,33.44616168,68.712883,0.31514263,41.5584415584416,3.151,235.0,1.3,0.486,94.0,0.0,13.0,71.302,0.0677952463718362,143.0,28.1,196.146,102.976,189.703,235.0,235.0,1.826,56.39825058,98.7505737560033,96.5629903922749,89.8269698994439,0.757,10.6,93.8,21.3,6.9,1.57,31.14,6.1,24.4,26.5,142.4,69.0,4.027,0.5823076923076923,10.548395015374885,299.579,0.022751570765957446,Healthcare Resources,2,91.5,83.1,91.56666666666666,87.8,-0.0885529157667385
"Egypt, Arab Rep.",2018,93.6,0.69,209.3795,209.3795,59.0,0.72,4.74892998,120.22325897,59.0,1.35182929,28.46597481,4.72158527,34.22272246,70.87649536,0.65753311,87.2375880291926,3.098,209.3795,1.26,0.492512345314026,95.0,0.0,12.0,71.367,0.0660400914392771,59.0,28.3,194.728,102.131,185.95,209.3795,1.182,1.827,62.61043167,98.7558675337883,96.8810007737248,89.8269190815113,0.73,16.7,0.15,29.9,6.8,0.37,4.74,0.91,29.7,27.3,55.47,85.1,3.994,0.5793650793650793,13.184113460017787,294.881,0.022680969149319774,Healthcare Resources,2,97.7,72.8,90.2,91.96,0.1090047393364928
"Egypt, Arab Rep.",2019,94.7,0.43,9.62846081312771,85.6078303042361,57.0,0.72,4.5994668,145.31028748,20.3,1.29722774,28.20387077,4.82284689,40.98312776,70.75879669,1.03733182,90.2550503537721,3.001,159.00986380737052,1.22,3.939,95.0,0.0,12.0,71.358,0.0554250117230727,20.3,28.0,4.8,103.044,159.00986380737052,159.00986380737052,0.933,4.808,62.50646591,98.7614152226307,97.2005582635653,89.8282405087092,0.709,29.7,0.0,28.7,6.7,0.0,2.53,0.53,30.0,27.7,47.0,70.0,3.939,0.5811475409836065,13.58993740535316,268.7538638073705,0.028925669702930736,Healthcare Resources,2,92.6,91.5,90.9,92.6,0.0117521367521369
"Egypt, Arab Rep.",2020,98.4,0.49,235.9845,235.9845,57.0,0.74,4.15384626,150.90655518,4.8,1.32617092,31.92633438,5.16112232,48.17893022,66.95245361,1.12120557,84.5117363355273,2.96,235.9845,1.13,0.494374662637711,94.0,0.0,11.0,70.99,0.0525236831345463,4.8,182.744,182.744,105.044,185.848,235.9845,0.486,4.776,59.31352997,98.7671898041778,97.5215610615812,89.8309319942197,0.752,9.8,6.05,13.9,6.9,0.12,2.23,0.43,25.2,25.2,97.7,97.7,3.873,0.6654867256637169,14.279182776013476,297.79200000000003,0.017602199551241714,Healthcare Resources,2,84.4,97.7,95.56666666666666,92.74,0.0390707497360085
"Egypt, Arab Rep.",2021,97.1,0.41,66.072,66.072,25.2,0.73,4.60955143,179.68119812,20.9,1.73679698,37.67822266,6.79944944,67.70068865,61.69075012,0.63102561,67.2946502333704,2.917,189.89374196854675,0.96,3.821,96.0,0.0,10.0,70.221,66.072,37.3,189.89374196854675,189.89374196854675,114.164,189.89374196854675,66.072,189.89374196854675,4.755,54.90198135,98.7679087029408,97.5246503198928,81.7311238752683,0.786,18.1,85.1,26.7,7.6,0.0,1.97,0.35,27.1,23.7,49.0,70.0,3.821,0.8187500000000001,11.910482437116446,311.65774196854676,0.024274372510725013,Healthcare Resources,2,93.6,92.6,96.73333333333332,93.64,-0.0132113821138212
Ethiopia,2002,85.0,0.1079875,211.35,211.35,89.0,0.4199999869,4.7126298,5.19038343,44.0,2.08121538,44.1625061,8.36865902,2.29220345,43.13770676,12.69978905,21.9182021582462,6.374,120.0,0.88,5.752,35.0,211.35,211.35,51.517,5.97758884220494,44.0,25.2,211.35,211.35,211.35,211.35,0.305,0.767,37.46262741,21.77133078604,3.39684063568474,69.0480514749255,0.029,18.2,86.4,37.5,43.7,4.13,12.72,2.95,28.46427345,28.46427345,86.4,86.4,5.752,0.03295454545454546,7.949410201921654,677.75,0.039271915000000004,Healthcare Resources,1,51.900000000000006,53.06666666666668,85.0,85.0,0.0
Ethiopia,2003,35.2,0.10862634,234.75,234.75,34.3,0.185,4.89970922,5.76164436,234.75,2.27634931,46.45886612,8.41779423,2.67679452,39.34571838,14.1954155,19.6753477435753,6.24,110.0,0.89,5.674,37.0,234.75,234.75,52.533,5.38874633293007,234.75,24.4,234.75,234.75,234.75,234.75,234.75,0.212,34.4589386,23.2981637789492,3.69805219630623,70.5465458824676,0.027,17.4,58.0,42.5,42.2,5.51,22.53,10.34,30.1,78.2,84.5,84.5,5.674,0.030337078651685393,7.032853798617871,746.45,0.044542811090909094,Healthcare Resources,1,51.900000000000006,53.06666666666668,60.1,60.1,-0.5858823529411764
Ethiopia,2004,6.4,0.11009463,226.5167493798257,226.5167493798257,93.0,0.211,4.31281853,5.79775095,226.5167493798257,1.32566774,30.73785019,5.72665405,1.78210412,39.62669373,29.63545799,39.3148125119038,6.107,130.0,0.2,5.573,40.0,226.5167493798257,226.5167493798257,53.235,5.3722916550701,40.0,23.7,226.5167493798257,226.5167493798257,226.5167493798257,226.5167493798257,0.413,0.206,34.86631393,24.8131815247792,4.0092482931609,72.0433055381976,0.027,38.7,67.8,33.7,39.7,0.49,0.82,0.18,23.5,75.8,79.9,79.9,5.573,0.13499999999999998,8.084345234437674,719.2502481394771,0.033175527153846154,Healthcare Resources,1,51.900000000000006,53.06666666666668,42.2,42.2,-0.8181818181818181
Ethiopia,2005,5.7,0.11335745,227.835,227.835,3.7,0.627,4.10098124,6.55709887,227.835,1.72818744,42.14082718,7.55002403,2.76321569,35.61906815,22.24010468,18.4582578130779,5.973,160.0,0.86,5.436,44.0,167.653766861665,227.835,54.008,5.27705191865952,227.835,23.1,227.835,227.835,227.835,227.835,0.448,0.243,31.3402977,26.3163660068506,4.31644032463521,84.3164687645028,0.032,16.0,27.6,50.0,37.0,1.12,2.14,0.34,43.0,38.8,26.0,17.0,5.436,0.037209302325581395,7.642146078190789,660.323766861665,0.02563113275,Healthcare Resources,1,85.0,53.06666666666668,15.766666666666667,33.075,-0.109375
Ethiopia,2006,83.8,0.14318086,221.3,221.3,3.0,0.614,4.45757294,8.53116226,221.3,1.12012768,25.12864494,5.07604218,2.14376538,42.51520157,32.3561554,39.196490299793,5.853,180.0,0.2,5.28,46.0,154.228355270258,221.3,55.149,4.65700050256137,44.0,22.4,221.3,221.3,221.3,221.3,0.295,0.224,38.7753334,27.8082946441902,4.61983246123029,84.3788541008405,0.027,26.6,90.8,31.7,33.3,0.77,22.0,2.7,30.7,70.3,74.1,74.1,5.28,0.13499999999999998,8.698754663563621,630.128355270258,0.024764294111111113,Healthcare Resources,1,35.2,53.06666666666668,31.96666666666667,43.22,13.701754385964913
Ethiopia,2007,99.4,0.12165571,237.0119942425,237.0119942425,10.0,0.218,5.00128317,11.78915215,237.0119942425,1.33306754,26.65450859,6.49598169,3.14234038,39.9972496,33.34824371,45.5401282765147,5.74,210.0,0.87,5.1,50.0,131.354516947121,237.0119942425,56.426,4.50105709628911,237.0119942425,21.8,237.0119942425,237.0119942425,237.0119942425,237.0119942425,237.0119942425,0.221,36.99623489,29.2977073978485,4.92163262678547,84.4421659464239,0.022,8.9,93.3,31.7,29.9,1.27,2.54,0.33,28.7,70.3,51.7,51.7,5.1,0.02528735632183908,7.397348566847895,635.2785054321209,0.02381563414285714,Healthcare Resources,1,6.4,85.0,62.96666666666666,46.1,0.1861575178997614
Ethiopia,2008,34.4,0.11850548,234.3186860425,234.3186860425,33.2,0.296,4.28063869,13.22203732,234.3186860425,0.51424921,12.01337528,2.74178195,1.58841288,41.2253952,46.76123047,58.5722468590372,5.571,234.3186860425,0.2,4.901,54.0,111.357616072987,234.3186860425,57.592,3.97704610256725,234.3186860425,21.2,234.3186860425,234.3186860425,234.3186860425,234.3186860425,0.67,0.199,38.47733307,30.8752129693809,5.24481811104458,84.5062972038271,0.025,15.4,57.7,30.8,26.8,1.87,14.55,3.6,27.5,69.0,95.8,95.8,4.901,0.125,8.988689739194037,606.794988157987,0.01826844782333574,Healthcare Resources,1,5.7,35.2,72.53333333333333,45.940000000000005,-0.6539235412474849
Ethiopia,2009,97.9,0.12064154,231.2848183675,231.2848183675,95.0,0.363,4.64983416,15.36375141,231.2848183675,0.9070071,19.50622368,5.30019999,2.99688777,46.90293503,33.59083939,62.240381783853,5.39,231.2848183675,0.85,4.716,58.0,149.343786093307,231.2848183675,58.804,3.78402985990301,54.0,20.4,231.2848183675,231.2848183675,231.2848183675,231.2848183675,0.661,0.248,41.53925705,32.4383798883198,5.56530539724539,84.5714571672781,0.025,26.3,94.51,29.3,23.9,3.45,24.77,8.92,29.7,65.3,86.3,86.3,4.716,0.029411764705882356,8.933492167815293,635.813422828307,0.020104363930241398,Healthcare Resources,1,83.8,6.4,77.23333333333333,64.24000000000001,1.84593023255814
Ethiopia,2010,74.1,0.22609136,57.5492694627423,32.7501686912737,49.1,0.578,5.46637249,16.40672684,202.106732545,0.94396317,17.26854897,5.10711432,2.8332037,48.28907013,34.44238663,59.547920291209,5.217,202.106732545,0.84,0.474434584379196,61.0,171.807255624258,202.106732545,59.73,3.3186113774456,129.0,19.6,202.106732545,202.106732545,202.106732545,202.106732545,202.106732545,1.336,42.29021072,33.98875142441,5.88367348842843,7.49747295214657,0.715,29.6,54.1,22.7,21.9,3.41,18.87,5.36,25.8,61.2,0.67,27.0,4.532,0.8511904761904762,7.73643047512117,597.920720714258,0.027046958907135304,Healthcare Resources,1,99.4,5.7,68.8,77.92,-0.2431052093973443
Ethiopia,2011,10.0,0.33519816,212.6013216166874,212.6013216166874,3.6,0.504,4.46897745,14.83500671,3.4,0.38117546,8.52936554,2.09114456,1.26533198,53.94320297,37.52743149,60.095278881183,5.05,212.6013216166874,6.3,4.357,65.0,176.268039797623,212.6013216166874,60.721,3.16852126816361,212.6013216166874,19.0,212.6013216166874,212.6013216166874,212.6013216166874,212.6013216166874,43.0,0.932,46.53789139,35.5250490303748,6.19978430281278,7.56166183752956,1.726,12.5,33.9,44.4,20.3,0.84,1.88,0.2,31.1,30.8,12.04,98.0,4.357,0.27396825396825397,10.413543570241108,621.7706830309978,0.021020459402681452,Healthcare Resources,1,34.4,83.8,60.66666666666666,63.16,-0.8650472334682862
Ethiopia,2012,98.2,0.17587431,208.5891432775,208.5891432775,0.8,0.71,4.5395956,20.28753662,33.0,1.06663179,23.4961834,6.40685463,4.7667972,48.55954742,27.94426346,61.9163642073878,4.883,208.5891432775,0.83,4.233,62.0,204.059547040047,208.5891432775,61.543,2.68667458156325,33.0,18.3,208.5891432775,208.5891432775,208.5891432775,208.5891432775,208.5891432775,1.461,42.16745377,37.0481962437743,6.51408999312917,7.62724018294233,0.826,25.2,98.1,26.7,18.8,4.03,16.88,4.42,29.1,29.7,85.45,51.2,4.233,0.9951807228915662,9.288812811872493,640.037833595047,0.02176333594678355,Healthcare Resources,1,97.9,99.4,60.76666666666667,62.92,8.82
Ethiopia,2013,23.1,0.24704845,237.37725,237.37725,32.7,0.77,4.07506514,19.53577042,237.37725,1.09967208,26.98538589,6.19330263,5.27180309,49.74310303,23.27151108,52.9728099668331,4.724,237.37725,0.82,4.159,59.0,235.024403425947,224.0,62.373,2.47694877107588,237.37725,17.9,224.606,212.412,237.37725,237.37725,192.0,1.008,42.40406799,38.548228349882,6.82389059062955,7.69127433138198,0.376,4.8,60.6,25.9,17.2,2.37,13.4,2.0,21.2,51.4,31.93,99.4,4.159,0.4585365853658537,10.405739916589406,702.013653425947,0.01716704166047926,Healthcare Resources,1,74.1,34.4,43.76666666666667,60.66,-0.7647657841140529
Ethiopia,2014,15.5,0.48604342,205.928560445,205.928560445,27.3,0.71,4.03365517,21.90294838,47.0,0.71479559,17.72078896,4.08834219,3.88137549,58.84427261,23.43493462,27.3426480649662,4.609,205.928560445,1.1,4.112,61.0,205.928560445,205.928560445,62.905,2.07745053350506,47.0,17.6,205.928560445,205.928560445,205.928560445,205.928560445,205.928560445,0.942,38.47408676,40.034664721558,7.1320081780504,7.75654362048047,0.912,11.3,41.2,40.4,15.5,0.28,9.82,2.07,16.9,49.1,0.56,79.1,4.112,0.8290909090909091,9.53826867654629,633.2856813349999,0.01958764321609154,Healthcare Resources,1,10.0,97.9,45.6,44.18,-0.3290043290043291
Ethiopia,2015,99.6,0.03564165,50.9538007724542,38.2774493240118,41.2,0.0,3.82316828,23.53430557,207.26762379,0.96540898,25.25154305,5.57211685,5.94277559,56.48737717,18.26107597,66.1658465806417,4.531,207.26762379,0.3,4.081,63.0,182.25677344616,192.0,63.649,1.86134524588678,38.0,17.7,207.26762379,197.241,207.26762379,207.26762379,207.26762379,1.43,36.74348068,41.506855299013,7.43845438341403,7.82289297713143,0.801,23.5,62.6,33.0,14.4,0.86,2.12,0.27,13.9,45.1,22.71,34.0,4.081,2.6700000000000004,9.610741141637636,601.16539723616,0.018445564290704507,Healthcare Resources,1,98.2,74.1,46.06666666666666,49.28,5.425806451612903
Ethiopia,2016,27.7,0.18983622,229.75,229.75,7.7,0.581,3.60033751,24.67317772,229.75,0.90002954,24.99847794,5.02445269,6.16791829,54.76727676,20.23424911,80.9698672023388,4.469,229.75,0.33,4.06,66.0,123.964326124143,177.0,64.392,1.66560209745588,229.75,17.4,197.06,184.946,229.75,229.75,229.75,1.73,35.43159103,42.9651586197148,7.74355073772014,7.89047629344199,0.443,9.2,62.4,38.3,14.0,0.15,9.39,1.9,12.8,44.5,0.54,87.0,4.06,1.3424242424242423,9.841185980922106,552.660326124143,0.015670674689880305,Healthcare Resources,1,23.1,10.0,47.6,52.82000000000001,-0.7218875502008032
Ethiopia,2017,43.0,0.33443406,235.0,235.0,0.3,0.72,3.45336914,24.51061249,235.0,0.8612687,24.93995667,4.78836012,6.1129363,39.70265579,35.35738373,55.8726918218432,4.39,235.0,1.0,0.385,68.0,90.1599107420309,164.0,64.838,1.63105003108047,44.0,17.2,196.146,185.113,235.0,235.0,235.0,0.815,34.40161896,44.4084974167704,8.0471575170489,7.95898584940284,0.732,7.9,65.8,15.1,15.4,1.57,9.57,2.54,10.9,41.4,142.4,35.0,4.027,0.732,9.961755481489014,525.6729107420309,0.014695187829787234,Healthcare Resources,1,15.5,98.2,56.76666666666667,41.78000000000001,0.552346570397112
Ethiopia,2018,43.3,0.26808563,209.3795,209.3795,43.5,0.72,3.30371761,23.84538269,59.0,0.76642609,23.19889832,4.76060486,5.53186576,40.65382385,36.14728546,57.3627028496898,4.343,209.3795,3.71,0.384100586175919,67.0,36.96423483061,151.0,65.412,1.46545859529132,59.0,17.1,194.728,174.744,209.3795,209.3795,1.182,0.701,35.49158096,45.8381608718736,8.34992303821713,8.02888386359803,0.076,40.1,67.0,36.8,17.9,0.15,3.48,0.57,11.6,41.4,50.05,85.1,3.994,0.020485175202156335,10.74292211070667,438.98773483061,0.015778610656726182,Healthcare Resources,1,99.6,23.1,38.00000000000001,45.82,0.0069767441860464
Ethiopia,2019,49.8,0.13456421,44.654315277746,43.2587026475636,57.0,0.72,3.23382378,26.22917175,20.3,0.73088509,22.60126495,4.76060486,5.92812411,43.24883652,34.14990616,58.7026589970277,4.323,159.00986380737052,0.7,3.939,68.0,34.0866592591258,140.0,65.838,1.38328506270159,20.3,17.1,40.7,159.00986380737052,159.00986380737052,159.00986380737052,0.933,1.483,37.9252243,47.2539785569372,8.65203916056794,8.1001707949846,0.367,5.7,73.6,36.8,20.9,0.0,8.2,0.9,20.1,24.3,47.0,36.0,3.939,0.5242857142857144,11.727671907960305,373.00638687386686,0.020337252687151246,Healthcare Resources,1,27.7,15.5,45.366666666666674,52.67999999999999,0.1501154734411085
Ethiopia,2020,98.8,0.2887629,235.9845,235.9845,57.0,0.74,3.48096275,28.69671059,4.8,0.98278511,28.23314095,6.79223251,8.10198233,37.31850815,34.44835281,41.1144869256975,4.243,235.9845,0.73,0.382784843444824,71.0,53.0524726997752,129.0,65.371,1.16663017202715,4.8,182.744,182.744,174.956,235.9845,235.9845,0.486,0.77,33.07913589,48.6553476821695,8.95353751323462,8.1726920668899,0.104,4.8,95.0,31.5,23.0,0.11,8.46,1.73,21.0,27.8,97.7,97.7,3.873,0.14246575342465753,9.502869828181874,486.99297269977524,0.014750810964279435,Healthcare Resources,1,43.0,99.6,63.96666666666667,52.52,0.9839357429718876
Ethiopia,2021,96.1,0.17309357,66.072,66.072,25.2,0.73,3.20824432,26.47735214,5.0,0.97918016,30.52074814,7.09674501,8.0810863,41.17137909,28.30786896,55.9215258599187,4.159,189.89374196854675,3.34,3.821,65.0,46.2621638357454,119.0,64.975,66.072,37.3,189.89374196854675,189.89374196854675,177.314,189.89374196854675,66.072,189.89374196854675,1.564,36.99786377,50.0425628235297,9.25478025646195,8.2466020220852,0.395,37.3,97.0,26.7,23.5,0.0,1.97,0.35,6.0,29.1,49.0,35.0,3.821,0.11826347305389223,11.532121646520986,436.9699058042922,0.016894944966282254,Healthcare Resources,1,43.3,27.7,81.56666666666668,66.2,-0.027327935222672
Germany,2002,98.6,0.63534105,211.35,211.35,89.0,0.4199999869,10.18365669,211.35,44.0,7.92509031,77.82165527,16.55490875,211.35,22.17834282,0.0,0.0,1.34,211.35,8.99,5.752,93.0,88.0,9.3,78.2292682926829,0.0100764568415454,3.0,15.3,211.35,61.736,120.763,51.0,0.305,9.086,12.57544136,99.9999985035625,99.2193428611343,46.7269188678981,3.364,211.35,0.2,3.1,2.5,0.0,6.32,0.99,28.46427345,28.46427345,86.4,86.4,5.752,0.37419354838709673,1.2348650138951218,272.999,0.04818384996451384,Healthcare Resources,3,97.5470588235294,97.66666666666669,98.6,98.6,0.0
Germany,2003,98.6,0.64340693,234.75,234.75,100.0,0.4,10.40202236,234.75,234.75,8.05197239,77.40776062,16.66930389,234.75,22.59224129,0.0,0.0,1.34,234.75,8.87,5.674,97.0,96.0,9.4,78.3804878048781,0.0099568227818562,4.0,15.0,234.75,60.737,119.369,50.0,0.296,9.294,12.8403635,100.0,99.2199574833481,47.6184186237104,3.401,234.75,2.81,0.144,2.5,0.0,5.79,0.95,0.0,0.0,84.5,84.5,5.674,0.3834272829763247,1.2344102959609482,278.606,0.04431106436634718,Healthcare Resources,3,97.5470588235294,97.66666666666669,98.6,98.6,0.0
Germany,2004,98.2,0.64132005,226.5167493798257,226.5167493798257,93.0,1.7,10.14603233,226.5167493798257,226.5167493798257,7.70017481,75.89346313,16.45635414,226.5167493798257,24.10653687,0.0,0.0,1.36,226.5167493798257,8.71,5.573,96.0,89.0,8.3,78.6804878048781,0.0095553171602004,5.0,14.4,226.5167493798257,58.657,113.98,47.0,0.413,9.389,14.02402878,99.9999986156687,99.2205648970116,48.4807001161199,3.426,226.5167493798257,100.0,1.2,2.5,0.0,5.58,0.89,0.0,0.0,79.9,79.9,5.573,0.3933409873708381,1.3822180261079455,264.137,0.044791532448609464,Healthcare Resources,3,97.5470588235294,97.66666666666669,98.46666666666664,98.46666666666664,-0.0040567951318457
Germany,2005,98.2,0.65351146,227.835,227.835,102.0,0.39,10.31153965,227.835,227.835,7.80322599,75.67469025,16.66615295,227.835,24.32530975,0.0,0.0,1.34,227.835,8.6,5.436,96.0,95.0,7.6,78.9317073170732,0.0096354097188906,4.0,14.1,227.835,57.71,111.806,47.0,0.448,9.555,14.12018967,100.0,99.2211750434826,49.3504746837897,3.448,227.835,0.74,0.024,2.5,0.0,5.67,0.97,0.1,0.0,26.0,83.0,5.436,0.40093023255813953,1.3693580347140497,267.01599999999996,0.04525880417846248,Healthcare Resources,3,98.6,97.66666666666669,98.33333333333331,98.4,0.0
Germany,2006,98.4,0.66472423,221.3,221.3,112.0,1.6,10.17995167,221.3,221.3,7.65903044,75.23641205,16.93153572,221.3,24.76359177,0.0,0.0,1.33,221.3,8.42,5.28,96.0,99.0,6.9,79.1317073170732,0.0056302590398148,5.0,13.6,221.3,56.008,108.484,36.0,0.295,9.646,14.50947285,100.0,99.2217747465554,50.2280357734339,3.487,221.3,0.77,3.1,2.5,0.0,5.42,0.82,0.1,0.0,74.1,74.1,5.28,0.4141330166270784,1.4252987951562643,265.99199999999996,0.046000685359240845,Healthcare Resources,3,98.6,97.66666666666669,98.26666666666668,98.4,0.0020366598778003
Germany,2007,98.4,0.71600777,237.0119942425,237.0119942425,106.0,1.6,10.05132961,237.0119942425,237.0119942425,7.55503988,75.1645813,17.40883636,237.0119942425,24.83541489,0.0,0.0,1.37,237.0119942425,8.35,5.1,96.0,97.0,6.3,79.5341463414634,0.0090356921547252,4.0,13.5,237.0119942425,55.294,106.198,44.0,237.0119942425,9.78,14.41461849,100.0,99.2223735826062,51.1127958841887,3.533,237.0119942425,0.37,0.177,2.5,0.07,0.67,7.86212587,0.1,0.0,51.7,51.7,5.1,0.42311377245508985,1.4341006662102687,260.99199999999996,0.04240852722295536,Healthcare Resources,3,98.2,98.6,98.33333333333331,98.36,0.0
Germany,2008,98.5,0.75824261,234.3186860425,234.3186860425,101.0,0.6,10.25128746,234.3186860425,234.3186860425,7.7165823,75.27427673,17.45852661,234.3186860425,24.72572136,0.0,0.0,1.38,234.3186860425,8.3,4.901,96.0,97.0,5.6,79.7365853658537,0.0089805238086266,5.0,13.3,234.3186860425,54.726,104.309,43.0,0.67,9.936,14.11885929,99.99999811463,99.2229659771362,52.0050439552417,3.58,234.3186860425,0.31,2.3,2.5,0.0,4.56,0.72,0.1,0.0,95.8,95.8,4.901,0.43132530120481927,1.3772766928145432,258.53499999999997,0.04374933827573894,Healthcare Resources,3,98.2,98.6,98.43333333333334,98.34,0.0010162601626015
Germany,2009,98.3,0.70349532,231.2848183675,231.2848183675,95.0,0.75,11.23791218,231.2848183675,231.2848183675,8.50175571,75.65245056,17.63837624,231.2848183675,24.34755135,0.0,0.0,1.36,231.2848183675,8.3,4.716,96.0,97.0,5.7,79.8365853658537,0.0090739423001591,5.0,13.2,231.2848183675,54.228,103.586,43.0,0.661,10.13,13.89635754,100.0,99.2235618579048,52.9050782928433,3.648,231.2848183675,3.19,0.055,2.5,0.0,4.7,0.73,0.0,0.0,86.3,86.3,4.716,0.4395180722891566,1.2365604319929826,257.31399999999996,0.04858906113821755,Healthcare Resources,3,98.4,98.2,98.4,98.36,-0.0020304568527919
Germany,2010,96.8,0.68444699,4.63146515804543,91.500669582915,83.0,0.74,11.09592915,202.106732545,202.106732545,8.39845562,75.68952179,17.44530869,202.106732545,24.3104763,0.0,0.0,1.39,202.106732545,8.29,0.760740280151367,96.0,97.0,5.5,79.9878048780488,0.0085771006530437,5.0,13.0,202.106732545,53.275,101.933,42.0,0.217,10.18,13.96304226,99.9999998078699,99.2241473321448,53.812311723031,3.734,202.106732545,0.41,2.8,2.5,0.02,1.53,0.1,0.0,0.0,39.0,85.0,4.532,0.4504221954161641,1.2583932423541115,254.708,0.054901333618509914,Healthcare Resources,3,98.4,98.2,97.86666666666667,98.08,-0.0152594099694811
Germany,2011,96.9,0.6998437,212.6013216166874,212.6013216166874,80.0,0.72,10.77844906,212.6013216166874,5.3,8.12831306,75.41264343,17.96772194,212.6013216166874,24.58735847,0.0,0.0,1.39,212.6013216166874,8.26,4.357,95.0,97.0,5.5,80.4365853658537,0.0083140964626044,5.0,12.8,212.6013216166874,52.91,98.648,40.0,0.64,10.27,14.00676441,99.999998714282,99.2247315605617,54.7270312962107,3.822,212.6013216166874,0.84,0.0129,2.5,0.0,4.72,0.85,0.0,0.0,64.56,98.0,4.357,0.4627118644067797,1.2995157589027007,251.058,0.05069794006000188,Healthcare Resources,3,98.5,98.4,97.33333333333331,97.78,0.0010330578512398
Germany,2012,97.0,0.706173,208.5891432775,208.5891432775,72.0,0.71,10.85345554,208.5891432775,33.0,8.18767262,75.43839264,18.22804832,208.5891432775,24.56160355,0.0,0.0,1.41,208.5891432775,8.22,4.233,95.0,98.0,5.5,80.5390243902439,0.0076466566618672,4.0,12.6,208.5891432775,51.099,95.548,38.0,208.5891432775,10.33,14.17265987,99.9999993293627,99.2247623529587,55.6495360555589,3.892,208.5891432775,0.45,2.2,2.5,0.0,4.99,0.86,0.0,0.0,51.2,51.2,4.233,0.47347931873479315,1.30582005129769,247.147,0.052032696282571754,Healthcare Resources,3,98.3,98.4,96.9,97.5,0.0010319917440659
Germany,2013,96.9,0.69121373,237.37725,237.37725,66.0,0.77,10.99905777,237.37725,237.37725,8.40493011,76.41500092,18.70073318,237.37725,23.58499718,0.0,0.0,1.42,237.37725,8.17,4.159,93.0,98.0,5.7,80.490243902439,0.0074490376810194,4.0,12.8,224.606,51.743,94.684,37.0,0.29,10.68,13.3224678,99.999998584425,99.2247917702079,56.5792334362488,3.984,237.37725,0.51,0.099,2.5,0.0,4.77,0.78,0.0,0.0,112.85,99.4,4.159,0.4876376988984088,1.2112371876377552,246.927,0.04633577046663065,Healthcare Resources,3,96.8,98.5,96.93333333333334,97.18,-0.0010309278350515
Germany,2014,96.9,0.64682055,205.928560445,205.928560445,65.0,0.71,11.02588272,205.928560445,47.0,8.49219322,77.02052307,19.16842651,205.928560445,22.97947502,0.0,0.0,1.47,205.928560445,8.14,4.112,93.0,98.0,5.9,81.090243902439,0.0065813568099651,4.0,12.4,205.928560445,49.597,91.119,34.0,0.908,10.88,13.00751305,100.0,99.2248247708943,57.5210496360148,4.064,205.928560445,2.25,2.4,2.5,0.0,4.9,0.74,0.0,0.0,79.1,79.1,4.112,0.49926289926289924,1.1797253227086746,241.216,0.053542270660143935,Healthcare Resources,3,96.9,98.3,96.93333333333334,96.9,0.0
Germany,2015,97.1,0.64115965,5.00682305682493,91.0462466946146,61.0,0.74,11.19047737,207.26762379,207.26762379,8.61353302,76.97198486,19.51363564,207.26762379,23.02801704,0.0,0.0,1.5,207.26762379,8.09,4.081,93.0,98.0,7.6,80.6414634146341,0.0063956926478605,3.0,12.6,207.26762379,50.173,92.451,34.0,0.965,10.95,13.08010769,99.9999983056289,99.2248518459625,58.4752230978059,4.12,207.26762379,0.93,0.11,2.5,0.0,4.4,0.77,0.0,0.0,108.0,88.0,4.081,0.5092707045735476,1.168860563988612,243.124,0.05399047456315705,Healthcare Resources,3,97.0,96.8,96.96666666666664,96.96,0.0020639834881319
Germany,2016,96.2,0.63442624,229.75,229.75,62.0,0.73,11.241889,229.75,229.75,8.69118309,77.31069946,19.59515953,229.75,22.68930054,0.0,0.0,1.6,229.75,8.06,4.06,91.0,98.0,7.6,80.990243902439,0.0087195900436532,19.0,12.4,197.06,49.545,89.99,39.0,1.035,11.15,12.95303154,100.0,99.2249269225143,59.4411197028295,4.187,229.75,0.5,1.3,2.5,0.0,4.47,0.66,0.0,0.0,87.0,87.0,4.06,0.5194789081885857,1.1522113000759924,240.035,0.048930964091403704,Healthcare Resources,3,96.9,96.9,96.73333333333332,96.82,-0.0092687950566425
Germany,2017,97.1,0.66585016,235.0,235.0,58.0,0.72,11.33617592,235.0,235.0,8.79702854,77.60137939,19.91397285,235.0,22.39862251,0.0,0.0,1.57,235.0,8.01,0.795,91.0,98.0,7.1,80.9926829268293,0.0082403068265028,7.9,12.1,196.146,48.026,86.511,37.0,0.482,11.38,12.91704845,99.999998846436,99.2250364212723,60.4192608419464,4.251,235.0,1.57,0.135,2.5,0.0,4.5,0.73,0.0,0.0,48.0,88.0,4.027,0.5307116104868914,1.139453775343317,235.037,0.048239046468085106,Healthcare Resources,3,96.9,97.0,96.8,96.84,0.0093555093555093
Germany,2018,96.2,0.66294718,209.3795,209.3795,59.0,0.72,11.48051548,209.3795,59.0,8.8703146,77.26408386,20.01379776,209.3795,22.73591995,0.0,0.0,1.57,209.3795,7.98,0.763772785663605,91.0,97.0,6.9,80.8926829268293,0.0081936695321674,40.1,12.2,194.728,48.283,86.917,37.0,1.182,11.81,13.16894913,100.0,99.2251929444336,61.4095815029197,4.311,209.3795,0.15,3.4,2.5,0.0,4.51,0.77,0.1,0.0,85.1,85.1,3.994,0.5402255639097744,1.1470694981372038,234.7,0.05483113428009905,Healthcare Resources,3,97.1,96.9,96.5,96.7,-0.0092687950566425
Germany,2019,96.2,0.64316523,4.7599854163992,90.5983327596301,57.0,0.72,11.71550655,159.00986380737052,20.3,9.04012394,77.16374969,20.09327698,159.00986380737052,22.83625412,0.0,0.0,1.54,159.00986380737052,7.91,3.939,91.0,98.0,6.1,81.2926829268293,0.0077488367303336,20.3,12.1,3.2,46.582,83.621,34.0,0.933,12.09,13.4410553,99.9999995489977,99.2253840840528,62.4117359707321,4.391,16.1,0.0,0.116,2.5,0.0,4.35,0.74,0.0,0.0,47.0,88.0,3.939,0.5551201011378002,1.147287592101598,230.703,0.07367786041369438,Healthcare Resources,3,96.2,96.9,96.5,96.56,0.0
Germany,2020,99.1,0.63545704,235.9845,235.9845,57.0,0.74,12.69255257,235.9845,4.8,9.96393967,78.50225067,19.76651764,235.9845,21.49774742,0.0,0.0,1.53,235.9845,7.8,0.751162469387054,91.0,91.0,5.3,81.0414634146342,0.0077117760445873,4.8,182.744,182.744,46.195,85.005,34.0,0.486,12.35,12.40803623,100.0,99.2256171729146,63.4259387180091,4.459,16.0,6.05,0.083,2.5,0.0,3.98,0.73,0.0,0.0,97.7,97.7,3.873,0.5716666666666667,0.9775839935717516,224.7,0.05378553493979477,Healthcare Resources,3,97.1,97.1,97.16666666666669,96.96,0.03014553014553
Germany,2021,49.0,0.62429416,66.072,66.072,56.0,0.73,12.93412971,189.89374196854675,6.9,10.22433567,79.04927826,19.94881821,189.89374196854675,20.95072556,0.0,0.0,1.58,189.89374196854675,189.89374196854675,3.821,91.0,88.0,5.0,80.790243902439,66.072,37.3,189.89374196854675,189.89374196854675,103.772,180.758,66.072,0.568,45.8,12.16129494,100.0,99.2258922058797,64.4521093451099,4.518,14.8,0.0,0.081,2.5,0.0,4.61,0.89,0.0,0.0,49.0,88.0,3.821,0.023792253252602414,0.9402484135130882,375.03000000000003,0.06811245897793915,Healthcare Resources,3,96.2,96.2,81.43333333333334,87.52000000000001,-0.5055499495459133
Haiti,2002,85.0,0.33781499,211.35,211.35,89.0,0.4199999869,3.43250132,22.22666931,44.0,0.48891512,14.24369812,7.3620429,3.16589967,50.88784027,34.86845779,1.95171187813262,4.125,211.35,0.88,5.752,50.0,9.66504953609261,211.35,58.855,1.52712829936146,44.0,33.8,211.35,211.35,211.35,211.35,0.305,0.767,48.17779922,57.890307587373,18.9377084118085,69.0480514749255,0.029,18.2,86.4,37.5,50.2,4.13,12.72,2.95,28.46427345,28.46427345,86.4,86.4,5.752,0.03295454545454546,14.035770048880854,482.5650495360926,0.016240838987461557,Healthcare Resources,1,47.54117647058824,48.220000000000006,85.0,85.0,0.0
Haiti,2003,35.2,0.28528404,234.75,234.75,34.3,0.185,3.53695321,18.49892044,234.75,0.51697874,14.61649895,6.6061697,2.70389433,51.00587463,34.37762833,0.802905930082944,4.038,234.75,0.89,5.674,53.0,9.66501482592164,234.75,59.507,1.47130923237118,234.75,33.8,234.75,234.75,234.75,234.75,234.75,0.212,48.05616379,58.7247918623983,20.0496673863976,70.5465458824676,0.027,17.4,58.0,42.5,50.8,5.51,22.53,10.34,30.1,78.2,84.5,84.5,5.674,0.030337078651685393,13.58688140236947,529.9650148259216,0.015066893333333333,Healthcare Resources,1,47.54117647058824,48.220000000000006,60.1,60.1,-0.5858823529411764
Haiti,2004,6.4,0.206522,226.5167493798257,226.5167493798257,93.0,0.211,3.42928433,23.90322304,226.5167493798257,0.58639508,17.09963417,7.94925022,4.08736353,49.4968605,33.40350342,1.24516697430935,3.939,226.5167493798257,0.2,5.573,57.0,9.66505057908244,226.5167493798257,58.475,1.68704019143905,40.0,33.7,226.5167493798257,226.5167493798257,226.5167493798257,226.5167493798257,0.413,0.206,46.48625946,59.2574851456357,21.0516679507767,72.0433055381976,0.027,38.7,67.8,33.7,51.7,0.49,0.82,0.18,39.8,52.1,79.9,79.9,5.573,0.13499999999999998,13.555673716912239,514.3985493387338,0.015139208643020652,Healthcare Resources,1,47.54117647058824,48.220000000000006,42.2,42.2,-0.8181818181818181
Haiti,2005,26.1,0.16828193,227.835,227.835,3.7,0.627,3.30554652,25.11820602,227.835,0.58343035,17.65004158,6.66875458,4.43337388,49.33516312,33.01479721,1.0931885566754,3.833,227.835,0.86,5.436,60.0,9.6650764370323,227.835,60.415,1.44094706234274,227.835,33.8,227.835,227.835,227.835,227.835,0.448,0.243,46.01602173,59.7530302249497,22.0475380365859,84.3164687645028,0.032,16.0,27.6,50.0,50.8,1.12,2.14,0.34,40.7,53.5,26.0,33.0,5.436,0.037209302325581395,13.920851348357365,516.1350764370324,0.014508510632694713,Healthcare Resources,1,85.0,48.220000000000006,22.566666666666663,38.175,3.078125
Haiti,2006,26.1,0.23569308,221.3,221.3,5.1,0.614,3.48013902,28.96251106,221.3,0.28958338,8.32102966,2.994277,2.40997917,46.45661926,45.22234726,32.4267798793934,3.735,221.3,0.2,5.28,62.0,9.80819784586614,221.3,60.763,1.25020041702392,221.3,33.7,221.3,221.3,221.3,221.3,0.295,0.224,43.06276703,60.2473792119938,23.0518749621917,24.1831523508023,0.027,26.6,84.5,29.6,49.7,0.77,22.0,2.7,37.5,52.8,74.1,74.1,5.28,0.13499999999999998,12.373864027420376,502.10819784586613,0.015725888025305015,Healthcare Resources,1,35.2,48.220000000000006,19.53333333333333,35.760000000000005,0.0
Haiti,2007,99.4,0.12522562,237.0119942425,237.0119942425,10.0,0.218,3.64734101,37.40650558,237.0119942425,0.79249322,21.72797203,7.11358404,8.12767471,43.37880325,34.89322662,2.41316201101572,3.643,237.0119942425,1.3,5.1,64.0,8.70787004111086,237.0119942425,61.103,1.3386468446989,237.0119942425,33.9,237.0119942425,221.856,237.0119942425,237.0119942425,237.0119942425,0.221,40.12002563,60.7392582689179,24.0645348010044,24.3235850909917,0.022,8.9,93.3,31.7,47.8,1.27,2.54,0.33,28.7,70.3,51.7,51.7,5.1,0.016923076923076923,10.999801093454654,515.3758642836109,0.0153888457065519,Healthcare Resources,1,6.4,85.0,50.53333333333334,38.64,2.8084291187739465
Haiti,2008,34.4,0.14181395,234.3186860425,234.3186860425,33.2,0.296,3.75722051,40.25810623,234.3186860425,0.83237052,22.15389252,7.42596531,8.9187368,42.02285004,35.82326126,1.85432124009444,3.567,234.3186860425,0.2,4.901,64.0,10.4683766862188,234.3186860425,61.332,1.4022431003313,234.3186860425,33.8,234.3186860425,217.433,234.3186860425,234.3186860425,0.67,0.199,38.57956314,61.229985292414,25.086433573722,24.4650296476769,0.025,15.4,57.7,30.8,46.1,1.87,14.55,3.6,27.5,69.0,95.8,95.8,4.901,0.125,10.268112568138834,508.32006272871877,0.016034660203405746,Healthcare Resources,1,26.1,35.2,53.3,38.48,-0.6539235412474849
Haiti,2009,97.9,0.12867291,231.2848183675,231.2848183675,95.0,0.363,3.50277376,41.22427368,231.2848183675,0.78221947,22.33143044,6.77164745,9.20597036,42.54765701,35.12090683,1.40853023971153,3.508,231.2848183675,0.85,4.716,65.0,9.66498595624846,231.2848183675,61.741,1.4453041096501,54.0,33.7,231.2848183675,213.223,231.2848183675,231.2848183675,0.661,0.248,39.27423859,61.7165764517531,26.1167029131359,24.6064754152115,0.025,26.3,94.51,29.3,43.2,3.45,24.77,8.92,29.7,65.3,86.3,86.3,4.716,0.029411764705882356,11.212325225937516,497.3728043237485,0.015144849474876763,Healthcare Resources,1,26.1,6.4,77.23333333333333,56.78000000000001,1.84593023255814
Haiti,2010,74.1,0.18602778,10.2500040055332,16.3212192582758,49.1,0.578,4.54871035,55.5110321,202.106732545,0.81272614,17.86717796,6.43094063,9.91825377,35.98209381,46.15073395,0.509239197539896,3.47,202.106732545,0.66,0.474434584379196,67.0,9.66507748334769,202.106732545,46.019,1.29291859424016,129.0,33.7,202.106732545,202.106732545,202.106732545,202.106732545,202.106732545,1.336,33.30967331,62.2007893646649,27.1564387955898,24.7484995322349,0.715,29.6,54.1,22.7,41.1,3.41,18.87,5.36,25.8,61.2,0.67,42.0,4.532,1.0833333333333333,7.322882915593866,454.97854257334774,0.022506476121408815,Healthcare Resources,1,99.4,26.1,68.8,66.38,-0.2431052093973443
Haiti,2011,10.0,0.34077534,212.6013216166874,212.6013216166874,3.6,0.504,5.91197777,76.81674194,6.6,0.42167202,7.13250399,2.98430157,5.47895715,28.18361664,64.68388367,13.5536918165606,3.411,212.6013216166874,6.3,4.357,68.0,9.16220726403153,212.6013216166874,61.623,1.55532348697173,212.6013216166874,33.5,212.6013216166874,212.6013216166874,212.6013216166874,212.6013216166874,43.0,1.204,26.08627892,62.6818037025713,28.2056610456094,24.4954546767111,0.14,12.5,33.9,44.4,40.2,0.84,1.88,0.2,20.5,51.3,12.04,98.0,4.357,0.022222222222222227,4.412445366823496,474.56485049740627,0.027807812882081163,Healthcare Resources,1,34.4,26.1,60.66666666666666,63.16000000000001,-0.8650472334682862
Haiti,2012,37.3,0.31309444,208.5891432775,208.5891432775,2.5,0.71,5.56462336,74.79749298,33.0,0.45754522,8.22239304,2.78391457,6.15014421,31.03731918,60.74028778,3.84856168449556,3.302,208.5891432775,0.83,4.233,66.0,7.25764214381968,208.5891432775,62.291,1.28363393448326,33.0,33.3,208.5891432775,205.747,208.5891432775,208.5891432775,208.5891432775,1.461,28.43981743,63.1596589540934,29.2647488845642,24.2375041116897,0.826,58.5,90.3,22.0,40.3,1.58,9.43,1.83,23.0,51.7,85.45,51.2,4.233,0.9951807228915662,5.110825223937528,461.8937854213197,0.026677435232556716,Healthcare Resources,1,97.9,99.4,40.46666666666666,50.74,2.7299999999999995
Haiti,2013,48.6,0.49068323,237.37725,237.37725,32.7,0.77,4.10524035,59.15798187,237.37725,0.47550055,11.58277035,2.99849725,6.8521335,40.0238266,48.3934021,4.3010110526461,3.216,237.37725,0.72,4.159,65.0,6.82307604875711,206.0,62.605,1.31273373532075,237.37725,32.9,224.606,201.146,237.37725,237.37725,192.0,1.008,36.24164581,63.6326909989076,30.3333249560335,23.9740829703845,0.233,4.8,60.6,25.9,39.4,3.86,11.54,3.98,29.5,50.5,31.93,99.4,4.159,0.3236111111111111,8.828142257249324,484.74632604875706,0.01729416087683213,Healthcare Resources,1,74.1,34.4,31.96666666666667,53.58,0.3029490616621986
Haiti,2014,15.5,0.20958008,205.928560445,205.928560445,27.3,0.71,4.52035809,64.86157227,47.0,0.4683435,10.36076069,3.20148706,6.72015302,34.69728851,54.94194794,1.84605954892454,3.157,205.928560445,1.1,4.112,63.0,3.5600535314067,200.0,62.987,1.30467018069661,47.0,32.8,205.928560445,195.002,205.928560445,205.928560445,205.928560445,0.942,31.0153141,64.1022382287667,31.4123242113775,23.7056141466069,0.912,11.3,41.2,40.4,38.2,0.28,9.82,2.07,24.9,50.8,4.49,79.1,4.112,0.8290909090909091,6.861251582836439,442.6906139764067,0.021951098382039683,Healthcare Resources,1,10.0,97.9,33.800000000000004,37.1,-0.6810699588477367
Haiti,2015,99.6,0.22267249,28.5463594619439,61.0969736296395,41.2,0.0,5.07518148,68.24273682,207.26762379,0.56089777,11.05177689,4.40003729,7.54203537,38.0692215,50.87899399,5.0862205353188,3.108,207.26762379,0.3,4.081,64.0,3.41019706669015,194.0,63.237,1.31361288994532,38.0,32.6,207.26762379,192.369,207.26762379,207.26762379,207.26762379,0.286,33.96487808,64.5674854749725,32.5017277166698,23.431821242378,0.086,23.5,62.6,33.0,38.3,0.86,2.12,0.27,26.8,49.6,5.88,51.0,4.081,0.2866666666666667,6.69234749808395,441.34682085669016,0.024486127583254812,Healthcare Resources,1,37.3,74.1,54.56666666666666,42.2,5.425806451612903
Haiti,2016,27.7,0.16662404,229.75,229.75,7.7,0.581,4.80760574,59.83052063,229.75,0.52977306,11.0194788,4.974617,6.59301186,39.5484848,49.43203354,2.29983301042581,3.062,229.75,0.33,4.06,64.0,3.79013047058462,188.0,63.392,1.30552205270511,229.75,32.2,197.06,188.327,229.75,229.75,229.75,1.73,35.29019165,65.0230168507914,33.5993505838941,23.151039398225,0.443,9.2,62.4,38.3,39.1,0.15,9.39,1.9,26.8,47.8,0.54,87.0,4.06,1.3424242424242423,7.340492036686852,460.96713047058466,0.020925378628944502,Healthcare Resources,1,48.6,10.0,47.6,45.74,-0.7218875502008032
Haiti,2017,41.6,0.09705564,235.0,235.0,1.1,0.72,3.8199389,53.5790062,235.0,0.46510881,12.17581844,4.76582003,6.52368263,53.87294388,33.95123672,13.6552263980141,3.016,235.0,1.0,0.446,64.0,3.41263170345362,181.0,63.854,1.06318138683893,235.0,31.7,196.146,183.52,235.0,235.0,235.0,0.815,45.40202332,65.466827113029,34.7044548393316,22.8627466112954,0.732,7.9,91.0,21.9,40.6,1.57,9.57,2.54,34.5,47.0,142.4,53.0,4.027,0.732,11.88553652520463,462.5326317034536,0.01625505914893617,Healthcare Resources,1,15.5,37.3,56.3,46.6,0.5018050541516246
Haiti,2018,43.3,0.09930997,209.3795,209.3795,43.5,0.72,4.31650305,62.01782608,59.0,0.52653241,12.19812393,4.72443056,7.56501107,46.93828964,40.86358643,12.1163275322478,2.959,209.3795,5.26,0.444787979125977,64.0,1.62622829785632,176.0,64.019,1.08831860524055,59.0,31.6,194.728,182.532,209.3795,209.3795,1.182,0.402,38.85435486,65.8994451769274,35.8174460723716,22.5672157772654,0.237,40.1,67.0,36.8,41.6,0.15,3.48,0.57,27.9,45.3,50.05,85.1,3.994,0.04505703422053232,9.00135003032142,435.1377282978563,0.02061569088664363,Healthcare Resources,1,99.6,48.6,37.53333333333334,45.54,0.0408653846153845
Haiti,2019,49.8,0.15208527,24.6562332642119,64.7169351587221,57.0,0.72,3.91107917,49.08563995,20.3,0.40745705,10.4180212,4.02440834,5.1137527,47.32492065,42.25705719,15.3521623889101,2.919,159.00986380737052,4.87,3.939,51.0,1.77545628012875,159.00986380737052,64.255,1.05989610729539,20.3,31.3,25.9,159.00986380737052,159.00986380737052,159.00986380737052,0.933,1.483,39.03829193,66.3209862141568,36.9385275856622,22.2645912021566,0.367,5.7,73.6,36.8,43.6,0.0,8.2,0.9,28.9,46.4,47.0,53.0,3.939,0.07535934291581109,9.981462975601183,363.3951838948698,0.024596456322596456,Healthcare Resources,1,27.7,15.5,44.9,52.4,0.1501154734411085
Haiti,2020,98.8,0.4495289,235.9845,235.9845,57.0,0.74,3.22171092,44.17983627,4.8,0.4052884,12.57991219,4.10164928,5.55778436,56.85890961,30.56117821,28.2977923880389,2.869,235.9845,5.03,0.446564912796021,51.0,4.04643881508519,164.0,64.052,1.06593384493432,4.8,182.744,182.744,179.648,235.9845,235.9845,0.486,0.77,46.90286636,66.6953102748929,37.1217354310828,22.3730440528861,0.104,4.8,95.0,31.5,45.1,0.11,8.46,1.73,37.9,49.5,97.7,97.7,3.873,0.020675944333996023,14.55837209627734,464.77893881508516,0.01365221410728247,Healthcare Resources,1,41.6,99.6,63.96666666666667,52.24,0.9839357429718876
Haiti,2021,96.1,0.17309357,66.072,66.072,25.2,0.73,3.47919273,57.87849426,8.9,0.42501962,12.21604156,3.92148709,7.0704612,52.77209091,35.01186371,53.253755895104,2.814,189.89374196854675,4.77,3.821,51.0,2.20445159206753,159.0,63.192,66.072,37.3,189.89374196854675,189.89374196854675,189.89374196854675,189.89374196854675,66.072,189.89374196854675,1.564,43.53165817,67.0612754217819,37.3008520349427,22.4790750194289,0.395,37.3,97.0,26.7,48.2,0.0,1.97,0.35,37.9,49.5,49.0,54.0,3.821,0.0828092243186583,12.511999635616622,430.191935529161,0.01832178719494758,Healthcare Resources,1,43.3,27.7,81.56666666666668,65.92,-0.027327935222672
India,2002,98.5,0.13,211.35,211.35,89.0,0.4199999869,4.24,20.0,44.0,0.77,18.16,2.77,4.0,79.38,2.45,84.2222980401077,3.217,211.35,2.05,5.752,59.0,18.4079463182909,211.35,63.616,1.105777390962,211.35,24.6,211.35,179.626,211.35,211.35,0.305,3.359,73.37,81.1305571787929,19.5366220956603,46.7269188678981,3.213,211.35,0.2,3.1,19.9,0.1,3.0,0.5,28.46427345,28.46427345,86.4,86.4,5.752,1.567317073170732,17.30424528301887,429.2839463182909,0.020061509344688908,Healthcare Resources,2,90.81764705882354,89.76,98.5,98.5,0.0
India,2003,98.4,0.13,234.75,234.75,100.0,0.627,4.01,22.0,234.75,0.75,18.72,2.68,4.0,79.76,1.52,84.2205652852436,3.122,234.75,0.8999999762,5.674,61.0,19.3694372074758,234.75,64.094,1.06038689762543,77.0,23.9,234.75,173.247,234.75,234.75,234.75,1.238,73.42,81.768990903233,22.3687658590963,47.6184186237104,3.283,18.9,96.8,2.5,21.5,4.37,15.41,3.5,81.0,88.5,84.5,84.5,5.674,3.647777874241237,18.30922693266833,448.8664372074758,0.01708200212992545,Healthcare Resources,2,90.81764705882354,89.76,98.45,98.45,-0.0010152284263958
India,2004,98.6,0.14,226.5167493798257,226.5167493798257,93.0,0.621,3.96,25.0,226.5167493798257,0.71,17.98,2.65,4.0,79.78,2.23,84.2646853634715,3.046,226.5167493798257,3.01,5.573,63.0,21.1559301179489,226.5167493798257,64.524,1.01447513360675,226.5167493798257,22.5,226.5167493798257,167.462,226.5167493798257,226.5167493798257,0.413,1.252,72.48,82.4045080736675,25.2200839820911,48.4807001161199,3.37,37.2,97.2,1.2,22.0,0.0,3.2,0.5,78.3,86.8,79.9,79.9,5.573,1.1196013289036546,18.303030303030305,437.1346794977746,0.01748215092633097,Healthcare Resources,2,90.81764705882354,89.76,98.5,98.5,0.0020325203252031
India,2005,98.6,0.16,227.835,227.835,102.0,0.627,3.79,27.0,227.835,0.76,20.13,2.94,6.0,78.34,1.53,84.2650006993333,2.958,227.835,1.95,5.436,65.0,22.5126690547836,227.835,64.996,0.96397611354009,78.0,22.5,227.835,161.031,227.835,227.835,0.448,1.283,73.15,83.0367817028024,28.0895366732874,49.3504746837897,3.447,19.3,97.4,0.024,21.4,0.0,2.03,0.34,76.9,85.4,26.0,34.0,5.436,1.7676923076923077,19.30079155672823,432.7786690547836,0.016634845392498956,Healthcare Resources,2,98.5,89.76,98.53333333333336,98.525,0.0
India,2006,46.6,0.18,221.3,221.3,8.4,0.614,3.63,29.0,221.3,0.75,20.51,2.89,6.0,78.06,1.44,84.2655001562291,2.864,221.3,1.92,5.28,65.0,18.1072002760513,221.3,65.412,0.754662879369825,71.0,22.8,221.3,155.712,221.3,221.3,0.295,11.33,72.26,83.6659240960625,30.9773052982116,50.2280357734339,3.534,19.5,74.2,47.8,19.2,4.73,16.84,3.84,73.8,83.9,74.1,74.1,5.28,1.840625,19.906336088154273,414.3192002760513,0.016403072751920468,Healthcare Resources,2,98.4,89.76,81.26666666666667,88.14,-0.5273833671399594
India,2007,98.6,0.18,237.0119942425,237.0119942425,106.0,0.614,3.52,36.0,237.0119942425,0.74,20.9,2.79,7.0,77.59,1.51,84.2646670937111,2.784,237.0119942425,1.9,5.1,64.0,17.2983697056009,237.0119942425,65.788,0.712438468516915,237.0119942425,23.1,237.0119942425,151.348,225.792,237.0119942425,237.0119942425,11.46,70.82,84.2920134047185,33.8835011422482,51.1127958841887,3.62,13.5,96.7,7.0,16.8,3.74,12.98,2.79,70.5,82.2,51.7,51.7,5.1,1.905263157894737,20.11931818181818,411.238369705601,0.01485156905771821,Healthcare Resources,2,98.6,98.5,81.26666666666667,88.16,1.1158798283261802
India,2008,52.3,0.17,234.3186860425,234.3186860425,101.0,0.63,3.51,38.0,234.3186860425,0.8,22.63,2.8,9.0,75.5,1.87,84.2662632375189,2.718,234.3186860425,1.87,4.901,70.0,17.8286304026668,234.3186860425,66.149,0.67218199250198,78.0,23.3,234.3186860425,147.873,225.384,234.3186860425,0.67,11.5,69.15,84.9149974493222,36.8078425757573,52.0050439552417,3.679,14.4,98.3,2.3,15.6,0.88,15.07,2.09,67.2,80.6,95.8,95.8,4.901,1.9673796791443847,19.700854700854702,406.6856304026668,0.014979599191518882,Healthcare Resources,2,98.6,98.4,65.83333333333333,78.94,-0.4695740365111561
India,2009,98.9,0.17,231.2848183675,231.2848183675,95.0,0.62,3.49,38.0,231.2848183675,0.89,25.61,3.12,10.0,73.37,1.02,84.7097195042401,2.673,231.2848183675,1.84,4.716,74.0,18.0619903683883,231.2848183675,66.513,0.63192807185775,72.0,23.2,231.2848183675,145.274,225.4,231.2848183675,0.661,11.53,66.76,85.5345912190397,39.7494111123946,52.9050782928433,3.75,29.8,98.2,0.055,15.3,4.57,13.97,3.28,63.1,77.4,86.3,86.3,4.716,2.0380434782608696,19.12893982808023,404.03599036838835,0.015089619909485649,Healthcare Resources,2,46.6,98.6,83.26666666666667,79.0,0.891013384321224
India,2010,98.9,0.18,35.0090893635252,54.7948740551498,83.0,0.578,3.27,45.0,202.106732545,0.86,26.21,3.11,12.0,72.82,0.97,78.6520490311097,2.603,202.106732545,1.82,0.532952487468719,79.0,17.3928313067587,202.106732545,66.909,0.485168681094142,202.106732545,23.7,202.106732545,143.479,202.106732545,202.106732545,202.106732545,11.61,65.18,86.1508722744759,42.7083153635918,59.338579622901,3.807,15.4,0.41,7.1,14.8,0.0,9.29,1.08,57.8,75.6,39.0,49.0,4.532,2.0917582417582414,19.93272171253823,377.7785638517587,0.016179569867975176,Healthcare Resources,2,98.6,98.6,83.36666666666667,79.05999999999999,0.0
India,2011,99.0,0.19,212.6013216166874,212.6013216166874,80.0,0.504,3.25,48.0,9.0,0.94,28.87,3.38,14.0,70.26,0.87,76.7634181936112,2.536,212.6013216166874,1.79,4.357,82.0,14.7248510331224,212.6013216166874,67.359,0.461906069981462,66.0,23.9,212.6013216166874,142.507,212.6013216166874,212.6013216166874,0.64,11.62,62.22,86.7639052913499,45.6845928363292,59.4349176344164,1.843,21.9,0.84,1.3,14.3,5.46,17.91,4.55,52.8,71.4,64.56,98.0,4.357,1.029608938547486,19.144615384615385,384.1331726498098,0.015286828770799621,Healthcare Resources,2,52.3,46.6,98.93333333333334,89.53999999999999,0.0010111223458038
India,2012,99.0,0.2,208.5891432775,208.5891432775,72.0,0.71,3.33,49.0,33.0,0.93,27.99,3.44,14.0,71.07,0.94,68.7806441275437,2.467,208.5891432775,1.77,4.233,82.0,11.8076224704701,208.5891432775,67.887,0.440386786795418,60.0,23.7,208.5891432775,142.342,208.5891432775,208.5891432775,208.5891432775,11.64,63.0,87.3745079483664,48.6803118983771,59.5346008751458,3.954,16.0,0.45,2.2,13.5,0.0,9.39,0.64,51.3,69.2,85.45,51.2,4.233,2.233898305084746,18.91891891891892,376.23876574797015,0.015964397512146063,Healthcare Resources,2,98.9,98.6,98.96666666666668,89.62,0.0
India,2013,98.0,0.28,237.37725,237.37725,66.0,0.77,3.75,56.0,237.37725,0.87,23.07,3.24,13.0,76.66,0.27,50.8085779574618,2.406,237.37725,0.49,4.159,83.0,9.0660691634983,237.37725,68.46,0.420563452650781,196.0,22.7,224.606,142.92,214.491,237.37725,0.29,7.538,69.07,87.9823668573986,51.6944537516583,59.63734533374,1.876,15.6,0.51,0.099,12.9,0.0,7.5,0.58,53.2,66.4,31.93,99.4,4.159,3.8285714285714283,18.418666666666663,379.37706916349833,0.015797638568986708,Healthcare Resources,2,98.9,52.3,98.66666666666669,98.76,-0.01010101010101
India,2014,81.4,0.26,205.928560445,205.928560445,65.0,0.71,3.62,57.0,47.0,0.86,23.66,3.25,13.0,75.59,0.75,49.1211429587693,2.306,205.928560445,1.73,4.112,85.0,9.12990691921499,205.928560445,69.074,0.322214927093121,184.0,22.0,205.928560445,143.702,205.928560445,205.928560445,205.928560445,8.758,67.01,88.5873718355345,54.7265188290698,59.7434300966656,4.089,16.3,2.25,38.7,12.6,0.0,8.7,0.4,46.4,63.1,6.82,79.1,4.112,2.363583815028902,18.51104972375691,371.36046736421497,0.017578911794349384,Healthcare Resources,2,99.0,98.9,92.8,95.26,-0.1693877551020407
India,2015,98.2,0.24,28.2602532026273,62.042953140371,61.0,0.74,3.6,58.0,207.26762379,0.92,25.64,3.38,15.0,73.65,0.71,47.4862395732849,2.287,207.26762379,1.7,4.081,87.0,9.65607170248285,207.26762379,69.636,0.30543993444653,64.0,22.6,207.26762379,144.478,202.425,207.26762379,207.26762379,9.076,64.66,89.1893092956283,57.7757201395978,61.8363913610075,4.155,16.2,97.2,37.9,12.2,0.0,7.95,0.29,42.5,59.4,113.11,57.0,4.081,2.4441176470588237,17.96111111111111,368.75907170248286,0.017368848709567196,Healthcare Resources,2,99.0,98.9,92.53333333333336,95.12,0.2063882063882063
India,2016,81.4,0.27,229.75,229.75,20.1,0.581,3.5,60.0,229.75,0.94,26.84,3.39,16.0,72.52,0.64,46.2113990236011,2.273,229.75,1.68,4.06,88.0,9.89384860767055,225.0,70.117,0.290157768553409,63.0,22.6,197.06,144.65,197.778,229.75,229.75,9.32,63.21,89.7879609406816,60.8412572070892,63.9222864004154,4.221,15.8,79.3,1.3,11.5,0.0,7.15,0.26,37.9,55.4,34.74,87.0,4.06,2.5125,18.06,363.8218486076706,0.015233949945593036,Healthcare Resources,2,98.0,99.0,87.0,91.6,-0.1710794297352341
India,2017,98.7,0.38,235.0,235.0,58.0,0.72,2.94,57.0,235.0,0.97,32.95,3.66,19.0,66.46,0.59,35.7899725786249,2.2,235.0,1.67,0.44,89.0,7.39369231110793,217.0,70.467,0.284323874289897,143.0,22.2,196.146,143.731,195.1,235.0,235.0,2.084,55.11,90.3831835768211,63.8303891457709,66.000895441643,2.158,16.4,1.57,34.7,10.5,0.19,17.46,6.67,30.1,52.4,142.4,60.0,4.027,1.2922155688622754,18.744897959183675,356.72469231110796,0.01251063829787234,Healthcare Resources,2,81.4,99.0,92.76666666666668,91.54,0.2125307125307125
India,2018,98.8,0.3,209.3795,209.3795,59.0,0.72,2.86,58.0,59.0,0.98,34.29,3.68,20.0,65.25,0.46,40.5188660331208,2.177,209.3795,1.65,0.484795808792114,90.0,5.27451272271117,208.0,70.71,0.277346297123164,59.0,22.0,194.728,141.768,194.114,209.3795,1.182,1.707,53.23,90.9746755845385,66.7481167689947,68.0714866477316,0.678,17.1,0.15,3.4,10.3,0.0,2.27,0.37,25.0,48.4,55.47,85.1,3.994,0.41090909090909095,18.61188811188811,351.4565127227112,0.013659407917202972,Healthcare Resources,2,98.2,98.0,92.96666666666664,91.7,0.0010131712259371
India,2019,98.4,0.31,24.166184366593,65.9332019454579,57.0,0.72,2.95,61.0,20.3,1.04,35.07,3.85,21.0,64.38,0.56,45.269084084993,2.109,159.00986380737052,1.63,3.939,91.0,4.29463190232564,159.00986380737052,70.91,0.279018070818981,20.3,21.9,36.4,139.668,159.00986380737052,159.00986380737052,0.933,7.375,52.0,91.5622211412629,69.6631460883283,70.1335988725305,2.303,16.1,0.0,8.0,11.6,0.0,2.22,0.46,23.8,46.3,47.0,64.0,3.939,1.4128834355828221,17.627118644067796,314.57249570969617,0.018552308198777664,Healthcare Resources,2,81.4,81.4,98.63333333333333,95.1,-0.0040485829959513
India,2020,98.4,0.38,235.9845,235.9845,57.0,0.74,3.34,64.0,4.8,1.21,36.3,3.69,23.0,63.04,0.65,61.5916635927702,2.051,235.9845,1.62,0.493510901927948,85.0,3.75363408787146,195.0,70.15,0.211163385347433,4.8,182.744,182.744,144.496,202.334,235.9845,0.486,1.728,49.45,92.1456047702605,72.5751023190604,72.1867693705958,0.727,15.7,6.05,35.5,13.1,0.0,2.36,0.56,24.1,49.6,97.7,97.7,3.873,0.4487654320987654,14.805389221556888,363.68363408787144,0.014153471944131923,Healthcare Resources,2,98.7,98.2,98.53333333333336,95.14,0.0
India,2021,89.4,0.47270992,66.072,66.072,25.2,0.73,3.28,74.0,9.6,1.12,34.27,3.69,25.0,63.52,2.21,80.9240501119936,2.031,189.89374196854675,1.6,3.821,85.0,3.63793125706123,189.89374196854675,67.24,66.072,37.3,189.89374196854675,189.89374196854675,185.906,189.89374196854675,66.072,189.89374196854675,5.513,49.82,92.7246538783578,75.4837376494401,74.2307260824252,2.142,16.0,85.1,0.081,14.0,0.0,11.1,2.0,22.8,43.9,49.0,63.0,3.821,1.3387499999999999,15.189024390243903,393.43767322560797,0.017272817766386877,Healthcare Resources,2,98.8,81.4,95.40000000000002,96.74,-0.0914634146341463
Indonesia,2002,68.4,0.2422429,211.35,211.35,89.0,0.4199999869,1.98062706,19.14863396,44.0,0.67425066,34.0422821,3.98283839,6.51863213,64.58784485,1.36987221,11.5071804505477,2.456,211.35,0.59,5.752,70.0,5.33166540587168,211.35,67.134,0.776532360613623,55.0,25.8,211.35,170.367,208.586,211.35,0.305,2.24,46.37796402,77.2244511616934,44.4149716714658,46.7269188678981,1.538,18.2,0.2,18.9,18.2,1.41,2.29,0.33,28.46427345,28.46427345,86.4,86.4,5.752,2.606779661016949,23.415798439106453,402.4846654058717,0.00937131327182399,Healthcare Resources,2,85.4270588235294,84.51733333333333,68.4,68.4,0.0
Indonesia,2003,66.3,0.44289514,234.75,234.75,0.7,0.627,2.24837184,25.73569489,234.75,0.81785041,36.37522888,4.49961615,9.36141799,62.37353897,1.25123096,1.3286447716271,2.428,234.75,0.59,5.674,71.0,5.33166271089821,234.75,67.413,0.729889231539746,234.75,25.9,234.75,163.172,211.662,234.75,234.75,0.807,46.01685333,78.1799292696413,46.5416632231283,47.6184186237104,0.132,17.4,91.5,2.5,18.0,4.37,15.41,3.5,24.7,44.4,84.5,84.5,5.674,0.22372881355932206,20.46674509586457,398.16566271089823,0.009577728817891373,Healthcare Resources,2,85.4270588235294,84.51733333333333,67.35,67.35,-0.030701754385965
Indonesia,2004,71.5,0.39647394,226.5167493798257,226.5167493798257,93.0,0.192,2.12002277,26.21132469,226.5167493798257,0.74926209,35.34217453,4.20149517,9.26365246,62.73160553,1.92621684,6.9812152355496,2.418,226.5167493798257,0.59,5.573,71.0,4.81186056076688,226.5167493798257,65.75,0.763495914874532,53.0,26.0,226.5167493798257,194.81,226.5167493798257,226.5167493798257,0.413,2.124,45.9106369,79.1261137314695,48.6862011052539,48.4807001161199,1.662,16.7,91.9,28.6,18.2,1.35,2.06,0.33,24.5,43.5,79.9,79.9,5.573,2.816949152542373,21.65572820710789,444.33860994059256,0.009359231826363192,Healthcare Resources,2,85.4270588235294,84.51733333333333,68.73333333333333,68.73333333333333,0.0784313725490195
Indonesia,2005,91.1,0.19221886,227.835,227.835,102.0,0.627,2.53189397,34.40548706,227.835,0.73213077,28.91632652,4.2081809,9.94880443,69.45800018,1.62566638,15.4644968991569,2.433,227.835,0.6,5.436,72.0,5.18895658433425,227.835,67.649,0.74912718080438,53.0,26.1,227.835,169.141,209.773,227.835,0.448,2.217,55.3282814,80.0618734021774,50.8459818744068,49.3504746837897,1.775,16.0,88.6,19.4,18.4,1.12,2.14,0.34,31.6,42.6,26.0,34.0,5.436,2.9583333333333335,21.85252702347563,402.50295658433424,0.01111284030109509,Healthcare Resources,2,68.4,84.51733333333333,76.3,74.325,0.2741258741258741
Indonesia,2006,93.4,0.74896973,221.3,221.3,8.4,0.614,2.61946416,44.80917358,221.3,0.83084285,31.71804619,4.51138687,14.21259465,66.92236328,1.35958803,22.9292476650348,2.453,221.3,0.6,5.28,72.0,5.97919932017881,221.3,67.914,0.690544942449304,50.0,26.1,221.3,161.814,211.833,221.3,0.295,2.236,53.37503815,80.9767562559622,53.0210842646296,75.1376319801886,1.893,17.8,90.38,15.5,18.2,1.13,1.82,0.25,29.9,41.9,74.1,74.1,5.28,3.1550000000000002,20.376319311809176,397.8261993201788,0.01183671107094442,Healthcare Resources,2,66.3,84.51733333333333,85.33333333333333,78.14,0.0252469813391877
Indonesia,2007,73.0,1.14058006,237.0119942425,237.0119942425,0.8,0.614,2.82385564,56.52228165,237.0119942425,1.01869869,36.07474518,5.43744278,20.39026913,62.26914978,1.65610123,33.5870319588097,2.491,237.0119942425,0.61,5.1,73.0,5.33166195948767,237.0119942425,68.189,0.682823472163198,206.0,26.2,237.0119942425,163.216,206.339,237.0119942425,237.0119942425,2.302,49.54561996,81.881582956157,55.2099624923316,75.2999752001126,1.937,16.6,93.3,7.0,17.6,1.27,2.54,0.33,27.6,41.8,51.7,51.7,5.1,3.175409836065574,17.545379890595257,392.48666195948766,0.011914399729115642,Healthcare Resources,2,71.5,68.4,85.83333333333333,79.05999999999999,-0.2184154175588866
Indonesia,2008,74.86,1.5462302,234.3186860425,234.3186860425,101.0,0.63,2.54842305,59.79582214,234.3186860425,0.89791238,35.23404312,4.6298461,21.06848506,63.5949707,1.17098391,62.5260000308651,2.479,234.3186860425,0.63,4.901,77.0,5.33166523592105,234.3186860425,68.226,0.695369677212562,48.0,26.2,234.3186860425,166.068,208.296,234.3186860425,0.67,2.33,49.36756516,82.7767301263991,57.4122949055182,75.4629298987605,1.97,15.4,92.65,40.1,16.5,0.24,3.58,0.73,25.4,39.4,95.8,95.8,4.901,3.126984126984127,19.371809229240807,396.19566523592107,0.010875884860235921,Healthcare Resources,2,91.1,66.3,80.42,80.772,0.0254794520547945
Indonesia,2009,95.3,0.35963088,231.2848183675,231.2848183675,95.0,0.62,2.62324095,62.98189545,231.2848183675,0.92164314,35.13375854,5.41294384,22.12790735,63.25576019,1.61047709,65.3481460076856,2.459,231.2848183675,0.68,4.716,78.0,5.33166275278061,231.2848183675,68.494,0.656058785653483,52.0,26.2,231.2848183675,159.579,209.654,231.2848183675,0.661,2.393,49.22135544,83.6614405618851,59.6260299511536,75.6256796372962,0.143,14.1,94.51,0.055,15.1,0.82,3.5,0.48,24.0,37.7,86.3,86.3,4.716,0.2102941176470588,18.763566282388204,389.6646627527806,0.011342036924498007,Healthcare Resources,2,93.4,71.5,81.05333333333334,85.53200000000001,0.273043013625434
Indonesia,2010,82.2,0.09928947,25.3232657616765,69.0694680236578,83.0,0.578,2.7908783,86.36213684,202.106732545,0.66109079,23.68755341,3.91489601,20.45707703,75.45695496,0.85548997,73.879932152395,2.452,202.106732545,0.65,0.496361434459686,81.0,8.1611761672718,202.106732545,68.679,0.520272016011091,43.0,26.1,202.106732545,162.016,202.106732545,202.106732545,202.106732545,2.445,60.58386612,84.5326117527197,61.8456968664636,75.7845584963561,0.138,53.2,92.7,39.2,13.1,0.62,3.45,0.47,32.1,37.9,39.0,42.0,4.532,0.2123076923076923,21.70781367284987,385.38390871227176,0.013808932858674553,Healthcare Resources,2,73.0,91.1,84.12,83.752,-0.1374606505771248
Indonesia,2011,95.3,0.10745579,212.6013216166874,212.6013216166874,80.0,0.504,2.98942471,108.03186035,5.1,0.70190871,23.47972488,3.96251845,25.36558289,75.5667572,0.95352107,54.421203898693,2.499,212.6013216166874,0.69,4.357,81.0,7.33131618259862,212.6013216166874,68.823,0.64179950670507,42.0,25.9,212.6013216166874,162.174,204.679,212.6013216166874,0.64,2.543,56.22341919,85.3771275634308,64.0515484353717,76.1456457007876,2.129,12.5,0.84,1.3,11.3,0.55,3.87,0.91,30.9,38.8,64.56,98.0,4.357,3.0855072463768116,18.807437766178094,385.48431618259866,0.014061176512297635,Healthcare Resources,2,74.86,93.4,90.93333333333334,84.132,0.1593673965936739
Indonesia,2012,83.1,0.11114662,208.5891432775,208.5891432775,0.8,0.71,2.91427088,106.90163422,33.0,0.76724905,26.32730865,4.07335424,28.1443228,72.71173859,0.96095127,49.0569077026763,2.49,208.5891432775,0.92,4.233,87.0,7.18169089447237,208.5891432775,68.973,0.492504249525209,208.5891432775,25.8,208.5891432775,160.869,205.062,208.5891432775,208.5891432775,2.582,53.61792374,86.2129184659501,66.2697088884734,76.4897022826397,0.199,12.0,95.7,13.6,9.8,0.45,3.45,0.89,27.8,36.9,85.45,51.2,4.233,0.21630434782608696,18.398400817153963,382.91269089447235,0.013971344980898416,Healthcare Resources,2,95.3,73.0,86.86666666666666,86.152,-0.1280167890870934
Indonesia,2013,87.4,0.14210127,237.37725,237.37725,66.0,0.77,2.86934805,103.37931824,237.37725,0.81686825,28.4687748,4.28101349,29.43082669,70.38717651,1.14404118,33.5513311021508,2.427,237.37725,1.1,4.159,92.0,6.03903442538083,237.37725,69.264,0.46190954992673,37.0,25.7,224.606,152.461,206.261,237.37725,0.29,2.841,50.89988327,87.039688549159,68.4990104492093,76.8163932015603,2.184,11.4,95.4,36.4,8.5,0.54,3.74,0.92,25.2,35.4,31.93,99.4,4.159,1.9854545454545454,17.739180602367146,373.2610344253808,0.012087712912673814,Healthcare Resources,2,82.2,74.86,88.60000000000001,88.66,0.0517448856799038
Indonesia,2014,95.6,0.10707583,205.928560445,205.928560445,65.0,0.71,2.96433568,103.05883789,47.0,0.99274278,33.48955154,5.33553553,34.51394348,64.48092651,2.02952504,31.7233353027579,2.389,205.928560445,1.05,4.112,88.0,4.53919560319613,205.928560445,69.533,0.462483738328649,38.0,25.6,205.928560445,152.838,200.078,205.928560445,205.928560445,2.716,45.24729156,87.8579420521054,70.7394179842329,77.1262517015837,2.256,11.3,97.2,38.7,8.0,0.68,4.38,1.17,20.0,33.0,11.42,79.1,4.112,2.148571428571428,15.263889263715235,365.4551956031961,0.014394971118111242,Healthcare Resources,2,95.3,95.3,88.69999999999999,88.72,0.0938215102974826
Indonesia,2015,97.7,0.18466647,21.8838899263593,73.0713752539611,61.0,0.0,2.92428517,97.16175842,207.26762379,1.15799773,39.59934235,6.62539768,38.47541822,59.91054153,0.4901185,53.0650564201301,2.345,207.26762379,1.09,4.081,84.0,4.01167974454538,207.26762379,69.699,0.46304214210099,34.0,25.6,207.26762379,152.107,199.15,207.26762379,207.26762379,1.296,43.04529953,88.6672494941837,72.9895935526156,77.4188183018964,0.273,11.2,98.5,12.4,7.3,0.39,3.61,0.41,18.2,31.9,113.11,50.0,4.081,0.25045871559633026,14.719939071468874,362.5686797445454,0.014108740750378051,Healthcare Resources,2,83.1,82.2,93.56666666666668,91.82,0.0219665271966527
Indonesia,2016,92.6,0.19835542,229.75,229.75,0.5,0.581,3.02147198,107.52870941,229.75,1.37558317,45.52692032,8.17642403,48.95451019,53.94567871,0.52739972,58.4244123468821,2.309,229.75,1.1,4.06,84.0,4.15256165418808,229.75,69.798,0.462390585500785,36.0,25.4,197.06,151.951,199.765,229.75,229.75,2.898,38.51763916,89.4676670658379,75.2488988194538,77.6941682031391,2.359,10.9,93.7,10.0,6.7,0.66,4.31,0.9,13.6,29.0,34.74,87.0,4.06,2.1445454545454545,12.747971655854974,362.56856165418804,0.013151129401523394,Healthcare Resources,2,87.4,95.3,95.3,91.28,-0.052200614124872
Indonesia,2017,90.9,0.21494839,235.0,235.0,0.2,0.72,2.90417194,111.51396179,235.0,1.34984481,46.47950745,8.15006733,51.83114059,52.83429337,0.68619859,75.4726625166283,2.262,235.0,1.15,0.535,85.0,2.81376272761687,235.0,69.936,0.462625801490612,143.0,25.2,196.146,151.493,199.216,235.0,235.0,2.054,36.59593964,90.2587210817382,77.5160586155665,77.9519102626708,0.377,10.6,97.5,21.3,6.0,0.53,4.52,0.87,11.4,26.9,142.4,54.0,4.027,0.32782608695652177,12.601161500100439,359.52276272761685,0.012358178468085106,Healthcare Resources,2,95.6,83.1,93.73333333333336,92.84,-0.0183585313174944
Indonesia,2018,93.6,0.19273698,209.3795,209.3795,59.0,0.72,2.86757827,111.91187286,59.0,1.395854,48.67710495,8.36061573,54.47545987,50.91791534,0.40497854,73.5078865593241,2.234,209.3795,1.16,0.53795725107193,85.0,2.48064110151178,209.3795,70.338,0.432861609001471,59.0,25.0,194.728,143.61,193.961,209.3795,1.182,3.122,35.64099503,91.0407971895122,79.7909218571099,78.1924812495899,0.425,9.8,0.15,30.8,5.9,0.37,4.74,0.91,9.9,25.1,55.47,85.1,3.994,0.3663793103448276,12.428952821573723,345.95164110151177,0.013695601861691331,Healthcare Resources,2,97.7,87.4,92.36666666666667,94.08,0.0297029702970295
Indonesia,2019,94.7,0.06373075,18.9256595520418,76.3264256879934,57.0,0.72,2.87862897,119.4984436,20.3,1.39791656,48.56188965,8.5572319,58.03070066,50.87226868,0.56584311,82.1053966294235,2.215,159.00986380737052,1.18,3.939,85.0,2.87236340824017,159.00986380737052,70.518,0.324109012158324,20.3,24.8,15.8,142.276,159.00986380737052,159.00986380737052,0.933,3.822,35.07468796,91.8137421547406,82.0727007179025,78.4158442814724,0.467,9.4,0.0,14.1,6.2,0.0,2.53,0.53,8.1,22.6,47.0,56.0,3.939,0.3957627118644068,12.184511559334442,310.35822721561067,0.01810346164114234,Healthcare Resources,2,92.6,95.6,93.06666666666666,93.9,0.0117521367521369
Indonesia,2020,98.4,0.13258837,235.9845,235.9845,57.0,0.74,3.42067289,133.25634766,4.8,1.88725579,55.17206192,10.16993046,73.52028129,44.32585526,0.50208026,72.5266799532236,2.194,235.9845,1.4,0.540038466453552,77.0,2.82977894811432,235.9845,68.808,0.353906437053535,4.8,182.744,182.744,161.38,219.64,235.9845,0.486,3.978,31.6984539,92.5873956949722,84.3612056704486,78.6223880588527,0.627,9.8,6.05,13.9,6.3,0.12,2.23,0.43,7.4,23.6,97.7,97.7,3.873,0.4478571428571429,9.266730529150362,390.1497789481143,0.014495328676247804,Healthcare Resources,2,90.9,97.7,95.56666666666666,94.04,0.0390707497360085
Indonesia,2021,89.4,0.07945221,66.072,66.072,25.2,0.73,3.70636249,160.64176941,10.6,2.20201945,59.41187668,12.11291027,95.44028215,38.54430771,2.04382014,96.7396807500422,2.175,189.89374196854675,1.36,3.821,67.0,2.96484588102544,189.89374196854675,67.57,66.072,37.3,189.89374196854675,189.89374196854675,179.774,189.89374196854675,66.072,189.89374196854675,5.513,27.48734474,93.3517658193308,86.6556351727463,78.8120563209643,0.695,10.1,85.1,12.8,6.8,0.0,1.97,0.35,7.4,23.3,49.0,55.0,3.821,0.5110294117647058,7.416259152784595,379.4325878495722,0.019518086544494485,Healthcare Resources,2,93.6,92.6,94.16666666666669,93.4,-0.0914634146341463
Italy,2002,99.6,0.41326061,211.35,211.35,89.0,0.4199999869,7.87,211.35,44.0,5.9,74.96,12.63,211.35,25.04,0.0,0.0,1.27,211.35,4.44,5.752,93.0,0.543103193229414,7.9,80.2292682926829,0.013050663020219,3.0,12.9,211.35,49.132,95.824,50.0,0.305,5.849,24.13,99.6084844677844,99.8859002298084,46.7269188678981,3.563,211.35,0.2,3.1,2.5,0.1,3.0,0.5,28.46427345,28.46427345,86.4,86.4,5.752,0.8024774774774774,3.0660736975857685,147.99910319322942,0.03723681097705228,Healthcare Resources,3,99.71176470588236,99.6866666666667,99.6,99.6,0.0
Italy,2003,99.6,0.44643751,234.75,234.75,100.0,0.4,7.83,234.75,234.75,5.9,75.33,12.51,234.75,24.67,0.0,0.0,1.29,234.75,4.17,5.674,96.0,0.351886136737964,8.7,79.9829268292683,0.0122515982806683,5.0,12.7,234.75,47.786,92.243,48.0,234.75,5.484,23.72,99.6341969349767,99.8858756040117,47.6184186237104,3.624,18.9,2.81,2.5,2.5,0.0,3.3,0.6,0.8,0.2,84.5,84.5,5.674,0.8690647482014389,3.0293742017879945,142.88088613673796,0.03335463258785942,Healthcare Resources,3,99.71176470588236,99.6866666666667,99.6,99.6,0.0
Italy,2004,99.8,0.41250724,226.5167493798257,226.5167493798257,93.0,0.326,8.17,226.5167493798257,226.5167493798257,6.23,76.24,13.28,226.5167493798257,23.76,0.0,0.0,1.34,226.5167493798257,4.01,5.573,94.0,0.258612251935027,7.8,80.7804878048781,0.010998656880683,4.0,12.0,226.5167493798257,44.996,86.976,44.0,0.413,5.356,22.83,99.6599094021691,99.8858521444467,48.4807001161199,3.687,19.2,99.0,1.2,2.5,0.0,3.2,0.5,0.6,0.1,79.9,79.9,5.573,0.9194513715710724,2.7943696450428397,134.73061225193504,0.03606797299700101,Healthcare Resources,3,99.71176470588236,99.6866666666667,99.66666666666669,99.66666666666669,0.002008032128514
Italy,2005,99.8,0.4640432,227.835,227.835,102.0,0.321,8.34,227.835,227.835,6.46,77.49,13.68,227.835,22.51,0.0,0.0,1.34,227.835,4.03,5.436,95.0,0.4083799932583,7.6,80.7829268292683,0.0107878031163926,2.0,11.8,227.835,44.227,84.356,43.0,0.448,5.218,21.61,99.6856218693615,99.8858280494172,49.3504746837897,3.707,19.3,0.74,0.024,2.5,0.0,2.03,0.34,0.4,0.1,26.0,76.0,5.436,0.91985111662531,2.591127098321343,131.4913799932583,0.03660543814602673,Healthcare Resources,3,99.6,99.6866666666667,99.73333333333332,99.7,0.0
Italy,2006,99.8,0.48383656,221.3,221.3,112.0,0.332,8.44,221.3,221.3,6.56,77.75,13.72,221.3,22.25,0.0,0.0,1.37,221.3,3.97,5.28,96.0,0.609789817253335,8.1,81.2829268292683,0.010082420321392,8.0,11.4,221.3,42.889,82.979,41.0,0.295,5.382,21.32,99.7113343365538,99.8858014767204,50.2280357734339,3.706,19.5,0.77,3.1,2.5,0.0,9.11,1.03,0.4,0.1,74.1,74.1,5.28,0.9335012594458437,2.5260663507109005,128.97778981725332,0.03813827383642114,Healthcare Resources,3,99.6,99.6866666666667,99.8,99.72,0.0
Italy,2007,99.6,0.61307919,237.0119942425,237.0119942425,106.0,0.347,8.14,237.0119942425,237.0119942425,6.3,77.49,13.48,237.0119942425,22.51,0.0,0.0,1.4,237.0119942425,3.88,5.1,97.0,0.65976544701405,5.4,81.4341463414634,0.0098542528069741,2.0,11.2,237.0119942425,42.189,80.536,40.0,237.0119942425,5.506,21.52,99.7370468037462,99.8857795005713,51.1127958841887,3.773,18.9,100.0,1.9,2.5,0.0,10.36,0.49,0.3,0.1,51.7,51.7,5.1,0.9724226804123712,2.6437346437346436,125.88476544701405,0.03434425344597337,Healthcare Resources,3,99.8,99.6,99.73333333333332,99.72,-0.002004008016032
Italy,2008,99.8,0.47915494,234.3186860425,234.3186860425,101.0,0.362,8.53,234.3186860425,234.3186860425,6.63,77.68,13.86,234.3186860425,22.32,0.0,0.0,1.45,234.3186860425,3.77,4.901,96.0,0.313763410581708,8.0,81.4853658536585,0.0094160138276419,2.0,10.9,234.3186860425,41.701,78.548,39.0,0.67,5.501,21.34,99.7627592709386,99.885752544021,52.0050439552417,3.761,18.4,98.3,2.3,2.5,0.0,6.9,0.47,0.4,0.1,95.8,95.8,4.901,0.9976127320954907,2.5017584994138335,123.06276341058171,0.036403413419845036,Healthcare Resources,3,99.8,99.6,99.73333333333332,99.76,0.002008032128514
Italy,2009,99.8,0.54793304,231.2848183675,231.2848183675,95.0,0.377,8.95,231.2848183675,231.2848183675,7.01,78.31,13.71,231.2848183675,21.69,0.0,0.0,1.45,231.2848183675,3.66,4.716,96.0,0.264027489436695,7.8,81.6365853658537,0.0096581373012586,2.0,10.8,231.2848183675,41.987,76.385,40.0,0.661,5.497,20.66,99.788471738131,99.8857326917431,52.9050782928433,3.761,18.7,3.19,0.055,2.5,0.0,9.05,0.42,0.4,0.1,86.3,86.3,4.716,1.0275956284153005,2.3083798882681568,121.13602748943671,0.03869687627217666,Healthcare Resources,3,99.8,99.8,99.73333333333332,99.76,0.0
Italy,2010,99.9,0.58610934,3.62593178697899,92.2468466267496,83.0,0.74,8.92,202.106732545,202.106732545,6.99,78.45,14.01,202.106732545,21.55,0.0,0.0,1.46,202.106732545,3.61,0.750265836715698,96.0,0.370802642854133,8.7,82.0365853658537,0.0093782017212213,3.0,10.4,202.106732545,40.179,73.052,38.0,202.106732545,5.47,20.55,99.8141842053233,99.8857062365452,53.812311723031,3.784,19.8,0.41,7.1,2.5,0.0,9.29,1.08,0.5,0.1,39.0,80.0,4.532,1.0481994459833794,2.3038116591928253,116.10180264285414,0.044135095786647885,Healthcare Resources,3,99.6,99.8,99.83333333333331,99.78,0.001002004008016
Italy,2011,99.9,0.55770832,212.6013216166874,212.6013216166874,80.0,0.72,8.77,212.6013216166874,5.1,6.76,77.01,13.74,212.6013216166874,22.99,0.0,0.0,1.44,212.6013216166874,3.48,4.357,96.0,0.146721671313821,6.5,82.1878048780488,0.0095349721101452,2.0,10.5,212.6013216166874,40.484,71.981,37.0,0.64,5.443,22.03,99.8398966725157,99.8856857988446,54.7270312962107,3.856,19.5,0.84,1.3,2.5,0.0,9.19,0.5,0.6,0.2,64.56,98.0,4.357,1.1080459770114943,2.5119726339794757,115.11172167131383,0.04125091948305005,Healthcare Resources,3,99.8,99.8,99.86666666666667,99.8,0.0
Italy,2012,98.1,0.55659932,208.5891432775,208.5891432775,72.0,0.71,8.78,208.5891432775,33.0,6.66,75.88,13.17,208.5891432775,24.12,0.0,0.0,1.43,208.5891432775,3.38,4.233,97.0,0.113401136083666,5.9,82.2390243902439,0.0094571751225925,2.0,10.4,208.5891432775,39.701,70.628,36.0,208.5891432775,5.355,22.08,99.8656091397081,99.885637952954,55.6495360555589,3.832,19.3,0.45,2.2,2.5,0.0,9.39,0.64,0.8,0.2,49.33,51.2,4.233,1.1337278106508875,2.5148063781321186,112.94240113608367,0.04209231536235509,Healthcare Resources,3,99.8,99.6,99.3,99.5,-0.0180180180180181
Italy,2013,99.9,0.48322913,237.37725,237.37725,66.0,0.77,8.78,237.37725,237.37725,6.65,75.76,13.05,237.37725,24.24,0.0,0.0,1.39,237.37725,3.31,4.159,96.0,0.109214043842452,5.7,82.690243902439,0.0094511209037636,2.0,10.0,224.606,38.636,67.898,35.0,0.29,5.323,22.23,99.8913216069004,99.8855737262024,56.5792334362488,3.895,19.4,0.51,0.099,2.5,0.0,7.5,0.58,0.8,0.2,121.48,99.4,4.159,1.1767371601208458,2.5318906605922553,109.14321404384245,0.03698753776952088,Healthcare Resources,3,99.9,99.8,99.3,99.52,0.0183486238532111
Italy,2014,99.9,0.43591252,205.928560445,205.928560445,65.0,0.71,8.87,205.928560445,47.0,6.69,75.42,13.15,205.928560445,24.58,0.0,0.0,1.37,205.928560445,3.24,4.112,95.0,0.157386291230193,6.3,83.090243902439,0.0090111344043644,2.0,9.8,205.928560445,37.507,66.045,32.0,205.928560445,5.576,22.54,99.9170340740928,99.885520077857,57.5210496360148,3.91,19.9,2.25,1.6,2.5,0.0,8.7,0.4,0.8,0.2,114.03,79.1,4.112,1.2067901234567902,2.5411499436302143,106.20938629123019,0.04307318994913785,Healthcare Resources,3,99.9,99.8,99.3,99.54,0.0
Italy,2015,99.9,0.45552984,5.12217927744996,91.1489832076112,61.0,0.74,8.86,207.26762379,207.26762379,6.59,74.44,13.1,207.26762379,25.56,0.0,0.0,1.35,207.26762379,3.22,4.081,93.0,0.175649539109056,6.6,82.5439024390244,0.0090645720299138,3.0,9.8,207.26762379,38.612,67.307,31.0,207.26762379,5.748,23.47,99.9170340740928,99.8854580988153,58.4752230978059,3.87,20.6,0.93,0.11,2.5,0.0,7.95,0.29,1.0,0.2,133.3,83.0,4.081,1.201863354037267,2.648984198645598,108.59464953910907,0.042746666546323704,Healthcare Resources,3,98.1,99.9,99.9,99.54,0.0
Italy,2016,99.9,0.42353997,229.75,229.75,62.0,0.73,8.73,229.75,229.75,6.49,74.4,13.23,229.75,25.6,0.0,0.0,1.34,229.75,3.2,4.06,94.0,0.167608746615111,7.2,83.2439024390244,0.0088049406956426,8.0,9.3,197.06,37.319,64.479,29.0,229.75,5.889,23.32,99.9170340740928,99.8854007385299,59.4411197028295,3.986,20.3,0.5,1.3,2.5,0.0,7.15,0.26,0.9,0.2,43.87,87.0,4.06,1.245625,2.6712485681557845,104.46560874661512,0.03799782372143635,Healthcare Resources,3,99.9,99.9,99.9,99.54,0.0
Italy,2017,99.9,0.38220248,235.0,235.0,58.0,0.72,8.68,235.0,235.0,6.4,73.74,13.12,235.0,26.26,0.0,0.0,1.32,235.0,3.21,0.769,95.0,0.120915832042363,7.3,82.9463414634147,0.0088735048650155,0.0,9.4,196.146,37.787,66.506,29.0,0.482,6.128,23.81,99.9170340740928,99.8853395801511,60.4192608419464,4.025,20.3,1.57,2.3,2.5,0.0,7.9,0.32,1.0,0.2,142.4,84.0,4.027,1.2538940809968848,2.7430875576036864,106.91391583204236,0.036936170212765955,Healthcare Resources,3,99.9,98.1,99.9,99.9,0.0
Italy,2018,99.9,0.38157806,209.3795,209.3795,59.0,0.72,8.68,209.3795,59.0,6.41,73.86,13.25,209.3795,26.14,0.0,0.0,1.29,209.3795,3.17,0.752880394458771,95.0,0.138497914099779,7.2,83.3463414634146,0.0051110233524661,40.1,9.1,194.728,36.495,63.203,21.0,1.182,6.075,23.55,99.9170340740928,99.8852860542768,61.4095815029197,4.013,20.1,0.15,3.4,2.5,0.0,2.27,0.37,0.9,0.2,85.1,85.1,3.994,1.2659305993690853,2.7131336405529956,102.33649791409978,0.041455825427035596,Healthcare Resources,3,99.9,99.9,99.9,99.9,0.0
Italy,2019,99.8,0.38803828,5.50478804647942,90.6385058588077,57.0,0.72,8.66,159.00986380737052,20.3,6.38,73.74,13.17,159.00986380737052,26.26,0.0,0.0,1.27,159.00986380737052,3.16,3.939,96.0,0.133746356790606,6.1,83.4975609756098,0.0049408352669086,20.3,9.0,3.0,35.534,61.477,20.0,0.933,6.445,23.46,99.9170340740928,99.8852240140235,62.4117359707321,4.051,20.0,0.0,0.116,2.5,0.0,2.22,0.46,0.7,0.2,47.0,85.0,3.939,1.2819620253164556,2.7090069284064664,99.6447463567906,0.054462030169971046,Healthcare Resources,3,99.9,99.9,99.86666666666667,99.88,-0.001001001001001
Italy,2020,99.8,0.48073846,235.9845,235.9845,57.0,0.74,9.63,235.9845,4.8,7.31,75.93,12.87,235.9845,24.07,0.0,0.0,1.24,235.9845,3.18,0.727819681167603,94.0,0.0980951898086813,4.2,82.1951219512195,0.0048027543152523,4.8,182.744,182.744,37.48,66.434,19.0,0.486,6.56,21.46,99.9170340740928,99.8851587287766,63.4259387180091,3.997,20.1,6.05,0.9,2.5,0.0,2.36,0.56,0.8,0.2,97.7,97.7,3.873,1.2569182389937106,2.2284527518172377,106.51209518980866,0.040807764916763606,Healthcare Resources,3,99.9,99.9,99.83333333333331,99.86,0.0
Italy,2021,99.2,0.47270992,66.072,66.072,56.0,0.73,9.38,189.89374196854675,6.4,7.08,75.46,12.36,189.89374196854675,24.54,0.0,0.0,1.25,189.89374196854675,4.44,3.821,94.0,0.075521435546727,4.6,82.6463414634146,66.072,37.3,189.89374196854675,189.89374196854675,33.004,56.868,66.072,189.89374196854675,6.553,21.89,99.9170340740928,99.8850967615747,64.4521093451099,4.126,20.1,0.0,0.081,2.5,0.0,11.1,2.0,0.7,0.2,49.0,84.0,3.821,0.9292792792792792,2.333688699360341,92.44752143554673,0.04939604592948443,Healthcare Resources,3,99.9,99.9,99.6,99.72,-0.006012024048096
Japan,2002,99.8,0.63534105,211.35,211.35,89.0,0.4199999869,7.35,211.35,44.0,5.94,80.75,16.06,211.35,19.25,0.0,0.0,1.32,211.35,14.45,5.752,96.0,88.0,30.0,81.6907317073171,0.0107601991187624,7.0,10.8,211.35,45.427,95.051,91.0,0.305,8.612,15.98,98.5041275829008,99.9966142135669,46.7269188678981,1.979,211.35,0.2,3.1,2.5,0.0,6.32,0.99,28.46427345,28.46427345,86.4,86.4,5.752,0.13695501730103807,2.1741496598639456,230.978,0.03477643718949609,Healthcare Resources,3,99.64705882352942,99.61333333333332,99.8,99.8,0.0
Japan,2003,99.8,0.64340693,234.75,234.75,100.0,0.4,7.49,234.75,234.75,5.99,79.96,16.36,234.75,20.04,0.0,0.0,1.29,234.75,14.27,5.674,97.0,96.0,28.0,81.76,0.010542022073281,6.0,10.6,234.75,44.965,95.879,87.0,0.296,9.294,16.89,98.5041275829008,99.9936679503193,47.6184186237104,3.401,234.75,2.81,0.144,2.5,0.0,5.79,0.95,0.6,0.1,84.5,84.5,5.674,0.23833216538192012,2.255006675567423,239.344,0.0319062832800852,Healthcare Resources,3,99.64705882352942,99.61333333333332,99.8,99.8,0.0
Japan,2004,99.8,0.64132005,226.5167493798257,226.5167493798257,93.0,1.7,7.54,226.5167493798257,226.5167493798257,6.05,80.27,17.2,226.5167493798257,19.73,0.0,0.0,1.29,226.5167493798257,14.2,5.573,99.0,89.0,27.0,82.030243902439,0.0101842363591934,4.0,10.5,226.5167493798257,45.393,92.677,83.0,0.413,8.971,16.59,98.5041275829008,99.9907216870716,48.4807001161199,2.031,226.5167493798257,100.0,1.2,2.5,0.0,5.58,0.89,0.6,0.1,79.9,79.9,5.573,0.14302816901408452,2.2002652519893897,229.57,0.03328672171326654,Healthcare Resources,3,99.64705882352942,99.61333333333332,99.8,99.8,0.0
Japan,2005,99.8,0.65351146,227.835,227.835,102.0,0.39,7.66,227.835,227.835,6.22,81.17,17.75,227.835,18.83,0.0,0.0,1.26,227.835,14.07,5.436,98.0,95.0,24.0,81.9551219512195,0.0099930300802781,4.0,10.3,227.835,45.07,92.668,79.0,0.448,9.555,15.67,98.5413402058129,99.9877754238239,49.3504746837897,3.448,227.835,0.74,0.024,2.5,0.0,5.67,0.97,0.4,0.1,26.0,76.0,5.436,0.24506041222459132,2.045691906005222,235.238,0.033620822086158846,Healthcare Resources,3,99.8,99.61333333333332,99.8,99.8,0.0
Japan,2006,99.8,0.66472423,221.3,221.3,112.0,1.6,7.69,221.3,221.3,6.17,80.32,17.87,221.3,19.68,0.0,0.0,1.32,221.3,13.97,5.28,98.0,99.0,23.0,82.3219512195122,0.0091400845338573,5.0,10.0,221.3,44.117,89.142,74.0,0.295,9.32,16.42,98.5785528287251,99.9848291605762,50.2280357734339,2.083,221.3,0.77,3.1,2.5,0.0,5.42,0.82,0.5,0.1,74.1,74.1,5.28,0.14910522548317826,2.1352405721716514,234.759,0.034749209218255764,Healthcare Resources,3,99.8,99.61333333333332,99.8,99.8,0.0
Japan,2007,99.8,0.71600777,237.0119942425,237.0119942425,106.0,1.6,7.78,237.0119942425,237.0119942425,6.32,81.25,18.23,237.0119942425,18.75,0.0,0.0,1.34,237.0119942425,13.87,5.1,98.0,97.0,22.0,82.5070731707317,0.0085785044746756,3.0,9.9,237.0119942425,43.235,87.189,69.0,237.0119942425,9.78,15.52,98.6157654516372,99.9818828973285,51.1127958841887,3.533,237.0119942425,0.37,0.177,2.5,0.07,0.67,7.86212587,0.4,0.1,51.7,51.7,5.1,0.25472242249459265,1.9948586118251928,229.92399999999998,0.03282534297416127,Healthcare Resources,3,99.8,99.8,99.8,99.8,0.0
Japan,2008,99.8,0.75824261,234.3186860425,234.3186860425,101.0,0.6,8.09,234.3186860425,234.3186860425,6.57,81.17,18.1,234.3186860425,18.83,0.0,0.0,1.37,234.3186860425,13.71,4.901,98.0,97.0,22.0,82.5875609756098,0.0083624788177014,4.0,9.7,234.3186860425,42.722,85.382,68.0,0.67,9.774,15.24,98.6529780745494,99.9789366340809,52.0050439552417,2.147,234.3186860425,0.31,2.3,2.5,0.0,4.56,0.72,0.8,0.2,95.8,95.8,4.901,0.15660102115244345,1.8838071693448704,227.604,0.03452562890580848,Healthcare Resources,3,99.8,99.8,99.8,99.8,0.0
Japan,2009,99.8,0.70349532,231.2848183675,231.2848183675,95.0,0.75,8.96,231.2848183675,231.2848183675,7.28,81.29,18.06,231.2848183675,18.71,0.0,0.0,1.37,231.2848183675,13.61,4.716,97.0,97.0,21.0,82.9314634146342,0.008183386528104,5.0,9.6,231.2848183675,41.645,84.429,65.0,0.661,10.13,15.16,98.6901906974615,99.9759903708332,52.9050782928433,3.648,231.2848183675,3.19,0.055,3.0,0.0,4.7,0.73,0.0,0.0,86.3,86.3,4.716,0.2680382072005878,1.6919642857142856,226.074,0.03874011300544167,Healthcare Resources,3,99.8,99.8,99.8,99.8,0.0
Japan,2010,99.8,0.68444699,13.382204291544,80.277952877026,83.0,0.74,9.06,202.106732545,202.106732545,7.43,81.93,18.93,202.106732545,18.07,0.0,0.0,1.39,202.106732545,13.51,0.816187500953674,97.0,97.0,20.0,82.8426829268293,0.0078724618404706,4.0,9.5,202.106732545,41.443,82.824,62.0,0.217,10.31,14.57,98.7274033203737,99.9730441075855,53.812311723031,2.213,202.106732545,0.41,7.1,3.2,0.02,9.1,1.6,0.3,0.1,39.0,80.0,4.532,0.16380458919319024,1.608167770419426,224.46699999999998,0.04482779908374774,Healthcare Resources,3,99.8,99.8,99.8,99.8,0.0
Japan,2011,99.8,0.6998437,212.6013216166874,212.6013216166874,80.0,0.72,10.49,212.6013216166874,7.7,8.78,83.74,21.69,212.6013216166874,16.26,0.0,0.0,1.39,212.6013216166874,13.38,4.357,97.0,97.0,20.0,82.5912195121951,0.0076260777367896,4.0,9.4,212.6013216166874,45.256,83.291,59.0,0.64,10.27,13.12,98.7646159432859,99.9700978443378,54.7270312962107,3.822,212.6013216166874,0.84,0.0129,2.9,0.0,9.2,1.6,0.3,0.1,64.56,98.0,4.357,0.2856502242152466,1.2507149666348902,228.447,0.04934117963251939,Healthcare Resources,3,99.8,99.8,99.8,99.8,0.0
Japan,2012,99.8,0.706173,208.5891432775,208.5891432775,72.0,0.71,10.67,208.5891432775,33.0,8.96,83.93,22.22,208.5891432775,16.07,0.0,0.0,1.41,208.5891432775,13.33,4.233,97.0,98.0,19.0,83.0960975609756,0.0073810451621331,4.0,9.1,208.5891432775,39.817,77.023,56.0,208.5891432775,10.74,12.97,98.801828566198,99.9671515810901,55.6495360555589,2.284,208.5891432775,0.45,2.2,2.6,0.0,9.3,1.7,0.5,0.2,51.2,51.2,4.233,0.17134283570892722,1.2155576382380506,217.44,0.051153189626005555,Healthcare Resources,3,99.8,99.8,99.8,99.8,0.0
Japan,2013,96.9,0.69121373,237.37725,237.37725,66.0,0.77,10.67,237.37725,237.37725,8.99,84.26,22.22,237.37725,15.74,0.0,0.0,1.43,237.37725,13.28,4.159,96.0,98.0,18.0,83.3319512195122,0.0071535494684719,3.0,8.9,224.606,39.211,75.083,54.0,0.29,10.68,12.7,98.8390411891102,99.9642053178424,56.5792334362488,3.984,237.37725,0.51,0.099,2.5,0.0,9.1,1.6,0.2,0.1,31.25,99.4,4.159,0.3,1.190253045923149,214.79399999999998,0.04494954760829018,Healthcare Resources,3,99.8,99.8,98.83333333333331,99.22,-0.0290581162324647
Japan,2014,99.8,0.64682055,205.928560445,205.928560445,65.0,0.71,10.73,205.928560445,47.0,9.03,84.12,22.57,205.928560445,15.88,0.0,0.0,1.42,205.928560445,13.18,4.112,96.0,98.0,18.0,83.5878048780488,0.0071040442629945,3.0,8.8,205.928560445,38.752,72.613,52.0,0.908,11.18,12.87,98.8762538120223,99.9612590545948,57.5210496360148,2.354,205.928560445,2.25,2.4,2.5,0.0,9.1,1.6,0.3,0.1,37.36,79.1,4.112,0.17860394537177543,1.1994408201304751,211.865,0.05210544849540577,Healthcare Resources,3,99.8,99.8,98.83333333333331,99.22,0.0299277605779153
Japan,2015,99.9,0.64115965,13.1540299447058,81.5693594983226,61.0,0.74,10.75,207.26762379,207.26762379,9.04,84.08,23.15,207.26762379,15.92,0.0,0.0,1.45,207.26762379,13.15,4.081,96.0,98.0,17.0,83.7939024390244,0.0067516007570328,4.0,8.6,207.26762379,37.142,70.18,49.0,0.965,10.95,12.95,98.9134664349345,99.9583127913471,58.4752230978059,4.12,207.26762379,0.93,0.11,2.7,0.0,9.2,1.6,0.3,0.1,108.0,83.0,4.081,0.3133079847908745,1.2046511627906975,208.02200000000002,0.051865312118846485,Healthcare Resources,3,99.8,99.8,98.86666666666667,99.24,0.001002004008016
Japan,2016,99.8,0.63442624,229.75,229.75,62.0,0.73,10.66,229.75,229.75,8.96,84.04,23.18,229.75,15.96,0.0,0.0,1.44,229.75,13.11,4.06,99.0,98.0,16.0,83.9848780487805,0.0067843109917095,19.0,8.7,197.06,36.993,68.737,48.0,1.035,11.59,12.85,98.9506790578466,99.9553665280994,59.4411197028295,2.426,229.75,0.5,1.3,2.7,0.0,9.4,1.6,0.3,0.1,87.0,87.0,4.06,0.18504958047292144,1.2054409005628517,206.43,0.046398258977149075,Healthcare Resources,3,96.9,99.8,99.83333333333331,99.24,-0.001001001001001
Japan,2017,99.9,0.66585016,235.0,235.0,58.0,0.72,10.66,235.0,235.0,8.97,84.21,24.46,235.0,15.79,0.0,0.0,1.43,235.0,13.05,0.844,99.0,98.0,15.0,84.099756097561,0.0070500289294601,7.9,8.6,196.146,35.699,66.604,46.0,0.482,11.38,12.65,98.9878916807588,99.9524202648517,60.4192608419464,4.251,235.0,1.57,0.135,2.7,0.0,9.6,1.6,0.2,0.1,48.0,84.0,4.027,0.3257471264367816,1.1866791744840526,203.003,0.045361702127659574,Healthcare Resources,3,99.8,99.8,99.86666666666667,99.26,0.001002004008016
Japan,2018,99.9,0.66294718,209.3795,209.3795,59.0,0.72,10.74,209.3795,59.0,9.0,83.77,24.49,209.3795,16.23,0.0,0.0,1.42,209.3795,13.0,0.840709209442139,98.0,97.0,14.0,84.2109756097561,0.0072366498636915,40.1,8.4,194.728,35.783,65.289,46.0,1.182,12.04,12.99,99.025104303671,99.949474001604,61.4095815029197,2.498,209.3795,0.15,3.4,2.6,0.0,9.7,1.7,0.3,0.1,85.1,85.1,3.994,0.19215384615384618,1.2094972067039107,200.672,0.051294419940825155,Healthcare Resources,3,99.9,96.9,99.86666666666667,99.86,0.0
Japan,2019,99.9,0.64316523,10.2966193961317,84.7905248056048,57.0,0.72,10.97,159.00986380737052,20.3,9.21,83.96,24.7,159.00986380737052,16.04,0.0,0.0,1.36,159.00986380737052,12.88,3.939,98.0,98.0,13.0,84.3563414634146,0.0044395874800163,20.3,8.3,8.4,35.483,64.375,36.0,0.933,12.09,12.9,99.0623169265831,99.9465277383563,62.4117359707321,4.391,16.1,0.0,0.116,2.8,0.0,10.5,1.9,0.3,0.1,47.0,83.0,3.939,0.34091614906832296,1.1759343664539654,200.658,0.06898943082731898,Healthcare Resources,3,99.8,99.8,99.9,99.88,0.0
Japan,2020,99.9,0.63545704,235.9845,235.9845,57.0,0.74,11.0,235.9845,4.8,9.34,84.86,20.96,235.9845,15.14,0.0,0.0,1.33,235.9845,12.72,0.804714262485504,96.0,91.0,12.0,84.56,0.0045074535772379,4.8,182.744,182.744,35.611,64.547,36.0,0.486,12.45,11.94,99.0995295494953,99.9435814751087,63.4259387180091,2.614,16.0,6.05,0.083,2.9,0.0,10.9,1.8,0.3,0.1,97.7,97.7,3.873,0.20550314465408803,1.0854545454545454,194.058,0.046613230953727894,Healthcare Resources,3,99.9,99.9,99.9,99.88,0.0
Japan,2021,99.8,0.62429416,66.072,66.072,56.0,0.73,10.82,189.89374196854675,6.6,9.17,84.72,21.45,189.89374196854675,15.28,0.0,0.0,1.3,189.89374196854675,189.89374196854675,3.821,99.0,88.0,11.0,84.4456097560976,66.072,37.3,189.89374196854675,189.89374196854675,35.66,64.319,66.072,0.568,45.8,12.03,99.1367421724074,99.940635211861,64.4521093451099,4.518,14.8,0.0,0.081,3.2,0.0,11.1,2.0,0.3,0.1,49.0,83.0,3.821,0.023792253252602414,1.111829944547135,191.179,0.056979234217166476,Healthcare Resources,3,99.9,99.8,99.86666666666667,99.88,-0.001001001001001
"Korea, Rep.",2002,99.3,0.49539164,211.35,211.35,89.0,0.4199999869,4.0143261,211.35,44.0,2.25798631,56.24820328,9.08882332,211.35,43.75179672,0.0,0.0,1.178,211.35,4.87,5.752,97.0,0.543103193229414,79.0,76.7658536585366,0.0229803572792316,13.0,15.5,211.35,58.404,141.3,80.0,0.305,3.637,38.66801453,98.7011689015474,100.0,46.7269188678981,1.499,211.35,0.2,3.1,2.6,0.0,6.32,0.99,28.46427345,28.46427345,86.4,86.4,5.752,0.3078028747433265,9.632504576546484,202.84710319322943,0.018993735982966643,Healthcare Resources,3,99.35882352941178,99.4,99.3,99.3,0.0
"Korea, Rep.",2003,99.9,0.41787812,234.75,234.75,100.0,0.4,4.28309107,234.75,234.75,2.38668466,55.72341156,7.67150831,234.75,44.27659225,0.0,0.0,1.191,234.75,5.12,5.674,97.0,0.351886136737964,83.0,77.2146341463415,0.0138101215246568,12.0,14.9,234.75,58.071,140.409,62.0,234.75,3.596,38.80971909,98.7011689015474,100.0,47.6184186237104,1.579,234.75,2.81,2.5,2.6,0.0,8.33,0.91,0.5,0.1,84.5,84.5,5.674,0.3083984375,9.061147301264365,201.43188613673794,0.018245329371671993,Healthcare Resources,3,99.35882352941178,99.4,99.6,99.6,0.0060422960725077
"Korea, Rep.",2004,99.3,0.64132005,226.5167493798257,226.5167493798257,93.0,0.326,4.26715517,226.5167493798257,226.5167493798257,2.39802241,56.19721603,8.52108574,226.5167493798257,43.80278397,0.0,0.0,1.164,226.5167493798257,5.46,5.573,88.0,0.258612251935027,78.0,77.6658536585366,0.0133089539530535,12.0,14.3,226.5167493798257,54.967,134.967,58.0,0.413,3.855,38.36969376,98.7011689015474,100.0,48.4807001161199,1.576,226.5167493798257,100.0,1.2,2.5,0.0,8.25,0.84,0.4,0.1,79.9,79.9,5.573,0.2886446886446887,8.991867469398821,192.69261225193506,0.018838144118185223,Healthcare Resources,3,99.35882352941178,99.4,99.5,99.5,-0.006006006006006
"Korea, Rep.",2005,99.4,0.65351146,227.835,227.835,102.0,0.321,4.54809093,227.835,227.835,2.54042482,55.85694504,9.10630512,227.835,44.14305115,0.0,0.0,1.085,227.835,5.93,5.436,96.0,0.4083799932583,96.0,78.1682926829268,0.0129346937821023,11.0,13.5,227.835,52.32,128.038,54.0,0.448,3.896,38.80373383,98.7011689015474,100.0,49.3504746837897,1.636,227.835,0.74,0.024,2.5,0.0,9.59,1.43,0.3,0.1,26.0,77.0,5.436,0.27588532883642497,8.53187291706149,183.2663799932583,0.01996221357561393,Healthcare Resources,3,99.3,99.4,99.53333333333336,99.475,0.0010070493454179
"Korea, Rep.",2006,99.3,0.66472423,221.3,221.3,112.0,0.332,4.84870243,221.3,221.3,2.81474686,58.051548,9.85852146,221.3,41.948452,0.0,0.0,1.132,221.3,6.54,5.28,98.0,0.609789817253335,94.0,78.6682926829268,0.0116660924302402,12.0,12.7,221.3,48.845,121.863,49.0,0.295,4.039,36.54515457,98.7011689015474,100.0,50.2280357734339,1.7,221.3,0.77,3.1,2.5,0.0,10.78,1.78,0.3,0.2,74.1,74.1,5.28,0.2599388379204893,7.537099893754461,173.81778981725333,0.021910087799367376,Healthcare Resources,3,99.9,99.4,99.33333333333331,99.44,-0.0010060362173038
"Korea, Rep.",2007,99.2,0.71600777,237.0119942425,237.0119942425,106.0,0.347,4.95489931,237.0119942425,237.0119942425,2.9122591,58.77534103,10.3867588,237.0119942425,41.22465515,0.0,0.0,1.259,237.0119942425,7.31,5.1,91.0,0.65976544701405,93.0,79.119512195122,0.0105366627962419,10.0,12.2,237.0119942425,46.529,116.282,47.0,237.0119942425,4.206,35.72550583,98.7830634842858,100.0,51.1127958841887,1.752,237.0119942425,0.37,1.9,2.5,0.07,11.83,2.27,0.0,0.0,51.7,51.7,5.1,0.239671682626539,7.210137602170568,165.97076544701406,0.02090569013537083,Healthcare Resources,3,99.3,99.3,99.3,99.42,-0.0010070493454178
"Korea, Rep.",2008,99.1,0.75824261,234.3186860425,234.3186860425,101.0,0.362,5.24600267,234.3186860425,234.3186860425,2.98750043,56.94813156,10.02157688,234.3186860425,43.05186844,0.0,0.0,1.192,234.3186860425,7.83,4.901,94.0,0.313763410581708,90.0,79.5170731707317,0.0098219266620698,9.0,11.6,234.3186860425,42.286,110.083,42.0,0.67,4.41,37.10074615,98.8649580670242,99.9905146267539,52.0050439552417,1.871,234.3186860425,98.3,2.3,2.5,0.0,11.1,1.88,0.3,0.2,95.8,95.8,4.901,0.23895274584929757,7.072193531689528,155.1827634105817,0.02238832403254641,Healthcare Resources,3,99.4,99.9,99.2,99.26,-0.0010080645161291
"Korea, Rep.",2009,99.9,0.70349532,231.2848183675,231.2848183675,95.0,0.377,5.65905666,231.2848183675,231.2848183675,3.31357551,58.55349731,10.26508617,231.2848183675,41.44650269,0.0,0.0,1.149,231.2848183675,8.31,4.716,94.0,0.264027489436695,95.0,79.9682926829268,0.0092970346879466,13.0,11.0,231.2848183675,38.468,101.914,39.0,0.661,4.548,34.72049713,98.9468526497625,99.9781051716311,52.9050782928433,1.949,231.2848183675,3.19,0.055,2.5,0.0,12.11,2.01,0.2,0.1,86.3,86.3,4.716,0.23453670276774968,6.135386022093654,143.1460274894367,0.02446791233399523,Healthcare Resources,3,99.3,99.3,99.4,99.38,0.0080726538849646
"Korea, Rep.",2010,99.1,0.68444699,7.11362012358738,80.1622548279412,83.0,0.74,5.81980991,202.106732545,202.106732545,3.39848423,58.39510345,11.48147774,202.106732545,41.60490036,0.0,0.0,1.226,202.106732545,8.87,0.82462739944458,94.0,0.370802642854133,97.0,80.1170731707317,0.00860820114847,5.0,10.6,202.106732545,36.206,97.322,37.0,0.217,4.708,34.80883026,99.0287472325009,99.9656957165082,53.812311723031,2.014,202.106732545,0.41,7.1,2.5,0.02,12.7,1.74,0.2,0.1,39.0,82.0,4.532,0.22705749718151072,5.9810940216774195,136.39880264285415,0.028795725093938632,Healthcare Resources,3,99.2,99.4,99.36666666666667,99.32,-0.0080080080080081
"Korea, Rep.",2011,99.1,0.6998437,212.6013216166874,212.6013216166874,80.0,0.72,5.91454506,212.6013216166874,7.5,3.40593457,57.58573914,11.20949078,212.6013216166874,42.41425323,0.0,0.0,1.244,212.6013216166874,9.68,4.357,99.0,0.146721671313821,101.0,80.5682926829269,0.0133840864392026,16.0,10.0,212.6013216166874,33.53,90.447,44.0,0.64,4.805,34.93216705,99.1106418152392,99.9532862613854,54.7270312962107,2.062,212.6013216166874,0.84,1.3,2.5,0.0,12.28,1.72,0.2,0.1,64.56,98.0,4.357,0.2130165289256198,5.906146067978388,126.62372167131383,0.027819888489045774,Healthcare Resources,3,99.1,99.3,99.36666666666667,99.28,0.0
"Korea, Rep.",2012,99.8,0.706173,208.5891432775,208.5891432775,72.0,0.71,6.0325017,208.5891432775,33.0,3.41949844,56.68458176,11.1013546,208.5891432775,43.31542206,0.0,0.0,1.297,208.5891432775,10.37,4.233,99.0,0.113401136083666,94.0,80.819512195122,0.0127112329757947,19.0,9.5,208.5891432775,31.949,86.912,42.0,208.5891432775,4.904,35.33079147,99.1925363979776,99.9408768062626,55.6495360555589,2.098,208.5891432775,0.45,2.2,2.5,0.0,12.34,1.57,0.2,0.1,49.33,51.2,4.233,0.20231436837029895,5.85673957953464,121.47440113608367,0.028920497036485558,Healthcare Resources,3,99.9,99.2,99.33333333333331,99.4,0.0070635721493441
"Korea, Rep.",2013,99.0,0.69121373,237.37725,237.37725,66.0,0.77,6.15069818,237.37725,237.37725,3.50272012,56.94832993,11.62523556,237.37725,43.05167007,0.0,0.0,1.187,237.37725,10.99,4.159,99.0,0.109214043842452,89.0,81.2707317073171,0.0072679950893714,12.0,9.0,224.606,29.503,80.3,31.0,0.29,5.252,34.90507889,99.2744309807159,99.9284673511397,56.5792334362488,2.174,237.37725,0.51,0.099,2.5,0.0,12.31,1.71,0.2,0.1,65.98,99.4,4.159,0.1978161965423112,5.674978330671397,112.41221404384245,0.025911068478550493,Healthcare Resources,3,99.1,99.1,99.3,99.38,-0.0080160320641282
"Korea, Rep.",2014,99.8,0.64682055,205.928560445,205.928560445,65.0,0.71,6.40432453,205.928560445,47.0,3.60208774,56.24461365,11.84077549,205.928560445,43.75538635,0.0,0.0,1.205,205.928560445,11.63,4.112,99.0,0.157386291230193,85.0,81.7219512195122,0.0067244459174935,11.0,8.7,205.928560445,27.146,74.642,28.0,0.908,5.615,34.75905991,99.3563255634543,99.9160578960169,57.5210496360148,2.209,205.928560445,2.25,1.6,2.5,0.0,12.85,1.91,0.1,0.1,49.63,79.1,4.112,0.18993981083404987,5.427435750199248,104.4453862912302,0.031099739230734273,Healthcare Resources,3,99.1,99.9,99.53333333333336,99.36,0.0080808080808081
"Korea, Rep.",2015,100.0,0.64115965,9.72475098150742,79.9542233154575,61.0,0.74,6.58926058,207.26762379,207.26762379,3.71057963,56.31253433,12.20657825,207.26762379,43.68746567,0.0,0.0,1.239,207.26762379,11.61,4.081,98.0,0.175649539109056,79.0,82.0243902439024,0.0064910937665929,9.0,8.4,207.26762379,26.316,70.803,26.0,207.26762379,5.964,34.46717072,99.4382201461927,99.9036484408941,58.4752230978059,2.242,207.26762379,0.93,0.11,2.5,0.0,13.51,2.14,0.1,0.1,72.58,86.0,4.081,0.19310938845822567,5.23081008886129,99.79464953910906,0.03179107503387083,Healthcare Resources,3,99.8,99.1,99.59999999999998,99.54,0.0020040080160321
"Korea, Rep.",2016,98.8,0.63442624,229.75,229.75,62.0,0.73,6.87049913,229.75,229.75,3.87140298,56.34820938,12.77859974,229.75,43.65179443,0.0,0.0,1.172,229.75,11.97,4.06,98.0,0.167608746615111,76.0,82.2756097560976,0.0063672424327661,8.0,8.2,197.06,24.874,66.374,24.0,229.75,6.979,34.05442047,99.520114728931,99.8912389857713,59.4411197028295,2.289,229.75,0.5,1.3,2.5,0.0,13.95,1.96,0.1,0.1,45.11,87.0,4.06,0.1912280701754386,4.956615207372859,93.9156087466151,0.029904239956474427,Healthcare Resources,3,99.0,99.1,99.53333333333332,99.48,-0.012
"Korea, Rep.",2017,99.4,0.66585016,235.0,235.0,58.0,0.72,7.04742336,235.0,235.0,4.01201391,56.9288063,13.25377369,235.0,43.0711937,0.0,0.0,1.052,235.0,12.25,0.845,97.0,0.120915832042363,70.0,82.6268292682927,0.0064741845035961,0.0,7.8,196.146,23.589,62.251,22.0,0.482,7.091,33.44021225,99.6020093116694,99.8788295306484,60.4192608419464,2.342,235.0,1.57,2.3,2.5,0.0,13.21,1.41,0.1,0.1,67.16,88.0,4.027,0.19118367346938775,4.745026734139611,88.46091583204236,0.029989035574468085,Healthcare Resources,3,99.8,99.8,99.4,99.4,0.0060728744939271
"Korea, Rep.",2018,98.7,0.66294718,209.3795,209.3795,59.0,0.72,7.49119806,209.3795,59.0,4.29813194,57.37576294,13.79939747,209.3795,42.62424088,0.0,0.0,0.977,209.3795,12.42,0.834545075893402,98.0,0.138497914099779,64.0,82.6268292682927,0.0067123633984968,40.1,7.5,194.728,23.055,60.44,21.0,1.182,7.39,33.05436707,99.6839038944077,99.8664200755256,61.4095815029197,2.385,209.3795,0.15,3.4,2.5,0.0,11.96,2.87,0.1,0.1,85.1,85.1,3.994,0.19202898550724637,4.412427332084182,86.13349791409978,0.03577808744409076,Healthcare Resources,3,100.0,99.0,98.96666666666664,99.34,-0.0070422535211267
"Korea, Rep.",2019,98.8,0.64316523,12.8287871492843,77.9104186148433,57.0,0.72,8.17479515,159.00986380737052,20.3,4.73187208,57.88367844,13.97021866,159.00986380737052,42.11632538,0.0,0.0,0.918,159.00986380737052,12.42,3.939,98.0,0.133746356790606,58.0,83.2268292682927,0.006659249634263,20.3,7.3,5.2,22.07,57.021,19.0,0.933,8.087,31.61123085,99.7657984771461,99.8540106204028,62.4117359707321,2.457,16.1,0.0,0.116,2.5,0.0,10.5,1.9,0.1,0.1,47.0,89.0,3.939,0.19782608695652174,3.8669141268940543,81.72474635679062,0.05141061663887216,Healthcare Resources,3,98.8,99.8,98.96666666666664,99.14,0.0010131712259371
"Korea, Rep.",2020,96.0,0.63545704,235.9845,235.9845,57.0,0.74,8.3497715,235.9845,4.8,4.99585581,59.83224487,13.10143757,235.9845,40.16776276,0.0,0.0,0.837,235.9845,12.65,0.798776268959045,98.0,0.0980951898086813,48.0,83.4268292682927,0.0056503489590316,4.8,182.744,182.744,31.797,72.497,24.0,0.486,8.53,28.98741913,99.8476930598844,99.8416011652799,63.4259387180091,2.508,12.6,6.05,0.9,2.5,0.0,10.9,1.8,0.1,0.1,97.7,97.7,3.873,0.19826086956521738,3.4716422036219794,106.89209518980867,0.03538271157639591,Healthcare Resources,3,99.4,100.0,97.83333333333331,98.34,-0.0283400809716598
"Korea, Rep.",2021,99.2,0.62429416,66.072,66.072,56.0,0.73,9.33145523,189.89374196854675,6.8,5.69225502,61.00071716,14.82539463,189.89374196854675,38.99928284,0.0,0.0,0.808,189.89374196854675,12.75,3.821,98.0,0.075521435546727,44.0,83.5268292682927,66.072,37.3,189.89374196854675,189.89374196854675,30.297,69.268,66.072,0.568,14.82,29.09882355,99.9295876426228,99.8291917101571,64.4521093451099,5.168,12.2,0.0,0.081,2.5,0.0,11.1,2.0,0.1,0.1,49.0,89.0,3.821,0.4053333333333333,3.118358587463319,102.14052143554673,0.04914040417164261,Healthcare Resources,3,98.7,98.8,98.0,98.42,0.0333333333333334
Madagascar,2002,85.0,0.58,211.35,211.35,89.0,0.4199999869,4.92547607,15.31476879,44.0,1.7439034,35.40578461,14.01566982,5.42231407,44.82195282,19.77226067,15.5820360148564,5.225,211.35,0.4199999869,5.752,62.0,52.2030237857059,211.35,58.892,3.51497612679359,44.0,28.8,211.35,211.35,211.35,211.35,0.305,0.305,37.60177994,38.2126799889212,4.72902493987506,23.8527209414264,0.133,54.1,86.4,51.4,35.3,0.2,0.83,0.05,28.46427345,28.46427345,86.4,86.4,5.752,0.3166666765436511,7.634141229316743,510.2030237857059,0.02330483118050627,Healthcare Resources,1,52.95882352941177,53.080000000000005,85.0,85.0,0.0
Madagascar,2003,47.7,0.54,234.75,234.75,14.9,0.185,5.00276518,17.98666191,234.75,2.16966605,43.36933517,13.09897804,7.80069592,46.57328796,10.05737686,24.3285073428986,5.172,234.75,0.4,5.674,66.0,66.5792913800312,234.75,59.491,3.46441106223424,234.75,29.3,234.75,234.75,234.75,234.75,234.75,0.296,34.52891541,38.8436031481293,5.18344487592683,23.7773907860889,0.144,17.4,84.5,46.9,36.6,2.81,9.97,0.8,81.8,97.4,84.5,84.5,5.674,0.35999999999999993,6.901966046305616,572.6792913800313,0.021311033780617678,Healthcare Resources,1,52.95882352941177,53.080000000000005,66.35,66.35,-0.4388235294117647
Madagascar,2004,51.3,0.96,226.5167493798257,226.5167493798257,34.2,0.151,5.25089979,14.57165813,226.5167493798257,2.17584658,41.43759537,10.02646637,6.03814452,37.03465652,21.5277462,16.0535855289419,5.133,226.5167493798257,0.71,5.573,78.0,45.7040342508214,226.5167493798257,60.149,3.325814211606,226.5167493798257,29.2,226.5167493798257,226.5167493798257,226.5167493798257,226.5167493798257,0.413,0.278,30.5815773,39.4738982619878,5.63879497378888,23.7009736421669,0.152,38.7,79.9,52.7,35.2,0.49,0.82,0.18,72.2,96.5,79.9,79.9,5.573,0.2140845070422535,5.824064164820026,533.9375330104729,0.023181066320156464,Healthcare Resources,1,52.95882352941177,53.080000000000005,61.333333333333336,61.333333333333336,0.0754716981132075
Madagascar,2005,26.1,0.95,227.835,227.835,3.7,0.194,5.2155776,16.26181221,227.835,1.93354094,37.07242203,10.53517532,6.02864784,39.6763916,23.25118256,27.018530826984,5.095,227.835,0.39,5.436,85.0,35.2727720882929,227.835,60.57,2.97372222633333,227.835,28.6,227.835,227.835,227.835,227.835,0.448,0.342,33.02706146,40.2552973589026,6.12117429647739,23.7070094634772,0.176,73.2,27.6,46.2,33.5,0.29,0.21,0.0,75.0,97.0,26.0,21.0,5.436,0.45128205128205123,6.332388086795986,524.4427720882929,0.022891906862422363,Healthcare Resources,1,85.0,53.080000000000005,41.7,52.525,-0.4912280701754385
Madagascar,2006,49.2,1.12,221.3,221.3,54.0,0.614,5.07203817,16.76423645,221.3,1.89293754,37.32104111,10.24659061,6.25658762,38.33383942,24.34511757,28.5312208643814,5.056,221.3,0.32,5.28,85.0,34.4450990423921,221.3,61.315,2.82628845889641,221.3,28.4,221.3,221.3,221.3,221.3,0.295,0.295,31.6536274,41.0378421311969,6.60626040079226,23.7115265019149,0.166,26.6,74.1,38.3,31.1,0.77,22.0,2.7,73.8,95.3,74.1,74.1,5.28,0.51875,6.2408101711900175,508.14509904239213,0.022919286805241752,Healthcare Resources,1,47.7,53.080000000000005,42.2,51.86,0.8850574712643677
Madagascar,2007,18.0,0.67,237.0119942425,237.0119942425,23.0,0.218,4.60865784,19.71751213,237.0119942425,1.90482342,41.33141327,11.84111977,8.14952621,42.46761322,16.2009716,38.2387828304803,4.997,237.0119942425,0.32,5.1,84.0,22.1936728800131,237.0119942425,61.757,2.74731370230527,237.0119942425,28.0,237.0119942425,225.671,237.0119942425,237.0119942425,237.0119942425,0.287,32.65489578,41.820986961241,7.09404605387567,23.7142029897626,0.177,33.7,51.7,43.2,30.7,0.37,4.84,0.07,76.3,95.6,51.7,51.7,5.1,0.553125,7.085554387782452,515.5766671225131,0.01944482959493024,Healthcare Resources,1,51.3,85.0,31.100000000000005,38.46,-0.6341463414634146
Madagascar,2008,55.3,0.87,234.3186860425,234.3186860425,36.7,0.296,4.08111715,21.33732986,234.3186860425,1.41112781,34.57699585,8.98169422,7.37780781,45.34465408,20.07835007,66.415191097201,4.933,234.3186860425,0.29,4.901,77.0,22.8809667732626,234.3186860425,62.142,2.77802451913442,234.3186860425,27.9,234.3186860425,224.14,234.3186860425,234.3186860425,229.0,0.274,37.18899536,42.6055743876338,7.58477424817969,23.7154715165531,0.181,54.7,92.3,43.5,30.5,0.31,1.19,0.31,78.8,95.2,95.8,95.8,4.901,0.6241379310344828,9.112454750288165,511.8396528157625,0.01741695132781591,Healthcare Resources,1,26.1,47.7,40.833333333333336,39.98,2.072222222222222
Madagascar,2009,43.9,0.76,231.2848183675,231.2848183675,19.7,0.363,4.38469839,19.96823883,231.2848183675,1.30747759,29.81909943,10.45279503,5.95434949,45.45381165,24.72708511,59.1670161425846,4.87,231.2848183675,0.73,4.716,77.0,41.8061350492767,231.2848183675,62.734,2.68471838693133,231.2848183675,27.8,231.2848183675,215.519,231.2848183675,231.2848183675,0.661,0.237,37.6555481,43.3892235845163,8.07809185945002,23.714033019957,0.177,46.5,86.3,49.4,29.0,3.19,18.36,3.34,79.7,95.8,86.3,86.3,4.716,0.24246575342465754,8.58794488256694,517.6099534167768,0.018958003473591306,Healthcare Resources,1,49.2,51.3,39.06666666666666,38.5,-0.2061482820976491
Madagascar,2010,72.5,0.25,50.6139842438789,40.033065782203,65.0,0.578,4.69762659,21.57974052,202.106732545,1.86784208,39.76140213,15.20980263,8.58040727,44.44105911,15.7975378,33.7890491956544,4.755,202.106732545,0.34,0.388654828071594,70.0,41.1181198222709,202.106732545,62.873,2.46620532784756,202.106732545,27.7,202.106732545,202.106732545,202.106732545,202.106732545,202.106732545,0.217,36.15040588,44.1727775368766,8.57423264087617,23.7103320121403,0.19,71.7,74.3,34.1,26.9,0.41,1.64,0.21,78.7,96.3,0.67,25.0,4.532,0.5588235294117647,7.695461779987925,472.2315849122709,0.023243295910263907,Healthcare Resources,1,18.0,26.1,57.23333333333333,47.78,0.6514806378132119
Madagascar,2011,54.3,0.3,212.6013216166874,212.6013216166874,19.8,0.393,4.521595,23.37224197,4.7,1.67813444,37.11377335,13.9367857,8.67432045,36.7665863,26.11964035,12.845004060571,4.607,212.6013216166874,0.32,4.357,73.0,36.8503748720588,212.6013216166874,63.494,2.41374444661866,212.6013216166874,27.6,212.6013216166874,204.814,212.6013216166874,212.6013216166874,208.0,0.212,27.97330856,44.9557063792181,9.07317357345326,23.7040786478568,0.14,38.3,83.1,42.9,25.3,0.84,1.88,0.2,68.1,97.3,12.04,98.0,4.357,0.43750000000000006,6.186601975630281,479.5656964887462,0.02126795339566268,Healthcare Resources,1,55.3,49.2,56.9,48.8,-0.2510344827586207
Madagascar,2012,39.9,0.08738706,208.5891432775,208.5891432775,2.5,0.047,3.9110589,19.71853828,33.0,1.48979211,38.09178162,12.93699551,7.51114264,42.71012878,19.1980896,18.5970135569269,4.466,208.5891432775,0.82,4.233,68.0,69.4320010589456,208.5891432775,63.544,2.21239330729457,33.0,27.2,208.5891432775,206.354,208.5891432775,208.5891432775,208.5891432775,0.212,32.48873138,45.7379371546935,9.57497722568056,23.6952287947047,0.139,70.7,51.2,48.9,26.5,0.45,2.87,0.63,74.9,96.3,0.95,51.2,4.233,0.16951219512195123,8.306888801904773,510.8751443364456,0.018750059751656674,Healthcare Resources,1,43.9,18.0,55.56666666666666,53.17999999999999,-0.2651933701657458
Madagascar,2013,44.3,0.0291343,237.37725,237.37725,11.2,0.045,3.75156283,19.75903702,237.37725,1.30425918,34.7657547,10.26806545,6.86937823,44.94179153,20.29245567,20.403127771603,4.358,237.37725,0.33,4.159,70.0,63.4766588808106,233.0,63.962,2.12022644652535,237.37725,27.0,224.606,196.64,237.37725,237.37725,192.0,0.29,35.58833694,46.5189417208381,10.0796108080669,23.6835048300524,0.149,4.8,82.1,42.0,27.8,0.72,10.31,2.12,76.3,95.8,0.61,99.4,4.159,0.4515151515151515,9.486269736817922,525.2939088808106,0.015804222308582645,Healthcare Resources,1,72.5,55.3,46.16666666666666,50.98,0.1102756892230576
Madagascar,2014,77.7,0.27,205.928560445,205.928560445,5.0,0.71,4.46240282,23.07670021,47.0,1.74814212,39.17490768,13.92414951,9.04027645,35.87094116,24.95414925,16.1600541081928,4.247,205.928560445,0.32,4.112,68.0,44.5276291981789,205.928560445,64.255,2.17945825879704,47.0,27.1,205.928560445,196.729,205.928560445,205.928560445,205.928560445,1.231,28.16691399,47.299102963258,10.5872296200375,23.6691017663676,0.177,46.1,79.1,38.2,29.6,2.25,12.46,1.75,68.6,96.4,2.67,79.1,4.112,0.553125,6.312050956887841,476.78518964317885,0.02166966452034142,Healthcare Resources,1,54.3,43.9,53.96666666666666,57.74,0.7539503386004516
Madagascar,2015,73.0,0.31555614,47.2712770841528,42.7857032203935,38.4,0.0,5.0062542,22.81040573,207.26762379,1.99010992,39.75247574,15.27427959,9.06770004,32.04604721,28.20148087,28.8045496190769,4.183,207.26762379,0.67,4.081,62.0,94.4008815451119,207.26762379,64.339,2.24490786102929,38.0,26.6,207.26762379,198.543,207.26762379,207.26762379,207.26762379,0.84,25.1729393,48.077446714498,11.0976984938148,23.6515218917519,0.415,23.5,87.2,42.3,30.8,0.93,9.84,2.14,63.2,96.3,5.88,29.0,4.081,0.6194029850746268,5.028298263400209,531.0115053351119,0.02415357550039871,Healthcare Resources,1,39.9,72.5,65.0,57.84,-0.0604890604890605
Madagascar,2016,58.0,0.37,229.75,229.75,10.1,0.581,5.33248854,24.77560616,229.75,2.37194586,44.48103333,17.51086807,11.02044581,29.45782852,26.06113815,24.9729747856658,4.163,229.75,0.67,4.06,68.0,55.2311314354908,229.75,64.997,2.08996118467348,229.75,26.5,197.06,188.364,229.75,229.75,163.0,0.483,23.05756378,48.854353375217,11.6111708642625,23.6309617028955,0.492,21.4,87.0,35.8,32.3,0.98,10.66,2.1,59.0,96.1,0.78,87.0,4.06,0.7343283582089551,4.3239781214794695,505.6451314354908,0.023209961001088138,Healthcare Resources,1,44.3,54.3,69.56666666666666,58.58,-0.2054794520547945
Madagascar,2017,58.0,0.47,235.0,235.0,1.1,0.72,4.80225992,24.17928314,235.0,2.24615121,46.77279663,15.03208733,11.30932709,30.29995346,22.92724419,29.6539910107985,4.109,235.0,0.74,0.374,65.0,75.3296332048914,233.0,65.094,1.83825714121972,235.0,26.2,196.146,188.439,235.0,235.0,235.0,0.482,25.63452339,49.6293115469512,12.1276031211704,23.6071678602562,0.263,7.9,83.6,21.9,33.3,1.57,9.57,2.54,69.1,64.0,142.4,30.0,4.027,0.35540540540540544,5.338012481007067,532.0686332048914,0.02043514859574468,Healthcare Resources,1,77.7,39.9,63.0,62.2,0.0
Madagascar,2018,46.1,0.17232621,209.3795,209.3795,32.7,0.72,4.22846937,21.67276382,59.0,1.50361967,35.55943298,10.47741127,7.70671218,34.60900116,29.83156395,24.9257068354827,4.043,209.3795,0.66,0.38549268245697,74.0,71.5698559292929,209.3795,65.27,1.83905525302935,59.0,26.1,194.728,187.404,209.3795,209.3795,1.182,0.292,29.28008461,50.4022432734825,12.6470453599113,23.5801084485572,0.195,40.1,85.1,41.6,34.6,0.15,3.48,0.57,67.7,66.6,0.53,85.1,3.994,0.29545454545454547,6.924511459805135,502.9533559292929,0.02019524055602387,Healthcare Resources,1,73.0,44.3,54.03333333333333,62.56,-0.2051724137931034
Madagascar,2019,77.2,0.15605848,45.459444882299,45.0253641794136,62.5,0.72,3.10129309,15.88729572,20.3,0.68268955,22.01306152,4.44415092,3.49727992,39.79958725,38.18735504,34.1402897810956,3.978,159.00986380737052,0.66,3.939,70.0,73.2967776207387,159.00986380737052,65.882,1.73344582483235,20.3,26.0,40.1,159.00986380737052,159.00986380737052,159.00986380737052,0.933,0.474,34.22468185,51.1722061354795,13.1693371507898,23.5493314888199,0.085,20.3,88.8,31.5,36.0,0.0,3.58,0.97,69.3,68.5,47.0,33.0,3.939,0.12878787878787878,11.0356167110926,427.3165052354797,0.019503778040820176,Healthcare Resources,1,58.0,77.7,60.43333333333333,62.46,0.6746203904555315
Madagascar,2020,61.8,0.68940175,235.9845,235.9845,57.0,0.74,3.72316122,17.21605492,4.8,0.68988532,18.52955818,4.21817684,3.19005892,35.8677063,45.6027298,41.9560261157683,3.918,235.9845,0.66,0.391991019248962,68.0,142.104516903632,233.0,65.182,1.70895201351863,4.8,182.744,182.744,184.575,235.9845,235.9845,0.486,0.486,30.93841553,51.9400233315503,13.6947389718241,23.5152516440623,0.083,4.8,95.0,37.5,37.6,6.05,26.08,8.03,59.5,71.0,97.7,97.7,3.873,0.12575757575757576,8.309716851315937,600.264016903632,0.015777143075074846,Healthcare Resources,1,58.0,73.0,61.69999999999999,60.220000000000006,-0.1994818652849741
Madagascar,2021,45.8,0.4024353,66.072,66.072,15.3,0.73,3.5045228,17.64008904,4.6,0.73712856,21.03363609,5.2659874,3.71035207,38.51412964,40.45223236,65.4812185779659,3.851,189.89374196854675,0.73,3.821,57.0,170.274873967912,189.89374196854675,64.485,66.072,37.3,189.89374196854675,189.89374196854675,189.89374196854675,189.89374196854675,66.072,189.89374196854675,0.568,32.71157837,52.7043071877967,14.2229669156927,23.477213342394,0.081,37.3,88.9,39.8,38.9,0.0,1.97,0.35,61.6,72.9,49.0,35.0,3.821,0.11095890410958904,9.334103453400274,588.9623579050054,0.018455177951996308,Healthcare Resources,1,46.1,58.0,61.6,57.78,-0.2588996763754045
Mexico,2002,88.9,0.03862351,211.35,211.35,89.0,0.4199999869,5.07164288,211.35,44.0,2.16505718,42.68946838,10.43169594,165.64705078,57.31053543,0.64211953,0.0,2.623,211.35,1.1,5.752,97.0,2.16131122040233,22.0,74.106,0.176621401646206,55.0,17.0,211.35,106.132,181.319,211.35,0.305,2.24,54.35933304,91.7391646143139,79.2657534926557,46.7269188678981,1.538,211.35,0.2,18.9,3.4,0.1,3.0,0.5,28.46427345,28.46427345,86.4,86.4,5.752,1.3981818181818182,10.718288792447469,293.01231122040235,0.023996417695765316,Healthcare Resources,2,94.51764705882351,94.09333333333332,88.9,88.9,0.0
Mexico,2003,89.6,0.07476646,234.75,234.75,100.0,0.627,5.81486416,234.75,234.75,2.4137032,41.50918961,10.69286728,171.86465389,58.49080276,5.54679585,0.0,2.579,234.75,1.06,5.674,98.0,1.75869052849134,23.0,74.274,0.143766369397819,56.0,17.1,234.75,105.098,178.943,234.75,234.75,2.151,55.66365051,92.2996135627821,80.0105060107886,47.6184186237104,1.589,18.9,91.9,2.5,4.0,4.37,15.41,3.5,17.6,11.7,84.5,84.5,5.674,1.4990566037735849,9.572648470948975,289.79969052849134,0.024770454355697552,Healthcare Resources,2,94.51764705882351,94.09333333333332,89.25,89.25,0.0078740157480312
Mexico,2004,90.3,0.06094366,226.5167493798257,226.5167493798257,93.0,0.192,5.95390368,226.5167493798257,226.5167493798257,2.58744621,43.45798111,12.07247734,194.71793593,56.54201508,5.4504323,0.0,2.536,226.5167493798257,1.07,5.573,98.0,1.54561679685213,18.0,74.372,0.145266882542123,53.0,16.7,226.5167493798257,104.391,178.132,226.5167493798257,0.413,2.124,53.69269943,92.8555799319342,80.7461576631509,48.4807001161199,1.662,37.2,91.9,1.2,4.3,0.0,3.2,0.5,18.6,13.1,79.9,79.9,5.573,1.553271028037383,9.018066518335077,288.36861679685217,0.02628460675116095,Healthcare Resources,2,94.51764705882351,94.09333333333332,89.60000000000001,89.60000000000001,0.0078125
Mexico,2005,91.1,0.12093282,227.835,227.835,102.0,0.627,5.83612156,227.835,227.835,2.46497631,42.23654556,11.14233589,205.13186629,57.76345825,11.78583527,0.0,2.495,227.835,1.05,5.436,98.0,1.32729229687328,22.0,74.376,0.147232962537702,53.0,16.7,227.835,104.067,179.185,227.835,0.448,2.217,54.58955383,93.4067485824867,81.4723548482518,49.3504746837897,1.775,66.6,97.4,19.4,4.1,0.64,1.75,0.19,18.4,12.7,26.0,61.0,5.436,1.6904761904761902,9.353738312126591,288.67929229687326,0.025615561963701797,Healthcare Resources,2,88.9,94.09333333333332,90.33333333333331,89.975,0.0088593576965669
Mexico,2006,93.4,0.11649629,221.3,221.3,8.4,0.614,5.65525532,221.3,221.3,2.4219811,42.8270874,10.73126125,221.01515155,57.1729126,6.42910051,0.0,2.456,221.3,1.03,5.28,98.0,1.10944444370893,21.0,74.331,0.150136580465528,50.0,16.4,221.3,103.876,181.555,221.3,0.295,2.236,53.76394653,93.9533047726709,82.1895486593841,50.2280357734339,1.893,19.5,97.7,15.5,3.8,4.73,16.84,3.84,16.7,11.4,74.1,74.1,5.28,1.837864077669903,9.506899951954777,290.3404444437089,0.02555470094893809,Healthcare Resources,2,89.6,94.09333333333332,91.6,90.66,0.0252469813391877
Mexico,2007,92.7,0.09540497,237.0119942425,237.0119942425,106.0,0.614,5.76644468,237.0119942425,237.0119942425,2.52675939,43.81832123,10.71415234,237.0119942425,56.18167877,7.2983675,0.0,2.421,237.0119942425,1.06,5.1,98.0,1.02829980361695,21.0,74.238,0.154076348767199,47.0,16.1,237.0119942425,103.786,184.932,237.0119942425,237.0119942425,2.302,52.49715424,94.495124111029,82.8976759186884,51.1127958841887,1.937,13.5,96.7,7.0,3.8,3.74,12.98,2.79,17.3,12.3,51.7,51.7,5.1,1.8273584905660376,9.103903211293792,293.546299803617,0.024329758915491988,Healthcare Resources,2,90.3,88.9,92.4,91.42,-0.0074946466809422
Mexico,2008,93.3,0.12782037,234.3186860425,234.3186860425,101.0,0.63,5.69886971,234.3186860425,234.3186860425,2.61655521,45.91357803,9.43475246,234.3186860425,54.08641815,8.06448936,0.0,2.391,234.3186860425,1.04,4.901,96.0,1.01362785451064,21.0,74.152,0.156746142299206,48.0,16.4,234.3186860425,103.524,188.338,234.3186860425,0.67,2.33,48.59585571,95.0155943324326,83.5973565911458,52.0050439552417,1.97,62.1,97.1,25.0,4.1,0.24,3.58,0.73,16.2,12.2,95.8,95.8,4.901,1.8942307692307692,8.527279650687083,296.9756278545106,0.02432102111124999,Healthcare Resources,2,91.1,89.6,93.13333333333334,92.16,0.006472491909385
Mexico,2009,95.3,0.22113964,231.2848183675,231.2848183675,95.0,0.62,6.12978411,231.2848183675,231.2848183675,2.86067653,46.66847229,10.29210663,231.2848183675,53.33152771,8.09347248,0.0,2.364,231.2848183675,1.03,4.716,95.0,1.14813781221766,21.0,74.119,0.124104097778649,52.0,16.1,231.2848183675,102.859,190.761,231.2848183675,0.661,2.393,47.35383987,95.4075017015433,84.288329732509,90.6538287718269,2.004,29.8,95.8,0.055,4.2,4.57,13.97,3.28,14.6,11.0,86.3,86.3,4.716,1.945631067961165,7.7252051655045975,298.96813781221766,0.02650318405361168,Healthcare Resources,2,93.4,90.3,93.76666666666664,93.16,0.0214362272240085
Mexico,2010,94.5,0.19516744,11.5781091734769,76.0637841319078,83.0,0.578,5.73688889,202.106732545,202.106732545,2.8809936,50.21874619,10.41032505,202.106732545,49.78125381,7.64232397,0.0,2.34,202.106732545,1.06,0.589118778705597,95.0,0.513898308494915,22.0,74.19,0.123639126304433,43.0,15.9,202.106732545,101.563,191.092,202.106732545,202.106732545,2.445,43.50876617,95.7953211176627,84.9709827739648,90.6538332389721,2.026,53.2,0.41,7.1,4.1,0.11,2.88,0.66,12.4,9.9,39.0,66.0,4.532,1.9113207547169808,7.584035006471948,297.2688983084949,0.02838544177998947,Healthcare Resources,2,92.7,91.1,94.36666666666667,93.84,-0.0083945435466946
Mexico,2011,95.3,0.11883424,212.6013216166874,212.6013216166874,80.0,0.504,5.51883602,212.6013216166874,15.6,2.91415977,52.8038826,10.5141964,212.6013216166874,47.1961174,7.09629297,0.0,2.317,212.6013216166874,1.04,4.357,97.0,0.464464729193096,21.0,74.365,0.121412442486025,42.0,15.4,212.6013216166874,99.722,189.228,212.6013216166874,0.64,2.543,40.73421097,96.1794604737157,85.6461713546529,90.653828610083,2.129,21.9,0.84,1.3,3.9,5.46,17.91,4.55,11.2,9.5,64.56,98.0,4.357,2.0471153846153847,7.380942434669403,293.3144647291931,0.02595861576980347,Healthcare Resources,2,93.3,93.4,95.03333333333332,94.22,0.0084656084656085
Mexico,2012,99.6,0.10542289,208.5891432775,208.5891432775,72.0,0.71,5.66522074,208.5891432775,33.0,3.00721931,53.0821228,10.65864182,208.5891432775,46.9178772,6.6337676,0.0,2.294,208.5891432775,1.03,4.233,99.0,0.33944234471939,22.0,74.574,0.118918817878421,41.0,15.5,208.5891432775,97.839,186.538,208.5891432775,208.5891432775,2.582,40.64141083,96.5596662108125,86.3134473539737,90.6538330181721,2.14,16.0,97.6,13.6,3.8,0.12,2.52,0.49,12.6,11.0,85.45,51.2,4.233,2.0776699029126213,7.173844179282589,288.5164423447194,0.027159710476700984,Healthcare Resources,2,95.3,92.7,96.46666666666664,95.6,0.0451206715634837
Mexico,2013,96.1,0.08809453,237.37725,237.37725,66.0,0.77,5.80923605,237.37725,237.37725,3.12253189,53.75115967,11.24126339,237.37725,46.24884415,6.74055386,0.0,2.269,237.37725,1.03,4.159,83.0,0.19907004128592,22.0,74.739,0.118125520340014,37.0,15.2,224.606,96.411,184.452,237.37725,0.29,2.841,39.87906647,96.9361142167942,86.9732305633495,90.6538287232884,2.184,15.6,0.51,0.099,3.8,0.0,7.5,0.58,9.0,7.7,31.93,99.4,4.159,2.1203883495145632,6.8647695026956255,284.8620700412859,0.02447258972795413,Healthcare Resources,2,94.5,93.3,97.0,96.16,-0.0351405622489959
Mexico,2014,95.6,0.09332759,205.928560445,205.928560445,65.0,0.71,5.55340958,205.928560445,47.0,2.89231014,52.08169937,10.34577084,205.928560445,47.91830063,1.73175645,0.0,2.211,205.928560445,1.02,4.112,87.0,0.26056313412964,22.0,74.797,0.119799566017296,38.0,15.6,205.928560445,95.903,184.294,205.928560445,205.928560445,2.716,40.87202454,97.3088202170104,87.6255975088182,91.019051402004,2.256,55.5,97.2,38.7,3.8,0.03,2.62,0.57,12.5,10.8,11.42,79.1,4.112,2.2117647058823526,7.35980733119274,284.25756313412967,0.026967651150473716,Healthcare Resources,2,95.3,95.3,97.09999999999998,96.22,-0.0052029136316337
Mexico,2015,97.7,0.07663223,10.0366534189482,79.8132340601764,61.0,0.74,5.72277355,207.26762379,207.26762379,2.98734307,52.20096588,10.86458778,207.26762379,47.79903793,1.6734798,0.0,2.137,207.26762379,1.0,4.081,87.0,0.202969797544497,22.0,74.682,0.125719718120095,34.0,15.7,207.26762379,96.767,187.351,207.26762379,207.26762379,2.794,41.04377365,97.6776477066578,88.2703403132952,91.3842752309137,2.358,16.2,98.5,12.4,3.7,0.0,7.95,0.29,12.3,10.6,113.11,74.0,4.081,2.358,7.172007295308758,288.02096979754447,0.027610552219184105,Healthcare Resources,2,99.6,94.5,96.46666666666664,96.86,0.0219665271966527
Mexico,2016,98.0,0.08285465,229.75,229.75,0.5,0.581,5.55345821,229.75,229.75,2.84779787,51.27971649,10.41155815,229.75,48.72028351,2.04399228,0.0,2.086,229.75,1.0,4.06,93.0,0.213880328715821,22.0,74.412,0.101600169548673,36.0,16.0,197.06,98.83,193.592,229.75,229.75,2.898,41.3722229,98.0427474926673,88.9078238625309,91.7494949370446,2.359,43.6,93.7,10.0,3.7,0.02,1.54,0.23,11.3,9.6,34.74,87.0,4.06,2.359,7.4498125916391835,296.33588032871586,0.024171744113166485,Healthcare Resources,2,96.1,95.3,97.09999999999998,97.4,0.0030706243602864
Mexico,2017,96.6,0.07024644,235.0,235.0,58.0,0.72,5.45759058,235.0,235.0,2.75801325,50.53536606,10.7295351,235.0,49.46463013,1.08640862,0.0,2.041,235.0,0.99,0.607,85.0,0.282621250660474,23.0,74.138,0.108291132861076,143.0,15.7,196.146,100.858,200.69,235.0,235.0,2.896,41.78836441,98.4040199327524,89.5378931953636,92.1147160450377,2.42,16.4,1.57,21.3,3.8,0.19,17.46,6.67,16.2,14.0,142.4,74.0,4.027,2.444444444444444,7.6569254870708905,305.6306212506605,0.02322378970212766,Healthcare Resources,2,95.6,99.6,97.43333333333334,96.8,-0.0142857142857143
Mexico,2018,98.8,0.0847646,209.3795,209.3795,59.0,0.72,5.38345814,209.3795,59.0,2.67172027,49.62833023,10.41115475,209.3795,50.37167358,1.13700962,0.0,1.996,209.3795,0.98,0.611657083034515,88.0,0.305428526111476,23.0,74.015,0.114857392850021,59.0,15.6,194.728,101.426,205.793,209.3795,1.182,2.903,42.30939865,98.7615454576756,90.1607704691038,92.4799345437201,2.467,41.9,0.15,3.4,3.6,0.08,2.51,0.62,10.4,8.5,55.47,85.1,3.994,2.5173469387755105,7.859148812848389,311.1244285261115,0.025711486272533845,Healthcare Resources,2,97.7,96.1,97.8,97.34,0.0227743271221532
Mexico,2019,98.4,0.06373075,9.0934368360701,80.4103092072542,57.0,0.72,5.44796371,159.00986380737052,20.3,2.67861629,49.16729355,10.31756687,159.00986380737052,50.83270264,1.12308216,0.0,1.916,159.00986380737052,0.97,3.939,82.0,0.233048546501104,23.0,74.202,0.119934833035527,20.3,15.6,3.5,99.114,159.00986380737052,159.00986380737052,0.933,2.88,42.28219223,99.1153530172831,90.7765580654672,92.845159353106,2.474,16.1,0.0,14.1,3.5,0.0,2.22,0.46,10.3,8.5,47.0,74.0,3.939,2.550515463917526,7.76110019829776,261.8569123538716,0.03426179722158514,Healthcare Resources,2,98.0,95.6,97.93333333333334,97.9,-0.0040485829959513
Mexico,2020,98.4,0.13258837,235.9845,235.9845,57.0,0.74,6.22204065,235.9845,4.8,3.29035473,52.88224792,11.5203886,235.9845,47.09709167,0.02066442,0.0,1.905,235.9845,1.0,0.612949848175049,72.0,0.133275231322375,23.0,70.133,0.121860330518605,4.8,182.744,182.744,141.359,235.9845,235.9845,0.486,2.956,38.76134109,99.3687045328802,91.3853355718832,93.2103783677687,2.441,43.9,6.05,13.9,3.2,0.12,4.44,1.22,9.5,8.4,97.7,97.7,3.873,2.441,6.229683036545253,380.6767752313224,0.02636631071108484,Healthcare Resources,2,96.6,97.7,98.53333333333336,98.04,0.0
Mexico,2021,89.4,0.07945221,66.072,66.072,25.2,0.73,6.07868719,189.89374196854675,16.9,3.04519415,50.09624481,11.03306103,189.89374196854675,49.79109573,0.11266483,0.0,1.822,189.89374196854675,1.02,3.821,78.0,0.0900918341059391,25.0,70.213,66.072,37.3,189.89374196854675,189.89374196854675,130.813,189.89374196854675,66.072,189.89374196854675,5.513,41.37071991,99.5400027130721,91.9871311173379,93.5755964703008,0.809,16.0,85.1,12.8,3.2,0.0,11.1,2.0,8.7,7.7,49.0,75.0,3.821,0.7931372549019609,6.805864262608979,323.99683380265265,0.03201099271089644,Healthcare Resources,2,98.8,98.0,95.4,96.32,-0.0914634146341463
Morocco,2002,85.0,0.1079875,211.35,211.35,89.0,0.4199999869,4.06117535,63.35457993,44.0,1.08123076,26.62359238,4.18854809,16.86726559,72.58872986,0.78767413,28.9455208193677,2.67,211.35,0.88,5.752,94.0,0.0006484239748143,116.0,67.547,0.616680617373944,44.0,25.0,211.35,160.092,205.899,211.35,0.305,0.767,53.84698105,66.5885809593139,69.7649049930659,69.0480514749255,0.558,18.2,86.4,37.5,5.4,4.13,12.72,2.95,28.46427345,28.46427345,86.4,86.4,5.752,0.6340909090909091,13.258964809288521,371.39164842397486,0.019215402649633312,Healthcare Resources,2,90.38235294117646,90.4,85.0,85.0,0.0
Morocco,2003,98.7,0.10862634,234.75,234.75,0.2,0.627,4.08037519,77.51076508,234.75,0.99790573,24.45622253,4.14071369,18.95620536,74.45890045,1.08487773,22.6247381291092,2.632,234.75,0.89,5.674,91.0,0.0001348559923428,103.0,67.915,0.589150063036688,234.75,25.2,234.75,156.301,201.454,234.75,234.75,0.593,56.20530701,67.5495505303989,71.0463173308646,70.5465458824676,1.348,17.4,68.7,23.1,5.1,0.59,2.94,0.61,16.4,23.4,84.5,84.5,5.674,1.5146067415730338,13.774543857571098,362.85513485599233,0.017381789946751863,Healthcare Resources,2,90.38235294117646,90.4,91.85,91.85,0.1611764705882352
Morocco,2004,62.6,0.11009463,226.5167493798257,226.5167493798257,93.0,0.192,4.23211098,90.9294281,226.5167493798257,1.01085818,23.88543892,4.12965059,21.71889191,74.76679993,1.34776056,19.1090240268696,2.598,226.5167493798257,0.87,5.573,97.0,3.32965694810836e-05,99.0,68.231,0.569220250920702,40.0,25.1,226.5167493798257,153.488,197.358,226.5167493798257,0.413,0.81,57.37558365,68.5102152427062,72.2380123762747,72.0433055381976,0.532,16.7,67.8,33.7,4.9,3.53,15.91,4.05,12.6,19.3,79.9,79.9,5.573,0.6114942528735633,13.557202049082372,355.74603329656946,0.018683435073066277,Healthcare Resources,2,90.38235294117646,90.4,82.10000000000001,82.10000000000001,-0.3657548125633232
Morocco,2005,99.1,0.11335745,227.835,227.835,0.1,0.627,4.37350655,96.96191406,227.835,1.10253143,25.20932388,3.85011864,24.44344224,74.15740204,0.63327235,43.3357064108308,2.568,227.835,0.86,5.436,98.0,0.0,99.0,68.704,0.529749947665667,38.0,25.0,227.835,147.494,192.266,227.835,0.448,0.838,59.65603256,69.5807164276535,73.1773228798592,84.3164687645028,0.619,16.0,99.2,33.3,4.8,1.12,2.14,0.34,43.0,38.8,26.0,51.0,5.436,0.7197674418604652,13.640320845066528,344.56,0.019195938069216757,Healthcare Resources,2,85.0,90.4,86.8,86.35,0.5830670926517572
Morocco,2006,83.8,0.11172808,221.3,221.3,3.0,0.614,4.56586647,110.00260162,221.3,1.68357384,36.87304306,6.48042345,40.56130493,62.83398819,0.29296973,88.8053639057655,2.559,221.3,0.86,5.28,97.0,0.0,97.0,69.128,0.490255577650474,44.0,24.9,221.3,142.189,187.725,221.3,0.295,0.887,58.74881363,70.6676089659344,74.1286263488446,84.3788541008405,0.629,26.6,90.8,31.7,4.8,0.77,22.0,2.7,42.5,39.1,74.1,74.1,5.28,0.7313953488372094,12.866958334416646,334.714,0.020632022006326252,Healthcare Resources,2,98.7,90.4,81.83333333333333,85.84,-0.1543895055499495
Morocco,2007,99.4,0.12985753,237.0119942425,237.0119942425,0.8,0.614,4.80759001,131.66958618,237.0119942425,1.80634582,37.57279587,6.83441544,49.47194292,61.15190125,1.27529931,45.8618554388667,2.55,237.0119942425,0.87,5.1,95.0,0.0,94.0,69.604,0.45782178032238,41.0,25.0,237.0119942425,137.055,181.665,237.0119942425,237.0119942425,0.957,57.18305206,71.7467395262126,75.078660952352,84.4421659464239,0.585,8.9,93.3,31.7,4.8,1.27,2.54,0.33,39.2,36.9,51.7,51.7,5.1,0.6724137931034483,11.89432791503783,323.52,0.020284163362133862,Healthcare Resources,2,62.6,85.0,94.1,88.72,0.1861575178997614
Morocco,2008,94.8,0.14641024,234.3186860425,234.3186860425,0.0,0.63,4.83789158,153.10005188,234.3186860425,1.88765144,39.01806259,6.68077278,59.73667168,60.19530106,0.78664064,34.1972910543571,2.549,234.3186860425,0.86,4.901,99.0,0.0,98.0,70.048,0.426873591430134,58.0,24.8,234.3186860425,132.426,175.766,234.3186860425,0.67,1.028,56.41322708,72.8173346439623,76.0270427371128,84.5062972038271,0.67,15.4,73.6,30.8,4.8,1.87,14.55,3.6,34.8,33.0,95.8,95.8,4.901,0.7790697674418605,11.66070511237046,312.99199999999996,0.02064663156707237,Healthcare Resources,2,99.1,98.7,92.66666666666669,87.94000000000001,-0.0462776659959759
Morocco,2009,97.9,0.17493439,231.2848183675,231.2848183675,95.0,0.62,5.27312183,165.44444275,231.2848183675,2.12625146,40.3224411,7.56513786,66.7112405,58.0355072,1.64205134,0.603530287652182,2.578,231.2848183675,0.85,4.716,99.0,0.0,99.0,70.458,0.395194947922677,54.0,24.6,231.2848183675,128.175,170.334,231.2848183675,0.661,0.927,54.49833298,73.8787116175245,76.9734333991615,84.5714571672781,0.645,26.3,94.51,29.3,4.9,0.54,4.5,1.01,32.3,31.8,86.3,86.3,4.716,0.7588235294117648,10.335117362535886,303.409,0.022799256203756845,Healthcare Resources,2,83.8,62.6,97.36666666666667,95.0,0.0327004219409283
Morocco,2010,74.1,0.20821311,13.5048736228847,77.0622552195819,3.6,0.578,5.41861057,168.37710571,202.106732545,2.16227508,39.90460587,7.53159714,67.19021876,59.63827896,0.45711282,69.2474996576726,2.586,202.106732545,0.84,0.474434584379196,99.0,0.0,101.0,70.829,0.367457353163194,129.0,24.4,202.106732545,124.389,165.355,202.106732545,202.106732545,1.241,55.61273193,74.9321261036749,77.918633263736,84.8843752881511,0.715,53.2,97.0,22.7,4.8,0.89,11.32,2.14,33.5,32.4,39.0,58.0,4.532,0.8511904761904762,10.263282664729308,294.544,0.02681063862527945,Healthcare Resources,2,99.4,99.1,88.93333333333334,90.0,-0.2431052093973443
Morocco,2011,73.6,0.179268,212.6013216166874,212.6013216166874,1.2,0.504,5.37019396,179.04853821,6.8,2.2546432,41.98439026,7.21933842,75.17244069,57.36105347,0.65455669,79.8675268536312,2.609,212.6013216166874,0.83,4.357,99.0,0.0,100.0,71.269,0.334542287093372,88.0,24.3,212.6013216166874,118.679,160.863,212.6013216166874,0.64,0.932,54.24003983,75.9759037287144,78.861710640232,85.1983834116102,1.726,12.5,77.1,14.9,4.5,0.55,3.87,0.91,31.1,30.8,12.04,98.0,4.357,2.0795180722891566,10.100201265356159,284.04200000000003,0.025259457086923797,Healthcare Resources,2,94.8,83.8,81.86666666666666,87.96000000000001,-0.0067476383265856
Morocco,2012,98.2,0.15606132,208.5891432775,208.5891432775,0.8,0.71,5.39619017,172.05938721,33.0,2.33175611,43.21115494,7.16562605,74.34884795,55.84900665,0.93984002,46.7234125937925,2.598,208.5891432775,0.83,4.233,99.0,0.0,99.0,71.679,0.31137964160328,33.0,24.2,208.5891432775,113.437,156.66,208.5891432775,208.5891432775,1.461,52.74585342,77.0103247140373,79.8028890316832,85.5135978672932,0.826,25.2,98.1,26.7,4.3,0.41,9.14,2.03,29.1,29.7,85.45,51.2,4.233,0.9951807228915662,9.774646882024175,274.397,0.025869947424929443,Healthcare Resources,2,97.9,99.4,81.96666666666665,87.72,0.3342391304347827
Morocco,2013,97.0,0.1325452,237.37725,237.37725,0.1,0.77,5.25540543,179.73484802,237.37725,2.32684731,44.27531815,7.64631701,79.57817524,55.40347672,0.32120803,99.8171155463978,2.594,237.37725,0.82,4.159,99.0,0.0,99.0,72.122,0.292368094979794,32.0,24.7,224.606,108.787,151.14,237.37725,0.29,0.97,51.66726685,78.0347633935167,80.7418404189432,85.8295981233901,0.63,4.8,95.4,25.9,4.1,2.37,13.4,2.0,26.3,27.6,31.93,99.4,4.159,0.7682926829268293,9.831261838537165,264.027,0.022139465471101377,Healthcare Resources,2,74.1,94.8,89.60000000000001,88.16,-0.0122199592668025
Morocco,2014,93.8,0.14458977,205.928560445,205.928560445,65.0,0.71,5.41626596,188.40020752,47.0,2.09785223,38.73244095,6.83858538,72.97199573,60.24949265,1.01806724,25.7226333955128,2.548,205.928560445,1.1,4.112,99.0,0.0,101.0,72.538,0.280311652767488,47.0,24.5,205.928560445,104.592,145.857,205.928560445,205.928560445,0.942,49.15629196,79.0494793784529,81.6787840039995,86.1468116755869,0.912,11.3,95.8,24.9,4.0,0.28,9.82,2.07,24.1,26.8,10.47,79.1,4.112,0.8290909090909091,9.075679134486224,254.449,0.026301674465629026,Healthcare Resources,2,73.6,97.9,96.33333333333331,87.34,-0.0329896907216494
Morocco,2015,99.6,0.14608777,10.7258770970721,81.4320974162168,61.0,0.0,5.10435581,162.5098114,207.26762379,1.98215687,38.83265686,6.97614002,63.10687269,60.07689285,1.09044969,14.7823881579702,2.531,207.26762379,1.1,4.081,99.0,0.0,102.0,72.92,0.26640299007112,38.0,24.4,207.26762379,100.723,141.134,207.26762379,207.26762379,1.43,48.95444107,80.0538678565424,82.6133886224459,86.4651354380595,0.801,23.5,97.5,24.6,3.7,0.9,31.22,5.07,25.1,27.9,22.71,65.0,4.081,0.7281818181818182,9.5907187688783,245.55699999999996,0.024626884395469534,Healthcare Resources,2,98.2,74.1,96.8,92.44,0.0618336886993602
Morocco,2016,98.4,0.22285002,229.75,229.75,0.5,0.581,5.09203386,161.82783508,229.75,2.00518847,39.37893295,7.02311468,63.72606971,60.30977631,0.31129405,48.1984675071343,2.451,229.75,1.1,4.06,99.0,0.0,103.0,73.284,0.206010927867797,32.0,24.3,197.06,96.866,136.937,229.75,229.75,1.454,48.8467865,81.048169800734,83.5458715010734,86.7844742143067,0.833,9.2,97.2,24.3,3.7,0.15,9.39,1.9,24.9,27.6,3.66,87.0,4.06,0.7572727272727272,9.592785091967162,237.503,0.02216336826985854,Healthcare Resources,2,97.0,73.6,97.26666666666668,97.4,-0.0120481927710842
Morocco,2017,93.9,0.31951338,235.0,235.0,0.3,0.72,4.98920393,166.4662323,235.0,1.98112547,39.70824814,7.12353611,66.10082361,60.00078583,0.29096925,73.9362151038979,2.451,235.0,1.0,0.5,99.0,0.0,100.0,73.66,0.194209549580603,44.0,24.2,196.146,92.365,133.429,235.0,235.0,1.391,47.96567535,82.031814596802,84.475912325171,87.1043052297417,0.732,7.9,93.8,15.1,3.5,1.57,9.57,2.54,22.0,25.2,142.4,69.0,4.027,0.732,9.613893523490429,229.29399999999998,0.021230655021276596,Healthcare Resources,2,93.8,98.2,97.3,96.54,-0.0457317073170732
Morocco,2018,86.6,0.15236016,209.3795,209.3795,59.0,0.72,4.94516659,175.27603149,59.0,1.9875257,40.19128036,7.18196535,70.44567923,59.62752151,0.18119994,6.08659380250734,2.415,209.3795,3.71,0.492540985345841,99.0,0.0,99.0,73.986,0.188671392156688,59.0,24.2,194.728,88.583,130.373,209.3795,1.182,1.827,46.98527527,84.0333811702361,85.4034658197899,87.4247409291133,2.202,6.8,88.5,23.2,3.6,0.15,10.03,2.43,21.0,24.7,50.05,85.1,3.994,0.5935309973045823,9.501252266205253,222.55599999999998,0.02361819848648029,Healthcare Resources,2,99.6,97.0,92.96666666666664,94.46,-0.0777422790202344
Morocco,2019,99.6,0.43,8.9061293772705,84.1902894663775,57.0,0.72,4.99129868,159.00986380737052,20.3,2.02342105,40.53897095,7.39498091,71.85352898,58.72442627,0.73660624,85.7789791793219,2.382,159.00986380737052,0.7,3.939,99.0,0.0,97.0,74.27,0.184769415169536,20.3,24.1,4.6,85.393,127.668,159.00986380737052,0.933,1.396,46.1103363,84.9818507597581,86.3282340120945,87.7457732686581,4.0685,5.7,0.0,14.2,4.1,0.0,8.2,0.9,20.1,24.3,47.0,68.0,3.939,5.812142857142858,9.238144069551053,217.161,0.03138986827915666,Healthcare Resources,2,98.4,93.8,93.36666666666667,95.62,0.1501154734411085
Morocco,2020,98.8,0.30409127,235.9845,235.9845,57.0,0.74,5.83834505,193.10235596,4.8,2.46564341,42.23188782,7.2206831,81.55077123,55.72185135,2.04626346,94.8758288904646,2.353,235.9845,0.73,0.504116356372833,99.0,0.0,96.0,73.92,0.174110949029077,4.8,182.744,182.744,84.929,130.197,235.9845,0.486,5.447,43.6934967,85.9187628261055,87.2504343475577,88.0674163961593,3.895,4.8,95.0,19.5,5.3,0.11,8.46,1.73,21.0,27.8,97.7,97.7,3.873,5.335616438356165,7.483883930429908,220.42600000000002,0.024740375109382186,Healthcare Resources,2,93.9,99.6,95.0,95.46,-0.0080321285140562
Morocco,2021,96.1,0.21260828,66.072,66.072,25.2,0.73,5.73834944,189.89374196854675,9.1,2.22957587,38.85395813,7.18068504,85.91186974,57.52303696,3.62300873,93.5840479720488,2.328,189.89374196854675,3.34,3.821,99.0,0.0,94.0,74.042,66.072,37.3,189.89374196854675,189.89374196854675,83.996,128.703,66.072,189.89374196854675,1.449,44.75625992,86.8433142429705,87.3836431456272,88.3893421603972,2.362,37.3,97.0,26.7,6.4,0.0,1.97,0.35,19.5,25.9,49.0,69.0,3.821,0.707185628742515,7.7995006034348435,219.099,0.030218739072246405,Healthcare Resources,2,86.6,98.4,98.16666666666669,95.0,-0.027327935222672
Mozambique,2002,85.0,0.58,211.35,211.35,89.0,0.4199999869,3.2773509,9.95218277,44.0,1.2326442,37.61099243,6.31664944,3.74311497,27.25561523,35.13338852,10.4251403180024,5.734,211.35,0.21,5.752,76.0,211.35,211.35,50.59,2.61539779684704,44.0,28.6,211.35,211.35,211.35,211.35,0.305,0.301,26.60668564,25.281950672123,12.2572646339569,4.11569206616851,0.047,54.1,86.4,51.4,35.5,0.2,0.83,0.05,28.46427345,28.46427345,86.4,86.4,5.752,0.22380952380952382,8.1183512085935,669.55,0.015506746628814762,Healthcare Resources,1,43.85294117647059,42.32000000000001,85.0,85.0,0.0
Mozambique,2003,47.7,0.54,234.75,234.75,14.9,0.185,3.39533854,11.15465164,234.75,1.22760653,36.15564346,6.31664944,4.03303625,21.84199715,42.00235748,11.4749177330586,5.733,234.75,0.2,5.674,85.0,234.75,234.75,50.87,2.49892214660867,234.75,28.7,234.75,234.75,234.75,234.75,234.75,0.3,21.21561623,26.8306654926848,13.3023143058234,5.37237233572651,0.268,17.4,84.5,46.9,34.4,2.81,9.97,0.8,84.6,96.5,84.5,84.5,5.674,1.34,6.248453866989062,738.65,0.01446363595314164,Healthcare Resources,1,43.85294117647059,42.32000000000001,66.35,66.35,-0.4388235294117647
Mozambique,2004,15.8,0.96,226.5167493798257,226.5167493798257,93.0,0.684,3.67226458,14.22916508,226.5167493798257,1.16731966,31.78746223,6.31664944,4.5230905,16.18545532,52.02708054,7.24991845985669,5.667,226.5167493798257,0.2,5.573,83.0,226.5167493798257,226.5167493798257,51.249,2.37435874211397,226.5167493798257,29.0,226.5167493798257,226.5167493798257,226.5167493798257,226.5167493798257,0.413,0.33,15.60630703,28.4125475477891,14.3614035663123,6.63656847440678,0.026,38.7,48.7,50.5,34.5,0.49,0.82,0.18,82.5,96.2,79.9,79.9,5.573,0.12999999999999998,4.249777403021435,714.050248139477,0.01621188980529783,Healthcare Resources,1,43.85294117647059,42.32000000000001,49.5,49.5,-0.6687631027253669
Mozambique,2005,26.1,0.95,227.835,227.835,3.7,0.194,4.37538815,18.49229622,227.835,1.48059738,33.83922195,8.39700031,6.25764937,12.91511631,53.24565506,17.2192016732106,5.609,227.835,0.26,5.436,80.0,227.835,227.835,51.561,2.27968637736096,227.835,29.4,227.835,227.835,227.835,227.835,0.448,0.335,12.31847477,30.0268645534793,15.4341574090753,46.3638876484209,0.12,31.1,27.6,46.2,33.7,3.65,20.3,2.2,80.8,96.2,26.0,23.0,5.436,0.4615384615384615,2.8154015935706185,717.205,0.01920419667742006,Healthcare Resources,1,85.0,42.32000000000001,29.86666666666667,43.65,0.6518987341772151
Mozambique,2006,18.7,1.12,221.3,221.3,0.1,0.614,4.08873844,18.09505653,221.3,1.18389058,28.95491028,5.67257071,5.23940755,13.38787937,57.6572113,10.7670879070946,5.55,221.3,0.85,5.28,78.0,221.3,221.3,51.961,2.19939652579737,221.3,29.7,221.3,221.3,221.3,221.3,0.295,0.344,12.74688625,31.6744358371789,16.5211559577989,46.4690836767712,0.026,26.6,43.7,49.1,32.9,0.77,22.0,2.7,94.3,96.9,74.1,74.1,5.28,0.030588235294117645,3.117559716047769,696.8,0.018475998373248984,Healthcare Resources,1,47.7,42.32000000000001,20.2,38.66,-0.2835249042145594
Mozambique,2007,18.0,0.67,237.0119942425,237.0119942425,23.0,0.218,3.93067098,19.3034668,237.0119942425,1.21262467,30.85032272,5.60290384,5.95518208,13.12143898,56.0282402,32.8537995296107,5.513,237.0119942425,0.75,5.1,75.0,237.0119942425,237.0119942425,52.566,2.14544771567526,237.0119942425,29.9,237.0119942425,237.0119942425,237.0119942425,237.0119942425,237.0119942425,0.369,12.01949692,33.3535146665371,17.6213721830878,11.6828861274331,0.326,33.7,51.7,43.2,30.3,0.37,4.84,0.07,85.5,95.2,51.7,51.7,5.1,0.4346666666666667,3.0578740833708755,741.3359827275001,0.01658427031324969,Healthcare Resources,1,15.8,85.0,20.933333333333334,25.26,-0.0374331550802138
Mozambique,2008,55.3,0.87,234.3186860425,234.3186860425,36.7,0.296,4.22139311,24.26328468,234.3186860425,1.24205959,29.42297745,5.66810656,7.13898094,11.84046364,58.73655701,62.9600282029063,5.579,234.3186860425,0.79,4.901,75.0,234.3186860425,234.3186860425,53.164,2.12662317066421,234.3186860425,30.7,234.3186860425,234.3186860425,234.3186860425,234.3186860425,229.0,0.396,10.49852276,35.2069187179296,18.8302407708135,11.7459774175346,0.339,54.7,92.3,43.5,29.0,0.31,1.19,0.31,85.6,95.1,95.8,95.8,4.901,0.4291139240506329,2.486980597739214,731.9560581274999,0.018015605930951393,Healthcare Resources,1,26.1,47.7,30.666666666666668,26.78,2.072222222222222
Mozambique,2009,24.4,0.76,231.2848183675,231.2848183675,59.6,0.363,5.20390034,27.63411713,231.2848183675,1.31300271,25.23112679,4.9652133,6.97239888,9.57833767,65.1905365,62.8536422766618,5.626,231.2848183675,0.84,4.716,74.0,231.2848183675,231.2848183675,53.788,2.02358591475919,54.0,31.6,231.2848183675,231.2848183675,231.2848183675,231.2848183675,0.661,0.403,8.2377615,37.1024439275655,20.0645617499618,11.8128435435516,0.046,24.5,94.2,38.2,25.1,3.18,16.77,1.42,81.5,94.1,86.3,86.3,4.716,0.05476190476190476,1.582997552178334,718.9544551025001,0.022499965093823245,Healthcare Resources,1,18.7,15.8,32.56666666666666,28.5,-0.5587703435804702
Mozambique,2010,26.5,0.25,62.1781951050473,30.2106519355533,49.1,0.578,5.43892908,26.17583847,202.106732545,1.2781167,23.49941826,4.67241478,6.15116947,8.49968624,68.00089264,55.9529962869916,5.63,202.106732545,0.85,0.34381103515625,74.0,202.106732545,202.106732545,54.198,1.83963241854498,202.106732545,32.3,202.106732545,202.106732545,202.106732545,202.106732545,202.106732545,0.412,7.1121192,39.0283491613439,21.3170069551163,11.8805189337948,0.05,29.6,52.8,22.7,22.2,3.11,14.22,4.52,82.0,97.0,0.67,31.0,4.532,0.05882352941176471,1.3076322738151975,628.5201976349999,0.026911172188630567,Healthcare Resources,1,18.0,26.1,35.4,28.579999999999995,0.0860655737704918
Mozambique,2011,54.3,0.3,212.6013216166874,212.6013216166874,29.9,0.393,5.00311899,30.28253746,3.1,1.27621472,25.5083828,4.34422016,7.72458524,8.34747982,66.14413452,65.5970383408758,5.551,212.6013216166874,0.84,4.357,77.0,212.6013216166874,212.6013216166874,54.869,1.70367537262879,212.6013216166874,32.8,212.6013216166874,212.6013216166874,212.6013216166874,212.6013216166874,208.0,0.4,6.71953869,40.9829957259919,22.5867672282022,11.948732930818,0.053,38.3,90.6,42.9,20.7,0.84,1.88,0.2,83.7,97.0,12.04,98.0,4.357,0.0630952380952381,1.343069933661522,658.5039648500622,0.023532868713866444,Healthcare Resources,1,55.3,18.7,35.06666666666666,35.7,1.049056603773585
Mozambique,2012,39.9,0.29,208.5891432775,208.5891432775,2.5,0.047,5.24640608,35.03115845,33.0,1.26101863,24.03585434,4.3945961,8.42003869,17.5775013,58.38664246,34.6369634989652,5.451,208.5891432775,0.85,4.233,80.0,208.5891432775,208.5891432775,55.639,1.56948080400445,33.0,33.3,208.5891432775,208.5891432775,208.5891432775,208.5891432775,208.5891432775,0.412,5.5548296,42.9657407480855,23.8737014232425,12.0174868185003,0.056,19.7,51.2,33.7,22.6,2.95,15.74,3.59,80.4,96.5,0.95,51.2,4.233,0.06588235294117648,1.0587875805450424,648.3674298325,0.02515186551689489,Healthcare Resources,1,24.4,18.0,40.23333333333333,40.08,-0.2651933701657458
Mozambique,2013,36.5,0.4,237.37725,237.37725,32.7,0.045,6.12585449,41.17826843,237.37725,1.51853013,24.78886986,4.72615862,10.20762725,16.64415741,58.56697083,45.6668005395547,5.34,237.37725,0.8,4.159,82.0,237.37725,237.37725,56.492,1.32538613867373,237.37725,33.1,224.606,237.37725,237.37725,237.37725,192.0,0.424,8.01625633,44.975925386408,25.1776607454077,12.086779893385,0.058,4.8,58.7,42.0,27.8,0.72,10.31,2.12,85.2,96.2,1.1,99.4,4.159,0.0725,1.3085939835962377,739.93175,0.025806409375793173,Healthcare Resources,1,26.5,55.3,43.56666666666666,36.32,-0.0852130325814536
Mozambique,2014,55.6,0.27,205.928560445,205.928560445,5.0,0.71,6.33251858,43.08488846,47.0,1.74078834,27.48966789,4.31759024,11.84389219,18.54088211,53.9694519,45.0466409056739,5.131,205.928560445,0.8,4.112,85.0,205.928560445,205.928560445,57.274,1.33401002456024,47.0,32.4,205.928560445,205.928560445,205.928560445,205.928560445,205.928560445,0.422,10.42437363,47.0128819373376,26.498493533672,12.1566115483386,0.484,46.1,68.3,37.1,34.6,0.49,1.61,0.4,77.3,92.3,2.96,79.1,4.112,0.605,1.6461655024468953,652.385681335,0.030751045733121162,Healthcare Resources,1,54.3,24.4,44.0,42.56,0.5232876712328767
Mozambique,2015,73.0,0.51809144,58.4835516040188,33.0677058020347,38.4,0.0,6.71663332,39.91206741,207.26762379,1.81552148,27.03023148,5.55443764,10.78832387,18.28590393,54.68386459,44.0896621383362,5.062,207.26762379,0.78,4.081,85.0,207.26762379,207.26762379,58.151,1.25807418337706,38.0,31.8,207.26762379,207.26762379,207.26762379,207.26762379,207.26762379,0.45,11.26148605,49.0759428639125,27.8360509112133,12.2269836878297,0.097,23.5,87.2,42.3,42.3,0.93,9.84,2.14,79.7,95.2,5.88,40.0,4.081,0.12435897435897436,1.6766563713500442,664.10287137,0.03240560777019945,Healthcare Resources,1,39.9,26.5,55.03333333333333,51.86,0.3129496402877698
Mozambique,2016,58.0,0.37,229.75,229.75,2.0,0.581,7.28134441,31.38208961,229.75,1.74219394,23.92681694,5.99889708,7.50873521,17.02968597,59.04349899,58.8767729745683,4.992,229.75,0.78,4.06,85.0,229.75,229.75,59.038,1.02313827654853,229.75,31.3,197.06,229.75,229.75,229.75,145.0,0.483,10.55004883,51.1644141801736,29.1901697914073,56.6977597569626,0.492,21.4,83.6,35.8,44.4,0.98,10.66,2.1,74.1,94.4,0.56,87.0,4.06,0.6307692307692307,1.4489149580001806,733.65,0.03169246750816104,Healthcare Resources,1,36.5,54.3,62.2,52.6,-0.2054794520547945
Mozambique,2017,58.0,0.47,235.0,235.0,1.1,0.72,7.83763266,36.26471329,235.0,1.74276435,22.23585129,5.99591827,8.06376819,15.69281483,62.07133865,63.0019158959346,4.922,235.0,0.76,0.361,85.0,235.0,235.0,59.771,0.939429610553174,235.0,30.9,196.146,235.0,235.0,235.0,235.0,0.482,9.67307854,53.2771826866148,30.560328246432,58.0752406137584,0.076,7.9,83.6,21.9,41.1,1.57,9.57,2.54,76.3,94.5,142.4,43.0,4.027,0.09999999999999999,1.2341837082219163,746.1,0.03335162834042553,Healthcare Resources,1,55.6,39.9,63.0,56.220000000000006,0.0
Mozambique,2018,52.7,0.36,209.3795,209.3795,32.7,0.72,8.0889616,40.8117218,59.0,1.80703926,22.339571,5.76476336,9.11716322,15.32885265,62.3315773,59.9678934216767,4.852,209.3795,0.76,0.355467021465302,85.0,209.3795,209.3795,60.526,0.853959901706019,59.0,30.8,194.728,209.3795,209.3795,209.3795,1.182,0.482,9.49615574,55.4139858964107,31.9467194446126,59.4424060537118,0.084,40.1,94.0,23.9,35.3,0.15,3.48,0.57,73.8,93.3,0.53,85.1,3.994,0.1105263157894737,1.1739647447454815,663.4385,0.03863301612622057,Healthcare Resources,1,73.0,36.5,56.23333333333333,59.46,-0.0913793103448274
Mozambique,2019,77.2,0.63825524,54.4396366039944,36.1641671601934,62.5,0.72,7.95272589,40.41284943,20.3,1.84061074,23.14440155,6.16966534,9.35331264,15.45444489,61.40115356,52.0314208327693,4.783,159.00986380737052,0.71,3.939,85.0,159.00986380737052,159.00986380737052,61.166,0.801593512169048,20.3,30.6,45.6,159.00986380737052,159.00986380737052,159.00986380737052,0.933,0.474,9.52183342,57.5753680766886,33.350311214661,60.7986115185935,0.085,20.3,88.8,31.5,30.9,0.0,3.58,0.97,70.0,91.3,47.0,43.0,3.939,0.11971830985915495,1.1973043647805144,507.92959142211157,0.05001404126497573,Healthcare Resources,1,58.0,55.6,62.63333333333333,63.78,0.4648956356736242
Mozambique,2020,61.8,0.80074435,235.9845,235.9845,57.0,0.74,7.56957626,34.37060928,4.8,2.39674187,31.66282845,7.2900424,10.88270788,16.3225708,52.01459885,37.6486773475326,4.713,235.9845,0.7,0.362116664648056,71.0,235.9845,235.9845,61.172,0.641200717433824,4.8,182.744,182.744,219.484,235.9845,235.9845,0.486,0.486,10.08967018,59.7601108598003,34.7705804730804,62.1436000447029,0.083,4.8,95.0,37.5,28.3,6.05,26.08,8.03,64.8,90.6,97.7,97.7,3.873,0.11857142857142859,1.3329240413782424,719.753,0.0320765824026578,Healthcare Resources,1,58.0,73.0,63.9,61.54,-0.1994818652849741
Mozambique,2021,96.1,0.55011779,66.072,66.072,25.2,0.73,9.05218315,44.52215576,3.3,2.57044268,28.39583206,8.15276432,12.64243672,14.08927536,57.51488876,60.2154969303641,4.644,189.89374196854675,0.73,3.821,56.0,189.89374196854675,189.89374196854675,59.325,66.072,37.3,189.89374196854675,189.89374196854675,189.89374196854675,189.89374196854675,66.072,189.89374196854675,0.568,8.87722778,61.4809315914592,36.0718806213065,63.4767535346519,0.081,37.3,97.0,26.7,26.3,0.0,1.97,0.35,61.4,88.6,49.0,44.0,3.821,0.11095890410958904,0.9806725773108116,595.9812259056403,0.04766972863960608,Healthcare Resources,1,52.7,58.0,78.36666666666667,69.16,0.5550161812297734
Nepal,2002,85.0,0.58,211.35,211.35,89.0,0.4199999869,3.94,10.0,44.0,0.79,20.13,6.1,2.0,58.23,21.64,41.961486789073,3.59,211.35,0.21,5.752,72.0,1.73308317127307,211.35,63.264,1.87213321612561,44.0,18.0,211.35,200.404,211.35,211.35,0.305,0.767,51.96,80.936422443979,19.0765230183174,4.11569206616851,0.047,38.8,86.4,51.4,22.2,2.47,9.57,0.74,28.46427345,28.46427345,86.4,86.4,5.752,0.22380952380952382,13.18781725888325,435.687083171273,0.018642062928791104,Healthcare Resources,1,37.62352941176471,35.260000000000005,85.0,85.0,0.0
Nepal,2003,13.9,0.54,234.75,234.75,34.3,0.185,3.86,11.0,234.75,0.66,17.12,5.52,2.0,60.2,22.68,46.1507128309572,3.457,234.75,0.2,5.674,78.0,1.27448688026634,234.75,64.197,1.76593960868916,234.75,18.1,234.75,190.12,234.75,234.75,234.75,0.272,53.81,81.5412679602195,21.7098754525465,5.37237233572651,0.268,17.4,39.7,47.8,20.2,2.81,9.97,0.8,84.6,96.5,84.5,84.5,5.674,1.34,13.940414507772022,446.34448688026634,0.016443024494142703,Healthcare Resources,1,37.62352941176471,35.260000000000005,49.45,49.45,-0.8364705882352941
Nepal,2004,15.8,0.96,226.5167493798257,226.5167493798257,93.0,0.684,4.05,13.0,226.5167493798257,0.65,15.99,5.48,2.0,58.54,25.48,42.2278561242275,3.311,226.5167493798257,0.2,5.573,80.0,0.648178849162757,226.5167493798257,64.818,1.45268788757257,40.0,18.1,226.5167493798257,181.871,226.5167493798257,226.5167493798257,0.413,0.455,51.6,82.1397139231249,24.4122734406566,6.63656847440678,0.207,38.7,48.7,50.5,17.9,0.49,0.82,0.18,82.5,96.2,79.9,79.9,5.573,1.035,12.740740740740742,426.93592822898853,0.017879472538293036,Healthcare Resources,1,37.62352941176471,35.260000000000005,38.23333333333333,38.23333333333333,0.1366906474820144
Nepal,2005,26.1,0.95,227.835,227.835,3.7,0.194,3.95,14.0,227.835,0.75,19.06,6.25,3.0,57.2,23.73,33.1694162436548,3.142,227.835,0.26,5.436,75.0,0.661551021434777,227.835,65.457,1.41438300506674,227.835,18.4,227.835,174.605,227.835,227.835,0.448,1.346,49.22,82.731665320308,27.1832353733961,46.3638876484209,0.12,31.1,27.6,46.2,17.0,3.65,20.3,2.2,80.8,96.2,26.0,25.0,5.436,0.4615384615384615,12.460759493670885,420.1015510214348,0.017337107994820813,Healthcare Resources,1,85.0,35.260000000000005,18.6,35.2,0.6518987341772151
Nepal,2006,18.7,1.12,221.3,221.3,0.1,0.614,3.54,14.0,221.3,0.85,23.9,7.58,3.0,49.73,26.37,39.4178376828219,2.974,221.3,0.26,5.28,89.0,0.645199573641111,221.3,65.868,1.21050577588551,221.3,18.8,221.3,172.609,221.3,221.3,0.295,0.281,42.5,83.3170381280125,30.0222708409922,46.4690836767712,0.313,26.6,43.7,49.1,16.0,0.77,22.0,2.7,94.3,96.9,74.1,74.1,5.28,1.2038461538461538,12.005649717514125,410.5541995736411,0.01599638499774062,Healthcare Resources,1,13.9,35.260000000000005,20.200000000000003,31.9,-0.2835249042145594
Nepal,2007,18.0,0.67,237.0119942425,237.0119942425,10.0,0.218,3.67,17.0,237.0119942425,0.68,18.47,5.18,3.0,67.26,14.27,59.3520220588235,2.843,237.0119942425,0.26,5.1,82.0,0.724539419275404,237.0119942425,66.329,1.20105935571236,237.0119942425,19.0,237.0119942425,168.506,228.329,237.0119942425,237.0119942425,0.161,60.96,83.895823115831,32.9290255317548,46.576295891536,0.326,33.7,51.7,43.2,14.9,0.37,4.84,0.07,85.5,95.2,51.7,51.7,5.1,1.2538461538461538,16.610354223433244,412.4595394192754,0.015484448420973249,Healthcare Resources,1,15.8,85.0,20.933333333333334,18.5,-0.0374331550802138
Nepal,2008,24.0,0.87,234.3186860425,234.3186860425,33.2,0.296,3.82,19.0,234.3186860425,0.71,18.63,5.31,4.0,66.55,14.82,56.1253561253561,2.719,234.3186860425,0.26,4.901,82.0,0.49802806249791,234.3186860425,66.421,1.04602669324002,234.3186860425,19.4,234.3186860425,171.903,228.833,234.3186860425,229.0,0.161,61.63,84.4678253980994,35.9028115449213,46.6851891633505,0.339,15.4,36.0,30.8,13.0,1.87,14.55,3.6,85.6,95.1,95.8,95.8,4.901,1.3038461538461539,16.13350785340314,414.2340280624979,0.016302583735499185,Healthcare Resources,1,26.1,13.9,20.23333333333333,20.52,0.3333333333333332
Nepal,2009,24.4,0.76,231.2848183675,231.2848183675,59.6,0.363,3.9,21.0,231.2848183675,0.8,20.41,4.69,4.0,63.83,15.76,61.8037518037518,2.604,231.2848183675,0.26,4.716,89.0,0.424894079065972,231.2848183675,66.761,1.03150517574244,54.0,20.0,231.2848183675,168.538,225.538,231.2848183675,0.661,0.171,57.62,85.0329499671884,38.9430970513843,46.7957613236971,0.353,24.5,94.2,38.2,11.5,3.18,16.77,1.42,81.5,94.1,86.3,86.3,4.716,1.3576923076923075,14.774358974358973,406.000894079066,0.016862325973350724,Healthcare Resources,1,18.7,15.8,22.13333333333333,22.24,0.0166666666666666
Nepal,2010,26.5,0.25,36.8196108292267,54.2148861914656,49.1,0.578,4.36,30.0,202.106732545,0.79,18.13,4.81,5.0,68.02,13.85,52.5726797226615,2.512,202.106732545,0.26,0.34381103515625,82.0,0.493654248316961,202.106732545,66.814,1.06337038485529,202.106732545,20.2,202.106732545,171.739,202.106732545,202.106732545,202.106732545,0.182,56.2,85.5911073264404,42.0493403726571,48.2360302610124,0.362,29.6,52.8,22.7,10.4,3.11,14.22,4.52,82.0,97.0,0.67,37.0,4.532,1.3923076923076922,12.889908256880734,384.73938679331695,0.021572759823966906,Healthcare Resources,1,18.0,26.1,24.966666666666665,22.32,0.0860655737704918
Nepal,2011,36.0,0.3,212.6013216166874,212.6013216166874,24.2,0.393,4.45,34.0,3.6,0.8,17.89,4.87,6.0,71.38,10.73,49.7717508055854,2.439,212.6013216166874,0.26,4.357,92.0,0.294876958011415,212.6013216166874,67.313,0.799981841462764,212.6013216166874,20.8,212.6013216166874,165.196,212.6013216166874,212.6013216166874,208.0,0.192,58.38,86.1422718062614,45.2211012451996,49.6677256727821,0.382,38.3,58.3,40.1,9.5,0.84,1.88,0.2,83.7,97.0,12.04,98.0,4.357,1.4692307692307691,13.119101123595506,387.5921985746988,0.02093119631694102,Healthcare Resources,1,24.0,18.7,28.966666666666665,25.78,0.3584905660377357
Nepal,2012,39.9,0.29,208.5891432775,208.5891432775,2.5,0.476,4.49,34.0,33.0,0.79,17.52,4.69,6.0,69.01,13.47,48.5894301297724,2.387,208.5891432775,0.26,4.233,90.0,0.277678771772869,208.5891432775,67.47,0.780397880830128,33.0,21.1,208.5891432775,165.636,208.5891432775,208.5891432775,208.5891432775,1.578,56.08,86.686530708514,48.4581805623339,51.0917215343096,0.51,19.7,51.2,33.7,8.8,2.95,15.74,3.59,80.4,96.5,0.95,51.2,4.233,1.9615384615384615,12.489977728285076,383.30282204927283,0.021525569017878627,Healthcare Resources,1,24.4,18.0,34.13333333333333,30.160000000000004,0.1083333333333333
Nepal,2013,36.5,0.4,237.37725,237.37725,32.7,0.77,4.63,35.0,237.37725,0.76,16.34,4.88,6.0,71.75,11.91,53.5827284571003,2.334,237.37725,0.27,4.159,92.0,0.248239436619718,237.37725,67.965,0.708950383548311,237.37725,21.3,224.606,158.705,213.731,237.37725,192.0,1.841,63.53,87.2235597131944,51.7595632493705,52.506734045886,0.554,4.8,58.7,42.0,8.1,0.72,10.31,2.12,85.2,96.2,2.93,99.4,4.159,2.051851851851852,13.721382289416848,380.7842394366197,0.01950481775317559,Healthcare Resources,1,26.5,24.0,37.46666666666667,32.660000000000004,-0.0852130325814536
Nepal,2014,55.6,0.27,205.928560445,205.928560445,5.0,0.71,5.08,42.0,47.0,0.87,17.21,5.27,7.0,69.07,13.72,39.6745771432246,2.293,205.928560445,0.27,4.112,92.0,0.104320877980558,205.928560445,68.085,0.688079349855183,47.0,21.5,205.928560445,159.766,205.928560445,205.928560445,205.928560445,2.094,60.05,87.7533252357355,55.1248076174692,53.9132055865977,0.484,11.3,68.3,37.1,7.6,0.77,10.2,2.27,77.3,92.3,2.96,79.1,4.112,1.7925925925925925,11.820866141732283,373.39888132298057,0.02466874914787151,Healthcare Resources,1,36.0,24.4,44.0,38.9,0.5232876712328767
Nepal,2015,50.5,0.27,27.5266598559534,59.8492417290464,76.9,0.0,5.47,47.0,207.26762379,0.91,16.63,5.15,8.0,68.99,14.37,35.8208171410566,2.25,207.26762379,0.25,4.081,91.0,0.0737051281059977,207.26762379,67.456,0.68099173813411,38.0,21.5,207.26762379,171.946,207.26762379,207.26762379,207.26762379,1.588,59.44,88.275580629965,58.5529933392084,55.310189250439,0.097,23.5,95.4,30.4,6.6,0.93,9.84,2.14,79.7,95.2,5.88,47.0,4.081,0.388,10.86654478976234,385.88732891810594,0.02639100067814793,Healthcare Resources,1,39.9,26.5,47.53333333333333,43.7,-0.0917266187050359
Nepal,2016,58.0,0.37,229.75,229.75,2.0,0.581,5.42,47.0,229.75,1.01,18.58,5.31,9.0,69.71,11.71,26.5789155899046,2.203,229.75,0.17,4.06,87.0,0.0626599559130977,229.75,68.776,0.60973543773266,229.75,21.3,197.06,152.419,205.055,229.75,145.0,1.678,55.44,88.7902053889185,62.0434751947027,56.6977597569626,0.492,21.4,83.6,35.8,5.7,0.98,10.66,2.1,74.1,94.4,1.05,87.0,4.06,2.8941176470588235,10.228782287822877,363.23665995591307,0.023590859630032643,Healthcare Resources,1,36.5,36.0,54.7,48.1,0.1485148514851484
Nepal,2017,58.0,0.47,235.0,235.0,1.1,0.72,4.72,49.0,235.0,1.07,22.56,4.51,11.0,62.02,15.42,18.3258928571429,2.15,235.0,0.21,0.49,90.0,0.0761160066586234,235.0,68.91,0.607955088970325,235.0,21.4,196.146,152.218,204.57,235.0,235.0,2.792,57.38,89.2969930943264,65.5953745180221,58.0752406137584,0.892,7.9,83.6,21.9,5.1,1.57,9.57,2.54,76.3,94.5,142.4,45.0,4.027,4.247619047619048,12.15677966101695,361.9641160066586,0.020085106382978724,Healthcare Resources,1,55.6,39.9,55.5,51.720000000000006,0.0
Nepal,2018,52.7,0.36,209.3795,209.3795,43.5,0.72,4.53,50.0,59.0,1.07,23.57,3.81,12.0,62.9,13.54,12.8516141212007,2.104,209.3795,0.25,0.498192399740219,91.0,0.0595499665288119,209.3795,68.979,0.479378218015809,59.0,21.5,194.728,152.864,205.642,209.3795,1.182,3.064,57.73,89.7957758492581,69.207890923476,59.4424060537118,0.738,40.1,95.1,23.9,5.0,0.15,3.48,0.57,73.8,93.3,2.91,85.1,3.994,2.952,12.743929359823397,363.5655499665288,0.021635355896828485,Healthcare Resources,1,50.5,36.5,56.23333333333333,54.96,-0.0913793103448274
Nepal,2019,77.2,0.32,24.8208329609614,66.4573216682287,62.5,0.72,4.45,53.0,20.3,1.1,24.81,4.03,13.0,63.28,11.91,9.1291791081306,2.08,159.00986380737052,0.29,3.939,93.0,0.0156448284765496,159.00986380737052,69.558,0.435640580833113,20.3,21.5,17.8,143.707,159.00986380737052,159.00986380737052,0.933,3.279,57.91,90.2863663521825,72.8801279481259,60.7986115185935,0.803,20.3,88.8,31.5,5.2,0.0,8.2,0.9,70.0,91.3,47.0,50.0,3.939,2.7689655172413796,13.013483146067415,307.93250863584706,0.0279856852490036,Healthcare Resources,1,58.0,55.6,62.63333333333333,59.28,0.4648956356736242
Nepal,2020,61.8,0.54,235.9845,235.9845,57.0,0.74,5.21,58.0,4.8,1.57,30.05,5.67,18.0,59.4,10.55,12.1501450903304,2.055,235.9845,0.28,0.504601776599884,84.0,0.0085647919471244,229.0,69.246,0.417377353656104,4.8,182.744,182.744,144.182,201.323,235.9845,0.486,3.318,54.17,90.7685835327375,76.6112121421111,62.1436000447029,0.846,4.8,95.0,25.4,5.6,6.05,26.08,8.03,64.8,90.6,97.7,97.7,3.873,3.021428571428571,10.397312859884837,351.11356479194717,0.022077721206265666,Healthcare Resources,1,58.0,50.5,63.9,61.54,-0.1994818652849741
Nepal,2021,96.1,0.72,66.072,66.072,25.2,0.73,5.42,65.0,8.7,1.8,33.2,6.49,22.0,54.06,12.74,52.0359078590786,2.029,189.89374196854675,0.39,3.821,91.0,0.0036686330157481,189.89374196854675,68.45,66.072,37.3,189.89374196854675,189.89374196854675,156.14,189.89374196854675,66.072,189.89374196854675,3.489,51.26,91.2422508128062,80.4002236592491,63.4767535346519,0.867,37.3,97.0,26.7,5.7,0.0,1.97,0.35,61.4,88.6,49.0,54.0,3.821,2.223076923076923,9.457564575645756,351.7374106015625,0.028542278138358804,Healthcare Resources,1,52.7,58.0,78.36666666666667,69.16,0.5550161812297734
Nigeria,2002,85.0,0.1079875,211.35,211.35,89.0,0.4199999869,2.49063969,18.06385422,44.0,0.53133184,21.33314896,2.74149632,3.85358864,71.36207581,7.30478525,53.7700300571038,6.135,211.35,0.88,5.752,25.0,211.35,211.35,47.928,6.53527231843787,44.0,21.6,211.35,211.35,211.35,211.35,0.305,0.767,65.04915619,47.2883073743618,28.6863473284877,69.0480514749255,0.558,18.2,86.4,37.5,8.8,4.13,12.72,2.95,28.46427345,28.46427345,86.4,86.4,5.752,0.6340909090909091,26.117449445286887,642.85,0.011784431937544358,Healthcare Resources,1,72.37058823529412,76.26666666666667,85.0,85.0,0.0
Nigeria,2003,35.2,0.10862634,234.75,234.75,34.3,0.627,5.05360985,39.0772438,234.75,0.92982918,18.39930725,4.00685167,7.18994278,75.88537598,5.7153182,70.8794315129318,6.116,234.75,0.89,5.674,29.0,234.75,219.0,48.441,6.3822957419042,234.75,21.4,234.75,234.75,234.75,234.75,234.75,1.58,72.81436157,48.8567642406248,29.3592591376198,70.5465458824676,0.262,17.4,58.0,42.5,8.5,5.51,22.53,10.34,16.4,23.4,84.5,84.5,5.674,0.29438202247191014,14.40838603122479,712.75,0.021527624494142705,Healthcare Resources,1,72.37058823529412,76.26666666666667,60.1,60.1,-0.5858823529411764
Nigeria,2004,62.6,0.11009463,226.5167493798257,226.5167493798257,93.0,0.192,4.63368416,44.16435242,226.5167493798257,1.202034,25.94121552,6.55428886,11.45676995,67.83808899,6.2206955,70.8205861382792,6.085,226.5167493798257,0.5,5.573,33.0,226.5167493798257,219.0,48.767,6.40372014105318,40.0,21.2,226.5167493798257,226.5167493798257,226.5167493798257,226.5167493798257,0.413,0.81,64.54787445,50.4334927622484,30.0532638422315,72.0433055381976,0.532,16.7,67.8,33.7,7.8,3.53,15.91,4.05,12.6,19.3,79.9,79.9,5.573,1.064,13.930141162232344,687.3502481394771,0.020456253997492204,Healthcare Resources,1,72.37058823529412,76.26666666666667,60.93333333333334,60.93333333333334,0.7784090909090908
Nigeria,2005,99.1,0.11335745,227.835,227.835,0.1,0.627,4.46591949,53.92662048,227.835,1.14133215,25.55648804,6.40770292,13.78175025,68.99703979,5.44647121,65.4207269005166,6.068,227.835,0.86,5.436,36.0,227.835,219.0,49.297,6.32438043146937,38.0,20.7,227.835,227.835,227.835,227.835,0.448,1.519,65.97051239,52.0176713923367,30.7689136768009,84.3164687645028,0.279,16.0,99.2,33.3,7.0,1.12,2.14,0.34,43.0,38.8,26.0,24.0,5.436,0.32441860465116285,14.771988733276514,690.505,0.01960155151754559,Healthcare Resources,1,85.0,76.26666666666667,65.63333333333334,70.475,0.5830670926517572
Nigeria,2006,83.8,0.14318086,221.3,221.3,3.0,0.614,4.25775146,65.7237854,221.3,0.90186709,21.18177032,7.32234478,13.92146081,73.40917969,5.40904903,63.4791606036069,6.081,221.3,0.86,5.28,40.0,221.3,219.0,49.73,6.31291969623776,44.0,20.3,221.3,221.3,221.3,221.3,0.295,1.485,70.45880127,53.6095346466067,31.5068482626807,84.3788541008405,0.344,26.6,90.8,31.7,6.6,0.77,22.0,2.7,42.5,39.1,74.1,74.1,5.28,0.39999999999999997,16.54835937041755,670.5,0.019239726434704018,Healthcare Resources,1,35.2,76.26666666666667,81.83333333333333,73.14,-0.1543895055499495
Nigeria,2007,99.4,0.12165571,237.0119942425,237.0119942425,0.8,0.131,3.90997243,69.15039063,237.0119942425,0.7786122,19.91349602,4.29357767,13.77025835,74.18617249,5.90033722,63.5421209664737,6.08,237.0119942425,0.87,5.1,42.0,237.0119942425,219.0,50.033,6.37014092008537,41.0,20.0,237.0119942425,237.0119942425,237.0119942425,237.0119942425,237.0119942425,1.48,70.93754578,55.2089706747755,32.267693402297,84.4421659464239,0.373,8.9,93.3,31.7,6.5,1.27,2.54,0.33,39.2,36.9,51.7,51.7,5.1,0.42873563218390803,18.1427227557203,717.5359827275,0.01649693907895434,Healthcare Resources,1,62.6,85.0,94.1,76.02000000000001,0.1861575178997614
Nigeria,2008,34.4,0.11850548,234.3186860425,234.3186860425,33.2,0.128,3.69581532,80.09986115,234.3186860425,0.66059941,17.87425423,4.59404516,14.31725216,76.06096649,6.06478882,62.475406395883,6.078,234.3186860425,0.86,4.901,53.0,234.3186860425,219.0,50.225,6.46806595708413,234.3186860425,19.6,234.3186860425,234.3186860425,234.3186860425,234.3186860425,0.67,1.476,72.75693512,56.8158520956791,33.0520742471129,84.5062972038271,0.371,15.4,57.7,30.8,6.7,1.87,14.55,3.6,34.8,33.0,95.8,95.8,4.901,0.4313953488372093,19.686301619638286,709.6560581274999,0.015772601760534216,Healthcare Resources,1,99.1,35.2,72.53333333333333,75.86,-0.6539235412474849
Nigeria,2009,97.9,0.12064154,231.2848183675,231.2848183675,95.0,0.62,3.5801971,68.00685883,231.2848183675,0.57001245,15.92125893,3.69395757,10.8275485,77.86317444,6.21556139,62.2032354384471,6.039,231.2848183675,0.85,4.716,63.0,231.2848183675,219.0,50.712,6.49210829853913,54.0,19.2,231.2848183675,231.2848183675,231.2848183675,231.2848183675,0.661,1.061,74.47493744,58.4287046846298,33.8602865376741,84.5714571672781,0.373,26.3,94.51,29.3,7.9,3.45,24.77,8.92,32.3,31.8,86.3,86.3,4.716,0.4388235294117647,20.80190988367652,701.7544551025001,0.015479602704883317,Healthcare Resources,1,83.8,62.6,77.23333333333333,82.92,1.84593023255814
Nigeria,2010,74.1,0.22609136,68.9355246696758,24.0613185693917,49.1,0.578,3.29653287,75.58924866,202.106732545,0.44847032,13.60430336,2.70293093,10.28339128,80.13829041,6.25740099,59.2253217884496,5.98,202.106732545,0.84,0.474434584379196,54.0,202.106732545,202.106732545,50.945,6.62100932290439,129.0,18.8,202.106732545,202.106732545,202.106732545,202.106732545,202.106732545,1.336,76.87748718,60.048448967519,34.6931332709606,84.8843752881511,0.715,53.2,54.1,22.7,9.2,3.41,18.87,5.36,33.5,32.4,39.0,34.0,4.532,0.8511904761904762,23.320710034358008,615.5201976349999,0.01631085134319319,Healthcare Resources,1,99.4,99.1,68.8,77.91999999999999,-0.2431052093973443
Nigeria,2011,47.3,0.33519816,212.6013216166874,212.6013216166874,44.6,0.504,3.32077932,83.10647583,4.8,0.47937736,14.43568802,2.77141333,11.99699252,77.70685577,7.85745382,51.4017443020133,5.918,212.6013216166874,0.83,4.357,48.0,212.6013216166874,212.6013216166874,51.357,5.98951891112521,88.0,18.7,212.6013216166874,212.6013216166874,212.6013216166874,212.6013216166874,0.64,0.932,74.72514343,61.6709575534606,35.5499398732214,29.6769780620893,1.726,12.5,66.2,35.8,10.4,0.55,3.87,0.91,31.1,30.8,12.04,98.0,4.357,2.0795180722891566,22.502291248308545,648.2039648500622,0.015619749184754585,Healthcare Resources,1,34.4,83.8,73.10000000000001,70.62,-0.3616734143049932
Nigeria,2012,98.2,0.17587431,208.5891432775,208.5891432775,0.8,0.71,3.35984254,91.06047821,33.0,0.54436672,16.20215034,3.66798377,14.75375525,75.37893677,8.41891193,74.9590931690145,5.832,208.5891432775,0.83,4.233,42.0,208.5891432775,208.5891432775,51.497,6.08809213956086,33.0,18.5,208.5891432775,208.5891432775,208.5891432775,208.5891432775,208.5891432775,1.461,72.84432983,63.296219919828,36.4309333257504,29.8117274895065,0.826,25.2,98.1,26.7,10.9,4.03,16.88,4.42,29.1,29.7,85.45,51.2,4.233,0.9951807228915662,21.68087610141397,636.6674298324999,0.01610746603206562,Healthcare Resources,1,97.9,99.4,73.2,70.38,1.0761099365750528
Nigeria,2013,35.2,0.24704845,237.37725,237.37725,32.7,0.77,3.4206934,100.81700897,237.37725,0.48927844,14.30348778,3.45903826,14.42034853,73.25357056,12.44294357,50.0420235429286,5.738,237.37725,0.82,4.159,43.0,237.37725,219.0,51.707,6.21524436352308,237.37725,18.3,224.606,237.37725,237.37725,237.37725,0.29,1.008,70.92673492,64.9235673868733,37.3360752432271,29.9452524440773,0.376,4.8,60.6,25.9,10.8,2.37,13.4,2.0,26.3,27.6,31.93,99.4,4.159,0.4585365853658537,20.73460746876642,722.93175,0.014410367463604874,Healthcare Resources,1,74.1,34.4,60.23333333333333,70.53999999999999,-0.6415478615071283
Nigeria,2014,93.8,0.1349608,205.928560445,205.928560445,27.3,0.71,3.34840417,106.11964417,47.0,0.44593188,13.3177433,3.33638,14.13274184,74.40258026,12.27967644,55.6553087616016,5.664,205.928560445,1.1,4.112,43.0,205.928560445,205.928560445,51.791,6.3632679504441,47.0,18.0,205.928560445,205.928560445,205.928560445,205.928560445,205.928560445,0.942,71.85419464,66.5530061054195,38.2655122285715,30.0775522444434,0.912,11.3,95.8,33.6,10.7,0.28,9.82,2.07,24.1,26.8,1.37,79.1,4.112,0.8290909090909091,21.459235800676957,628.485681335,0.016260028054215926,Healthcare Resources,1,47.3,97.9,75.73333333333333,69.72,1.664772727272727
Nigeria,2015,99.6,0.03564165,66.4700062869741,25.6790307111329,41.2,0.0,3.58194995,96.28328705,207.26762379,0.58907843,16.44574738,5.33124638,15.83450613,73.63851929,9.91574001,27.7798039451584,5.616,207.26762379,1.1,4.081,42.0,207.26762379,207.26762379,51.841,5.89043905883811,38.0,17.8,207.26762379,207.26762379,207.26762379,207.26762379,207.26762379,1.43,71.89007568,68.1845425049661,39.2193825451344,30.2086259214107,0.801,23.5,62.6,33.0,10.5,0.9,18.53,4.52,25.1,27.9,22.71,39.0,4.081,0.7281818181818182,20.07009497159501,632.3028713699999,0.017281762990775492,Healthcare Resources,1,98.2,74.1,76.2,74.82,0.0618336886993602
Nigeria,2016,98.4,0.18983622,229.75,229.75,0.5,0.581,3.64773679,78.23602295,229.75,0.47496933,13.0209322,4.8661375,10.18705905,76.66194916,10.3171196,26.0577281679505,5.584,229.75,1.1,4.06,53.0,229.75,219.0,52.043,5.9705184685924,32.0,17.6,197.06,229.75,229.75,229.75,229.75,1.73,75.18703461,69.8172268810042,40.1973273390898,30.3380145058316,0.443,9.2,97.2,43.6,10.7,0.15,9.39,1.9,24.9,27.6,3.66,87.0,4.06,0.4027272727272727,20.611968170543356,699.95,0.015876982763873778,Healthcare Resources,1,35.2,47.3,97.26666666666664,85.04,-0.0120481927710842
Nigeria,2017,43.0,0.13156208,235.0,235.0,0.3,0.72,3.74762511,72.77430725,235.0,0.53266305,14.2133503,4.44235229,10.34366801,78.19173431,7.59491062,3.86677437012692,5.523,235.0,1.0,0.342,55.0,235.0,219.0,52.305,5.96964498975754,44.0,17.3,196.146,235.0,235.0,235.0,235.0,1.391,77.38787079,71.451735522149,41.1997191095263,30.4660261567791,0.732,7.9,65.8,15.1,11.3,1.57,9.57,2.54,22.0,25.2,142.4,39.0,4.027,0.732,20.649843172280377,716.3,0.01594734089361702,Healthcare Resources,1,93.8,98.2,80.33333333333333,74.0,-0.5630081300813008
Nigeria,2018,43.3,0.26808563,209.3795,209.3795,43.5,0.72,3.09069347,65.70272064,59.0,0.49754828,16.09827423,3.8811214,10.57700393,76.73253632,7.16919279,1.77135362870106,5.447,209.3795,3.71,0.354753166437149,61.0,209.3795,209.3795,52.554,6.01598589861461,59.0,17.1,194.728,209.3795,209.3795,209.3795,1.182,0.914,75.94579315,73.0874579051768,42.2262606432937,30.5923531843541,0.376,40.1,67.0,36.8,11.8,0.15,15.79,4.09,21.0,24.7,50.05,85.1,3.994,0.10134770889487871,24.572411948053844,639.9385,0.014761203795022913,Healthcare Resources,1,99.6,35.2,61.56666666666666,75.61999999999999,0.0069767441860464
Nigeria,2019,99.6,0.13456421,65.2078910458964,27.1317098254344,57.0,0.72,2.98547053,69.68148041,20.3,0.46980387,15.73634243,3.75164723,10.96531682,72.51712799,11.74653053,16.0051029507385,5.379,159.00986380737052,0.7,3.939,66.0,159.00986380737052,159.00986380737052,52.91,5.95570171261861,20.3,16.9,71.7,159.00986380737052,159.00986380737052,159.00986380737052,0.933,1.483,71.49702454,74.7241263304551,43.27675278374,30.7168434063761,0.367,5.7,0.0,14.2,13.6,0.0,8.2,0.9,20.1,24.3,47.0,43.0,3.939,0.5242857142857144,23.94832701296167,490.6295914221115,0.018775379454551898,Healthcare Resources,1,98.4,93.8,61.96666666666666,76.78,1.300230946882217
Nigeria,2020,98.8,0.17311247,235.9845,235.9845,57.0,0.74,3.38063431,69.76184845,4.8,0.50597858,14.96697235,4.18824244,10.44123687,75.44963837,9.58338356,19.9063472107851,5.309,235.9845,0.73,0.360609829425812,62.0,235.9845,219.0,52.887,5.25050236466573,4.8,182.744,182.744,235.9845,235.9845,235.9845,0.486,5.447,74.67578125,76.361790269796,44.3511464071045,30.8394963300283,3.895,4.8,95.0,31.5,15.1,0.11,8.46,1.73,21.0,27.8,97.7,97.7,3.873,5.335616438356165,22.089281005374403,723.0535,0.014325662532920594,Healthcare Resources,1,43.0,99.6,80.56666666666666,76.62,-0.0080321285140562
Nigeria,2021,96.1,0.17309357,66.072,66.072,25.2,0.73,4.07625723,83.84061432,3.6,0.54102808,13.27266693,4.0558753,11.12788484,78.86326599,7.86406326,8.2926994067763,5.237,189.89374196854675,3.34,3.821,62.0,189.89374196854675,189.89374196854675,52.676,66.072,37.3,189.89374196854675,189.89374196854675,189.89374196854675,189.89374196854675,66.072,189.89374196854675,1.564,76.24337006,78.0001935748374,45.4491548934765,30.9601568246174,0.395,37.3,97.0,26.7,17.0,0.0,1.97,0.35,19.5,25.9,49.0,38.0,3.821,0.11826347305389223,18.704258774169656,586.6812259056403,0.021465990336191152,Healthcare Resources,1,43.3,98.4,98.16666666666669,76.16,-0.027327935222672
Norway,2002,99.1,0.63534105,211.35,211.35,89.0,0.4199999869,8.98,211.35,44.0,7.45,82.88,15.81,211.35,17.12,0.0,0.0,1.75,211.35,4.99,5.752,93.0,88.0,6.2,78.9878048780488,0.0089350808583749,5.0,13.9,211.35,58.943,99.014,3.0,0.305,14.22,16.83,99.9999970520901,98.06979811135,46.7269188678981,3.218,211.35,0.2,3.1,2.5,0.0,6.32,0.99,28.46427345,28.46427345,86.4,86.4,5.752,0.6448897795591182,1.874164810690423,248.457,0.042488762715874144,Healthcare Resources,3,99.14117647058822,99.1333333333333,99.1,99.1,0.0
Norway,2003,99.0,0.64340693,234.75,234.75,100.0,0.4,9.19,234.75,234.75,7.65,83.17,15.86,234.75,16.83,0.0,0.0,1.8,234.75,4.99,5.674,92.0,96.0,8.4,79.390243902439,0.0092830729981928,12.0,13.1,234.75,56.879,94.188,3.0,234.75,14.67,16.6,99.9999971549165,98.0687452129224,47.6184186237104,3.23,234.75,2.81,0.144,2.5,0.0,5.79,0.95,0.1,0.0,84.5,84.5,5.674,0.6472945891783567,1.806311207834603,249.567,0.039148029818956334,Healthcare Resources,3,99.14117647058822,99.1333333333333,99.05,99.05,-0.0010090817356205
Norway,2004,99.1,0.64132005,226.5167493798257,226.5167493798257,93.0,1.7,8.8,226.5167493798257,226.5167493798257,7.3,83.02,16.12,226.5167493798257,16.98,0.0,0.0,1.83,226.5167493798257,5.24,5.573,92.0,89.0,7.1,79.8414634146342,0.0096056928087041,0.0,12.7,226.5167493798257,56.784,92.071,3.0,0.413,15.08,16.76,100.0,98.0678051328673,48.4807001161199,3.4,226.5167493798257,100.0,1.2,2.5,0.0,5.58,0.89,0.4,0.0,79.9,79.9,5.573,0.648854961832061,1.9045454545454545,240.355,0.03884922428073549,Healthcare Resources,3,99.14117647058822,99.1333333333333,99.06666666666666,99.06666666666666,0.0010101010101009
Norway,2005,99.2,0.65351146,227.835,227.835,102.0,0.39,8.3,227.835,227.835,6.89,83.05,16.28,227.835,16.95,0.0,0.0,1.84,227.835,5.16,5.436,91.0,95.0,6.9,80.0414634146342,0.0095803654515732,3.0,12.3,227.835,55.982,88.359,3.0,0.448,15.51,16.71,99.9999965995429,98.0669716567859,49.3504746837897,3.563,227.835,0.74,0.024,2.5,0.0,5.67,0.97,0.3,0.0,26.0,81.0,5.436,0.6905038759689922,2.013253012048193,241.841,0.03642987249544627,Healthcare Resources,3,99.1,99.1333333333333,99.1,99.1,0.0010090817356207
Norway,2006,99.2,0.66472423,221.3,221.3,112.0,1.6,7.88,221.3,221.3,6.57,83.34,16.01,221.3,16.66,0.0,0.0,1.9,221.3,5.03,5.28,94.0,99.0,6.8,80.3439024390244,0.0089531277403523,9.0,12.0,221.3,53.192,85.973,3.0,0.295,15.84,16.45,100.0,98.0661507577549,50.2280357734339,3.731,221.3,0.77,3.1,2.5,0.0,5.42,0.82,0.0,0.0,74.1,74.1,5.28,0.7417495029821073,2.0875634517766497,240.665,0.03560777225485766,Healthcare Resources,3,99.0,99.1333333333333,99.16666666666669,99.12,0.0
Norway,2007,99.1,0.71600777,237.0119942425,237.0119942425,106.0,1.6,8.02,237.0119942425,237.0119942425,6.71,83.7,16.14,237.0119942425,16.3,0.0,0.0,1.9,237.0119942425,4.86,5.1,93.0,97.0,6.9,80.3951219512195,0.0086090438512992,7.0,12.0,237.0119942425,52.837,81.324,3.0,237.0119942425,15.98,16.07,100.0,98.0652985498145,51.1127958841887,3.844,237.0119942425,0.37,0.177,2.5,0.07,0.67,7.86212587,0.0,0.0,51.7,51.7,5.1,0.7909465020576131,2.0037406483790523,233.661,0.03383794995536933,Healthcare Resources,3,99.1,99.1,99.16666666666669,99.12,-0.0010080645161291
Norway,2008,99.2,0.75824261,234.3186860425,234.3186860425,101.0,0.6,7.92,234.3186860425,234.3186860425,6.66,84.13,16.51,234.3186860425,15.81,0.05,0.0,1.96,234.3186860425,4.63,4.901,94.0,97.0,7.2,80.5926829268293,0.0078347981421361,5.0,11.7,234.3186860425,49.79,82.741,3.0,0.67,16.1,15.66,99.9999985460061,98.0644205669027,52.0050439552417,3.955,234.3186860425,0.31,2.3,2.5,0.0,4.56,0.72,0.0,0.0,95.8,95.8,4.901,0.8542116630669547,1.9772727272727273,232.031,0.033800121252657994,Healthcare Resources,3,99.2,99.0,99.16666666666669,99.16,0.0010090817356207
Norway,2009,99.2,0.70349532,231.2848183675,231.2848183675,95.0,0.75,9.03,231.2848183675,231.2848183675,7.63,84.44,16.48,231.2848183675,15.51,0.05,0.0,1.98,231.2848183675,4.52,4.716,94.0,97.0,7.8,80.7951219512195,0.0074277653947187,2.0,11.3,231.2848183675,50.03,82.932,3.0,0.661,16.45,15.25,100.0,98.0635557187896,52.9050782928433,4.048,231.2848183675,3.19,0.055,2.5,0.0,4.7,0.73,0.0,0.0,86.3,86.3,4.716,0.8955752212389382,1.6888150609080843,232.462,0.03904277013829667,Healthcare Resources,3,99.2,99.1,99.16666666666669,99.18,0.0
Norway,2010,99.1,0.68444699,6.87862976124475,87.6724112288554,83.0,0.74,8.86,202.106732545,202.106732545,7.5,84.68,16.61,202.106732545,15.27,0.05,0.0,1.95,202.106732545,4.3,0.770567059516907,93.0,97.0,6.9,80.9975609756098,0.0069893636558638,5.0,11.3,202.106732545,50.116,79.608,2.0,0.217,16.65,15.05,100.0,98.0626945664686,53.812311723031,4.114,202.106732545,0.41,7.1,2.5,0.02,9.1,1.6,0.0,0.0,39.0,84.0,4.532,0.9567441860465117,1.698645598194131,229.224,0.04383822294503366,Healthcare Resources,3,99.1,99.2,99.16666666666669,99.16,-0.0010080645161291
Norway,2011,99.2,0.6998437,212.6013216166874,212.6013216166874,80.0,0.72,8.73,212.6013216166874,4.7,7.37,84.42,16.79,212.6013216166874,15.58,0.0,0.0,1.88,212.6013216166874,4.19,4.357,94.0,97.0,7.4,81.2951219512195,0.0066375766732484,5.0,10.8,212.6013216166874,49.575,79.947,2.0,0.64,16.94,15.21,99.9999982454226,98.0616332804533,54.7270312962107,4.188,212.6013216166874,0.84,0.0129,2.5,0.0,9.2,1.6,0.0,0.0,64.56,98.0,4.357,0.999522673031026,1.7422680412371134,229.022,0.041062773898178674,Healthcare Resources,3,99.2,99.2,99.16666666666669,99.16,0.0010090817356207
Norway,2012,99.2,0.706173,208.5891432775,208.5891432775,72.0,0.71,8.72,208.5891432775,33.0,7.39,84.76,17.18,208.5891432775,15.24,0.0,0.0,1.85,208.5891432775,3.97,4.233,95.0,98.0,7.9,81.4512195121951,0.0055585680103572,0.0,10.7,208.5891432775,44.447,73.747,2.0,208.5891432775,17.07,14.8,99.9999993871015,98.0603773910058,55.6495360555589,4.231,208.5891432775,0.45,2.2,2.5,0.0,9.3,1.7,0.0,0.0,51.2,51.2,4.233,1.0657430730478588,1.6972477064220184,218.69400000000002,0.04180466856033444,Healthcare Resources,3,99.2,99.1,99.16666666666669,99.18,0.0
Norway,2013,99.1,0.69121373,237.37725,237.37725,66.0,0.77,8.87,237.37725,237.37725,7.55,85.02,17.1,237.37725,14.98,0.0,0.0,1.78,237.37725,3.86,4.159,94.0,98.0,8.2,81.7512195121951,0.0054513342228697,3.0,10.5,224.606,45.912,75.058,2.0,0.29,17.21,14.59,99.9999993849234,98.0591413909472,56.5792334362488,4.305,237.37725,0.51,0.099,2.5,0.0,9.1,1.6,0.0,0.0,65.98,99.4,4.159,1.1152849740932642,1.644870349492672,221.47,0.03736668109517655,Healthcare Resources,3,99.1,99.2,99.16666666666669,99.16,-0.0010080645161291
Norway,2014,99.1,0.64682055,205.928560445,205.928560445,65.0,0.71,9.28,205.928560445,47.0,7.92,85.29,17.23,205.928560445,14.71,0.0,0.0,1.75,205.928560445,3.84,4.112,93.0,98.0,6.8,82.1,0.0044975745623484,3.0,9.9,205.928560445,43.49,69.462,2.0,0.908,17.44,14.38,99.999995923009,98.0579200068589,57.5210496360148,4.429,205.928560445,2.25,2.4,2.5,0.0,9.1,1.6,0.0,0.0,61.92,79.1,4.112,1.1533854166666668,1.5495689655172415,213.452,0.045064171671702284,Healthcare Resources,3,99.2,99.2,99.13333333333333,99.14,0.0
Norway,2015,99.1,0.64115965,7.42234803270632,87.1864695254935,61.0,0.74,10.07,207.26762379,207.26762379,8.61,85.51,17.58,207.26762379,14.49,0.0,0.0,1.72,207.26762379,3.76,4.081,95.0,98.0,6.3,82.3048780487805,0.0041876297857862,0.0,9.5,207.26762379,41.989,65.805,1.0,0.965,17.87,14.14,100.0,98.0567284959559,58.4752230978059,4.451,207.26762379,0.93,0.11,2.5,0.0,9.2,1.6,0.0,0.0,108.0,86.0,4.081,1.1837765957446809,1.404170804369414,208.294,0.04858452958481713,Healthcare Resources,3,99.2,99.1,99.1,99.14,0.0
Norway,2016,99.1,0.63442624,229.75,229.75,62.0,0.73,10.53,229.75,229.75,8.99,85.38,17.55,229.75,14.62,0.0,0.0,1.71,229.75,3.68,4.06,96.0,98.0,6.1,82.4073170731707,0.0038855676496743,0.0,9.5,197.06,41.705,65.857,1.0,1.035,18.03,14.27,99.9999993472911,98.0555443701458,59.4411197028295,4.581,229.75,0.5,1.3,2.5,0.0,9.4,1.6,0.0,0.0,87.0,87.0,4.06,1.2448369565217392,1.3551756885090218,208.062,0.04583242655059847,Healthcare Resources,3,99.1,99.2,99.1,99.12,0.0
Norway,2017,99.2,0.66585016,235.0,235.0,58.0,0.72,10.23,235.0,235.0,8.71,85.12,17.4,235.0,14.88,0.0,0.0,1.62,235.0,3.6,0.771,96.0,98.0,5.2,82.609756097561,0.0037498346533515,0.0,9.2,196.146,39.376,61.92,1.0,0.482,18.22,14.51,100.0,98.0543875249947,60.4192608419464,4.735,235.0,1.57,0.135,2.5,0.0,9.6,1.6,0.0,0.0,67.16,86.0,4.027,1.3152777777777778,1.418377321603128,201.796,0.043531914893617026,Healthcare Resources,3,99.1,99.2,99.13333333333333,99.12,0.0010090817356207
Norway,2018,99.2,0.66294718,209.3795,209.3795,59.0,0.72,9.96,209.3795,59.0,8.54,85.7,17.6,209.3795,14.3,0.0,0.0,1.56,209.3795,3.53,0.76853483915329,96.0,97.0,4.1,82.7585365853659,0.0034724747999532,40.1,8.9,194.728,38.719,62.496,1.0,1.182,18.3,13.97,99.9999955421284,98.0532516234539,61.4095815029197,4.857,209.3795,0.15,3.4,2.5,0.0,9.7,1.7,0.0,0.0,85.1,85.1,3.994,1.3759206798866856,1.4026104417670682,200.715,0.04756912687249707,Healthcare Resources,3,99.1,99.1,99.16666666666669,99.14,0.0
Norway,2019,99.3,0.64316523,7.67957977902199,86.7221299287588,57.0,0.72,10.44,159.00986380737052,20.3,8.95,85.72,17.52,159.00986380737052,14.28,0.0,0.0,1.53,159.00986380737052,3.47,3.939,97.0,98.0,3.3,82.9585365853659,0.0033818949802946,20.3,8.7,3.6,37.433,60.834,1.0,0.933,18.43,13.92,99.9999987035841,98.0521507255644,62.4117359707321,4.968,16.1,0.0,0.116,2.5,0.0,10.5,1.9,0.0,0.0,47.0,86.0,3.939,1.4317002881844378,1.3333333333333335,198.767,0.06565630426957247,Healthcare Resources,3,99.1,99.1,99.23333333333332,99.18,0.001008064516129
Norway,2020,99.2,0.63545704,235.9845,235.9845,57.0,0.74,11.42,235.9845,4.8,9.82,85.97,17.05,235.9845,14.03,0.0,0.0,1.48,235.9845,3.4,0.771051168441772,97.0,91.0,3.1,83.209756097561,0.0023176881011082,4.8,182.744,182.744,37.226,59.917,1.0,0.486,18.56,13.79,100.0,98.0510800306143,63.4259387180091,5.086,12.6,6.05,0.083,2.5,0.0,10.9,1.8,0.0,0.0,97.7,97.7,3.873,1.4958823529411767,1.2075306479859895,190.643,0.04839300886287023,Healthcare Resources,3,99.2,99.1,99.23333333333336,99.2,-0.0010070493454178
Norway,2021,99.2,0.62429416,66.072,66.072,56.0,0.73,10.08,189.89374196854675,3.6,8.66,85.9,17.92,189.89374196854675,14.1,0.0,0.0,1.55,189.89374196854675,189.89374196854675,3.821,97.0,88.0,3.0,83.1634146341463,66.072,37.3,189.89374196854675,189.89374196854675,37.069,57.611,66.072,0.568,18.89,13.85,100.0,98.0500342444507,64.4521093451099,5.168,12.2,0.0,0.081,2.5,0.0,11.1,2.0,0.0,0.0,49.0,87.0,3.821,0.02721522018801445,1.3740079365079365,185.18,0.05308231801377431,Healthcare Resources,3,99.2,99.1,99.23333333333332,99.22,0.0
Philippines,2002,68.4,0.02,211.35,211.35,89.0,0.4199999869,2.64,27.0,44.0,0.98,37.04,4.75,10.0,60.13,2.83,11.5071804505477,3.656,211.35,1.05,5.752,79.0,1.49617293652189,211.35,69.781,0.472926166678415,76.0,24.4,211.35,134.718,180.463,211.35,0.305,4.272,47.77,86.7353290540228,65.0950702025269,46.7269188678981,1.112,18.2,0.2,18.9,18.6,1.41,2.29,0.33,28.46427345,28.46427345,86.4,86.4,5.752,1.059047619047619,18.09469696969697,335.2771729365218,0.012491128459900639,Healthcare Resources,2,81.69999999999999,80.72666666666666,68.4,68.4,0.0
Philippines,2003,59.8,0.02,234.75,234.75,0.2,0.627,3.08,32.0,234.75,1.11,36.22,5.46,12.0,60.41,3.37,1.3286447716271,3.604,234.75,1.02,5.674,84.0,2.08756367071273,234.75,69.924,0.469676553832619,76.0,24.0,234.75,133.176,179.049,234.75,234.75,4.242,47.7,87.1255156450676,65.5263855404339,47.6184186237104,1.227,17.4,87.6,33.4,17.3,0.59,2.94,0.61,42.9,51.1,84.5,84.5,5.674,1.2029411764705884,15.487012987012987,331.6125636707127,0.013120340788072418,Healthcare Resources,2,81.69999999999999,80.72666666666666,64.1,64.1,-0.1257309941520469
Philippines,2004,71.5,0.01,226.5167493798257,226.5167493798257,93.0,0.192,3.05,34.0,226.5167493798257,1.09,35.72,5.62,12.0,60.37,3.91,6.9812152355496,3.543,226.5167493798257,0.97,5.573,88.0,1.85775231743528,226.5167493798257,70.037,0.471605441226786,53.0,24.2,226.5167493798257,132.53,176.581,226.5167493798257,0.413,4.244,47.78,87.5163914921387,65.9585302750487,48.4807001161199,1.109,16.7,91.9,28.6,16.2,1.35,2.06,0.33,42.0,50.0,79.9,79.9,5.573,1.1432989690721649,15.665573770491804,327.16875231743523,0.01346478796093673,Healthcare Resources,2,81.69999999999999,80.72666666666666,66.56666666666666,66.56666666666666,0.1956521739130434
Philippines,2005,91.1,0.01,227.835,227.835,102.0,0.627,3.74,47.0,227.835,1.24,33.1,6.61,15.0,62.69,4.21,15.4644968991569,3.49,227.835,1.0,5.436,89.0,1.66110557928578,227.835,70.24,0.460489178963145,53.0,24.3,227.835,130.248,174.408,227.835,0.448,4.279,52.11,87.9079574573496,66.3915052686544,49.3504746837897,1.23,16.0,88.6,19.4,14.6,1.12,2.14,0.34,43.8,48.9,26.0,38.0,5.436,1.23,13.933155080213902,320.91710557928576,0.01641538832927338,Healthcare Resources,2,68.4,80.72666666666666,74.13333333333333,72.7,0.2741258741258741
Philippines,2006,93.4,0.01,221.3,221.3,8.4,0.614,3.78,55.0,221.3,1.21,32.09,6.63,18.0,64.08,3.83,22.9292476650348,3.486,221.3,1.05,5.28,88.0,2.01879678512007,221.3,70.282,0.455496254871215,73.0,25.0,221.3,130.325,173.288,221.3,0.295,4.404,54.04,88.300211308836,66.8253087510555,75.1376319801886,1.236,26.6,90.38,15.5,13.4,0.64,4.39,0.98,44.6,48.4,74.1,74.1,5.28,1.177142857142857,14.296296296296298,319.0317967851201,0.017080885675553544,Healthcare Resources,2,59.8,80.72666666666666,85.33333333333333,76.84,0.0252469813391877
Philippines,2007,73.0,0.02,237.0119942425,237.0119942425,0.8,0.614,3.75,65.0,237.0119942425,1.18,31.32,6.46,20.0,66.73,1.95,33.5870319588097,3.444,237.0119942425,1.03,5.1,87.0,2.16911447701681,237.0119942425,70.483,0.439361931582015,71.0,24.6,237.0119942425,127.838,171.232,237.0119942425,237.0119942425,4.646,55.97,88.6931489201816,67.8567880522006,75.2999752001126,1.242,16.6,93.3,7.0,12.2,1.27,2.54,0.33,45.1,47.7,51.7,51.7,5.1,1.2058252427184466,14.925333333333333,313.4391144770168,0.015821984081375935,Healthcare Resources,2,71.5,68.4,85.83333333333333,77.75999999999999,-0.2184154175588866
Philippines,2008,62.2,0.02,234.3186860425,234.3186860425,0.0,0.63,3.86,77.0,234.3186860425,1.16,30.14,6.51,23.0,68.38,1.48,62.5260000308651,3.404,234.3186860425,1.54,4.901,87.0,1.40896412427388,234.3186860425,70.564,0.365658726158595,73.0,24.6,234.3186860425,127.142,170.044,234.3186860425,0.67,5.102,57.45,89.086781337771,68.9006268568623,75.4629298987605,1.251,15.4,91.1,32.0,11.3,0.24,3.58,0.73,45.4,47.1,95.8,95.8,4.901,0.8123376623376622,14.883419689119172,309.8949641242739,0.016473291418593414,Healthcare Resources,2,91.1,59.8,76.2,78.24000000000001,-0.147945205479452
Philippines,2009,95.3,0.05,231.2848183675,231.2848183675,95.0,0.62,4.16,79.0,231.2848183675,1.28,30.65,6.64,24.0,67.02,2.33,65.3481460076856,3.363,231.2848183675,1.03,4.716,88.0,1.09044112054504,231.2848183675,70.633,0.361521252928551,68.0,24.8,231.2848183675,126.484,169.391,231.2848183675,0.661,5.615,55.58,89.4811999864762,69.9569848507723,75.6256796372962,1.256,26.3,94.51,0.055,12.2,0.54,4.5,1.01,43.1,46.0,86.3,86.3,4.716,1.2194174757281553,13.360576923076922,309.16544112054504,0.017986481038240774,Healthcare Resources,2,93.4,71.5,76.83333333333333,83.0,0.5321543408360128
Philippines,2010,82.2,0.06,28.2227662613871,64.0094112000817,83.0,0.578,4.13,91.0,202.106732545,1.32,31.9,7.18,29.0,66.31,1.79,73.879932152395,3.264,202.106732545,1.04,0.496361434459686,88.0,0.974258932724755,202.106732545,70.754,0.360226650880477,73.0,24.4,202.106732545,125.179,168.077,202.106732545,202.106732545,2.445,54.85,89.8807890071793,71.030981112432,75.7845584963561,1.263,53.2,92.7,39.2,13.1,0.62,3.45,0.47,42.0,45.3,39.0,48.0,4.532,1.2144230769230768,13.28087167070218,307.33025893272475,0.02043474726444571,Healthcare Resources,2,73.0,91.1,79.89999999999999,81.22,-0.1374606505771248
Philippines,2011,72.2,0.08,212.6013216166874,212.6013216166874,80.0,0.504,4.03,98.0,9.7,1.06,26.38,6.19,26.0,72.66,0.96,54.421203898693,3.122,212.6013216166874,1.06,4.357,89.0,0.427770133092169,212.6013216166874,70.788,0.369032237825617,62.0,24.2,212.6013216166874,125.028,167.239,212.6013216166874,0.64,2.543,58.89,90.3027532664464,72.1406646797649,81.585054215243,2.129,12.5,94.5,33.4,13.6,0.55,3.87,0.91,43.4,44.4,64.56,98.0,4.357,2.008490566037736,14.61290322580645,306.2947701330922,0.01895566767579153,Healthcare Resources,2,62.2,93.4,83.23333333333333,76.98,-0.1216545012165449
Philippines,2012,83.1,0.08,208.5891432775,208.5891432775,0.8,0.71,4.18,112.0,33.0,1.1,26.29,6.06,29.0,72.69,1.03,49.0569077026763,3.127,208.5891432775,1.03,4.233,89.0,0.336944450073562,208.5891432775,70.881,0.355998398178004,206.0,24.8,208.5891432775,123.915,166.201,208.5891432775,208.5891432775,2.582,58.31,90.7233716794272,73.2569909040697,81.597889639259,0.199,25.2,95.7,13.6,12.9,0.71,6.13,1.29,41.6,42.8,85.45,51.2,4.233,0.19320388349514564,13.949760765550241,303.3529444500736,0.02003939387410527,Healthcare Resources,2,95.3,73.0,79.16666666666667,79.0,0.1509695290858723
Philippines,2013,72.8,0.09,237.37725,237.37725,0.1,0.77,4.27,122.0,237.37725,1.12,26.21,6.29,32.0,72.04,1.74,33.5513311021508,3.096,237.37725,0.97,4.159,84.0,0.302741342034846,237.37725,70.835,0.354810604526773,37.0,24.8,224.606,124.722,165.874,237.37725,0.29,2.841,57.57,91.1427386256371,74.3799524340426,81.6107934639617,2.184,11.4,95.4,30.0,12.1,0.54,3.74,0.92,39.7,41.3,31.93,99.4,4.159,2.2515463917525778,13.482435597189697,302.9987413420348,0.017988244450552863,Healthcare Resources,2,82.2,62.2,76.03333333333333,81.11999999999999,-0.1239470517448856
Philippines,2014,95.6,0.32,205.928560445,205.928560445,65.0,0.71,3.7,109.0,47.0,1.26,34.11,7.29,37.0,64.4,1.49,31.7233353027579,3.031,205.928560445,0.94,4.112,79.0,0.243471265637881,205.928560445,71.151,0.275983150178541,38.0,24.0,205.928560445,120.453,163.711,205.928560445,205.928560445,2.716,52.38,91.5606767241614,75.5092773639833,81.62363319711,2.256,11.3,97.2,38.7,11.4,0.68,4.38,1.17,34.8,39.2,9.56,79.1,4.112,2.4,14.156756756756756,295.8074712656379,0.01796739603289854,Healthcare Resources,2,72.2,95.3,83.83333333333333,81.17999999999999,0.3131868131868132
Philippines,2015,97.7,0.46,25.7267317242772,67.2160919773446,61.0,0.0,3.9,116.0,207.26762379,1.47,37.67,8.14,44.0,60.89,1.44,53.0650564201301,2.951,207.26762379,0.95,4.081,74.0,0.466637695797107,207.26762379,71.268,0.272192484872766,34.0,24.6,207.26762379,118.793,162.725,207.26762379,207.26762379,1.296,51.18,91.9773505590147,76.6450187833517,81.6365346370522,0.273,23.5,98.5,33.1,10.0,0.49,6.31,1.41,31.0,36.0,113.11,57.0,4.081,0.2873684210526316,13.123076923076923,291.9846376957971,0.018816252768697795,Healthcare Resources,2,83.1,82.2,88.69999999999999,84.28,0.0219665271966527
Philippines,2016,92.6,0.49,229.75,229.75,0.5,0.581,3.95,120.0,229.75,1.47,37.26,7.72,45.0,60.47,2.27,58.4244123468821,2.892,229.75,1.05,4.06,84.0,0.28435223204509,229.75,71.387,0.266989028705369,36.0,24.6,197.06,117.098,161.883,229.75,229.75,2.898,50.49,92.3926834183241,77.7870061557449,81.6494400926837,2.359,10.9,93.7,10.0,8.6,0.66,4.31,0.9,29.0,34.2,34.74,87.0,4.06,2.2466666666666666,12.782278481012659,287.8653522320451,0.01719260065288357,Healthcare Resources,2,72.8,72.2,95.3,88.35999999999999,-0.052200614124872
Philippines,2017,84.4,0.51,235.0,235.0,0.3,0.72,3.96,122.0,235.0,1.48,37.44,7.62,46.0,60.37,2.19,75.4726625166283,2.865,235.0,0.99,0.548,84.0,0.267733904653961,235.0,71.516,0.260270528504265,143.0,24.6,196.146,115.335,160.841,235.0,235.0,4.732,50.15,92.8078557116294,78.9357627890643,81.6634253328611,0.669,10.6,93.8,21.3,7.1,0.53,4.52,0.87,27.6,32.9,142.4,60.0,4.027,0.6757575757575758,12.664141414141413,283.54373390465395,0.016851063829787235,Healthcare Resources,2,95.6,83.1,91.56666666666666,88.62,-0.0885529157667385
Philippines,2018,93.6,0.69,209.3795,209.3795,59.0,0.72,3.95,126.0,59.0,1.54,38.86,7.35,49.0,60.83,0.31,73.5078865593241,2.831,209.3795,0.95,0.549015581607819,84.0,0.17298329175016,209.3795,71.689,0.254720609175455,59.0,24.6,194.728,113.193,158.765,209.3795,1.182,4.774,50.44,93.222835120702,80.0906894479524,81.678627497488,0.701,16.7,0.15,29.9,6.0,0.37,4.74,0.91,24.0,29.0,55.47,85.1,3.994,0.7378947368421053,12.769620253164556,278.1309832917501,0.018865266179353756,Healthcare Resources,2,97.7,72.8,90.2,92.78,0.1090047393364928
Philippines,2019,94.7,0.43,24.281664665108,69.7491443602475,57.0,0.72,4.17,142.0,20.3,1.69,40.6,7.8,58.0,58.99,0.41,82.1053966294235,2.805,159.00986380737052,0.98,3.939,84.0,0.211290333960482,159.00986380737052,71.865,0.249960738605864,20.3,24.5,16.9,111.252,156.406,159.00986380737052,0.933,4.808,48.79,93.6373567501473,81.2510265893959,81.6949782681515,0.735,9.4,0.0,28.7,5.6,0.0,2.53,0.53,24.6,30.3,47.0,60.0,3.939,0.75,11.700239808153476,273.4692903339605,0.026224788199628087,Healthcare Resources,2,92.6,95.6,90.9,92.6,0.0117521367521369
Philippines,2020,98.4,0.49,235.9845,235.9845,57.0,0.74,5.16,166.0,4.8,2.33,45.2,9.0,75.0,54.06,0.74,72.5266799532236,2.777,235.9845,0.99,0.51596212387085,83.0,0.231839154859663,235.9845,72.119,0.242392089582353,4.8,182.744,182.744,108.591,153.067,235.9845,0.486,4.776,44.56,94.0512327503984,82.4160477401007,81.7124760653887,0.752,9.8,6.05,13.9,5.8,0.12,2.23,0.43,25.2,33.2,97.7,97.7,3.873,0.7595959595959596,8.635658914728682,267.68983915485967,0.02186584288374872,Healthcare Resources,2,84.4,97.7,95.56666666666668,92.74,0.0390707497360085
Philippines,2021,89.4,0.41,66.072,66.072,25.2,0.73,5.87,189.89374196854675,7.1,2.31,39.33,8.46,80.0,55.19,5.49,96.7396807500422,2.748,189.89374196854675,0.96,3.821,69.0,0.160512390530746,189.89374196854675,69.266,66.072,37.3,189.89374196854675,189.89374196854675,138.536,189.89374196854675,66.072,189.89374196854675,4.755,44.61,94.4642805883106,83.5850134229835,81.7311238752683,0.786,18.1,85.1,26.7,6.0,0.0,1.97,0.35,18.1,28.1,49.0,58.0,3.821,0.8187500000000001,7.599659284497444,334.5902543590775,0.030912024478259446,Healthcare Resources,2,93.6,92.6,94.16666666666669,92.1,-0.0914634146341463
Rwanda,2002,85.0,0.58,211.35,211.35,89.0,0.4199999869,3.13122177,7.34832239,44.0,0.75874555,24.23161316,3.70572662,1.78061705,40.56259918,35.20578384,37.648414954942,5.752,211.35,0.4199999869,5.752,88.0,159.153642974827,89.0,51.032,4.09208660433926,44.0,31.8,211.35,211.35,211.35,211.35,0.305,0.305,28.46427345,46.7269188678981,48.0136940623301,23.8527209414264,0.019,54.1,86.4,51.4,34.4,0.2,0.83,0.05,28.46427345,28.46427345,86.4,86.4,5.752,0.045238096649093014,9.090468686285355,616.253642974827,0.01481533839602555,Healthcare Resources,1,55.20588235294118,55.626666666666665,85.0,85.0,0.0
Rwanda,2003,47.7,0.27765724,234.75,234.75,14.9,0.185,6.93491793,17.29731369,234.75,2.30581403,33.24933624,12.45489502,5.7512418,24.31324959,42.43741226,7.71127968227241,5.674,234.75,0.4,5.674,96.0,140.466284282245,100.0,53.368,3.61768583438329,234.75,29.5,234.75,234.75,234.75,234.75,234.75,0.296,17.11997414,47.6184186237104,49.4007987176777,1.15839757926285,0.144,17.4,84.5,46.9,33.8,2.81,9.97,0.8,81.8,97.4,84.5,84.5,5.674,0.35999999999999993,2.468662832467002,643.766284282245,0.02954171642172524,Healthcare Resources,1,55.20588235294118,55.626666666666665,66.35,66.35,-0.4388235294117647
Rwanda,2004,51.3,0.96,226.5167493798257,226.5167493798257,34.2,1.359,7.50929976,20.29362106,226.5167493798257,1.92855704,25.68224907,10.78895473,5.21185831,27.07551575,47.24222946,32.1550165954442,5.573,226.5167493798257,1.7,5.573,89.0,123.172100352451,93.0,55.491,3.06656707954361,226.5167493798257,27.5,226.5167493798257,226.5167493798257,226.5167493798257,226.5167493798257,0.413,0.413,21.21723175,48.4807001161199,50.768335540329,1.59198173537512,0.049,38.7,79.9,52.7,36.2,0.49,0.82,0.18,72.2,96.5,79.9,79.9,5.573,0.028823529411764706,2.8254607524150828,612.4055991121024,0.033151189837217404,Healthcare Resources,1,55.20588235294118,55.626666666666665,61.333333333333336,61.333333333333336,0.0754716981132075
Rwanda,2005,38.6,0.95,227.835,227.835,15.5,0.194,7.72549963,25.10174942,227.835,1.61526906,20.90827942,8.09271908,5.24834423,28.82634163,50.26538086,45.1656667175682,5.436,227.835,0.39,5.436,95.0,152.693368566674,102.0,57.316,2.75603242709754,227.835,26.0,227.835,227.835,227.835,227.835,0.448,0.448,23.79763412,49.3504746837897,52.1358341835326,2.57474180121596,0.024,73.2,94.4,51.4,36.9,0.74,2.35,0.36,64.3,93.1,26.0,26.0,5.436,0.061538461538461535,3.0804006549412004,645.263368566674,0.03390830921500208,Healthcare Resources,1,85.0,55.626666666666665,45.86666666666667,55.65,-0.2475633528265106
Rwanda,2006,49.2,0.64604503,221.3,221.3,54.0,0.614,7.60959911,27.24308205,221.3,1.48286724,19.48679924,7.20270061,5.30880418,23.466259,57.04694748,51.5538586776992,5.28,221.3,1.6,5.28,99.0,150.541323006762,112.0,58.714,2.3589848754114,221.3,25.0,221.3,221.3,221.3,221.3,0.295,0.295,14.26959229,50.2280357734339,53.5033672855633,3.55761270200921,0.166,26.6,74.1,38.3,36.8,0.77,22.0,2.7,45.6,91.8,74.1,74.1,5.28,0.10375,1.875209466849299,629.9413230067621,0.03438589746949842,Healthcare Resources,1,47.7,55.626666666666665,46.36666666666667,54.36,0.2746113989637306
Rwanda,2007,18.0,0.67,237.0119942425,237.0119942425,23.0,0.218,7.86212587,33.58434677,237.0119942425,1.74706471,22.22127724,7.79290724,7.46287097,22.46087837,55.31784439,56.5293830817037,5.1,237.0119942425,1.6,5.1,97.0,88.2646405061845,106.0,59.965,2.28495880223054,237.0119942425,24.2,237.0119942425,237.0119942425,237.0119942425,237.0119942425,237.0119942425,0.287,12.49653721,51.1127958841887,54.8707679900931,4.54042802361367,0.177,33.7,51.7,43.2,36.6,0.37,4.84,0.07,39.7,90.3,51.7,51.7,5.1,0.11062499999999999,1.5894603338371636,598.8886289911845,0.03317184809624371,Healthcare Resources,1,51.3,85.0,35.26666666666667,40.96,-0.6341463414634146
Rwanda,2008,52.1,0.87,234.3186860425,234.3186860425,5.6,0.296,7.5670433,40.0471344,234.3186860425,1.81512129,23.98719215,8.0763216,9.60618354,22.99509239,53.01771545,59.5505777528258,4.901,234.3186860425,0.6,4.901,97.0,69.8897239377321,101.0,61.134,2.13821497134058,234.3186860425,23.4,234.3186860425,234.3186860425,234.3186860425,234.3186860425,229.0,0.67,11.78379345,52.0050439552417,56.2381232596537,5.52326911153632,0.052,54.7,95.8,43.5,36.6,0.31,1.19,0.31,27.3,92.0,95.8,95.8,4.901,0.08666666666666667,1.5572520181032927,575.1270960227321,0.032293810740418344,Healthcare Resources,1,38.6,47.7,39.76666666666667,41.84,1.8944444444444444
Rwanda,2009,43.9,0.76,231.2848183675,231.2848183675,19.7,0.363,7.80694866,44.08419418,231.2848183675,1.88223851,24.10978508,8.43024445,10.62860483,22.9703083,52.91990662,62.9360582835608,4.716,231.2848183675,0.75,4.716,97.0,153.992483076767,95.0,61.958,1.859292539443,231.2848183675,22.5,231.2848183675,231.2848183675,231.2848183675,231.2848183675,0.661,0.661,11.37705517,52.9050782928433,57.6054507159274,6.50623097581648,0.055,46.5,86.3,46.6,36.1,3.19,18.36,3.34,24.4,90.3,86.3,86.3,4.716,0.07333333333333333,1.4572985766246862,652.6621198117671,0.03375469568259837,Healthcare Resources,1,49.2,51.3,38.0,40.36,-0.1573896353166987
Rwanda,2010,69.0,0.25,49.6738027401655,39.3308944428683,10.8,0.578,8.08696938,48.02530289,202.106732545,2.03978682,25.22313118,8.55642414,12.11348456,22.84549332,51.93137741,64.7600106322843,4.532,202.106732545,0.74,0.388654828071594,97.0,104.739718020054,83.0,62.54,1.79381268792421,202.106732545,22.0,202.106732545,202.106732545,202.106732545,202.106732545,202.106732545,0.217,11.0873909,53.812311723031,58.9727043706858,7.48912776202824,0.055,71.7,98.0,44.3,35.7,0.41,1.64,0.21,26.9,88.3,0.67,39.0,4.532,0.07432432432432433,1.3710192754556962,544.653183110054,0.04001335966479691,Healthcare Resources,1,18.0,38.6,55.0,46.440000000000005,0.571753986332574
Rwanda,2011,69.0,0.3,212.6013216166874,212.6013216166874,19.8,0.393,7.93879843,51.65081787,3.1,2.19846153,27.69262123,8.90067959,14.3034656,22.88555908,49.42181396,62.1694678393509,4.357,212.6013216166874,0.72,4.357,97.0,36.9304633895727,80.0,63.261,1.71741560818771,212.6013216166874,21.5,212.6013216166874,212.6013216166874,212.6013216166874,212.6013216166874,208.0,0.64,10.79211998,54.7270312962107,60.3399094161962,8.47204996489013,0.0129,38.3,98.0,42.9,35.3,0.84,1.88,0.2,24.8,86.6,12.04,98.0,4.357,0.017916666666666668,1.3594147874088296,497.4331066229475,0.037341246844708575,Healthcare Resources,1,52.1,49.2,60.63333333333333,50.4,0.0
Rwanda,2012,39.9,0.08738706,208.5891432775,208.5891432775,2.5,0.047,8.10667801,57.216465,33.0,2.05578661,25.35917282,8.36301804,14.50962233,21.30692482,53.33390427,62.1539007198601,4.233,208.5891432775,0.71,4.233,98.0,59.6278675546344,72.0,64.009,1.42872215913236,33.0,21.2,208.5891432775,208.5891432775,208.5891432775,208.5891432775,208.5891432775,0.212,10.17707443,55.6495360555589,61.7070227174276,9.45510331043046,0.139,70.7,51.2,43.8,35.6,0.45,2.87,0.63,22.5,85.5,0.95,51.2,4.233,0.19577464788732396,1.2553939378677752,512.4061541096344,0.038864333409793755,Healthcare Resources,1,43.9,18.0,59.3,54.78,-0.4217391304347826
Rwanda,2013,44.3,0.0291343,237.37725,237.37725,12.0,0.045,6.77649164,47.7094574,237.37725,2.17317319,32.06929779,8.30411816,15.30008833,23.67443848,44.25626373,72.7550148358803,4.159,237.37725,0.77,4.159,98.0,109.412188607692,66.0,64.426,1.40860444099768,237.37725,20.8,224.606,224.606,237.37725,237.37725,192.0,0.29,12.30982971,56.5792334362488,63.0741145901109,10.438080598668,0.099,39.1,99.4,42.0,35.7,0.51,1.63,0.29,24.3,85.6,0.61,99.4,4.159,0.1285714285714286,1.8165490882240654,607.095438607692,0.028547350851861327,Healthcare Resources,1,69.0,52.1,51.06666666666666,53.220000000000006,0.1102756892230576
Rwanda,2014,77.7,0.27,205.928560445,205.928560445,5.0,0.71,6.98844194,50.62351608,47.0,2.19436383,31.39990044,7.98190641,15.89573279,21.512537,47.08756256,53.2491061304865,4.112,205.928560445,0.71,4.112,98.0,202.236962625779,65.0,64.94,1.34102472142072,47.0,20.8,205.928560445,205.928560445,205.928560445,205.928560445,205.928560445,0.908,12.07820892,57.5210496360148,64.4396648810938,11.4228587970816,0.089,46.1,79.1,38.2,35.5,2.25,12.46,1.75,22.9,84.4,0.74,79.1,4.112,0.12535211267605634,1.7283121221723994,649.594083515779,0.03393624432132373,Healthcare Resources,1,69.0,43.9,53.96666666666667,59.98,0.7539503386004516
Rwanda,2015,90.7,0.31555614,42.2274063896273,46.4104608241861,11.4,0.0,6.65446424,48.80509567,207.26762379,2.10574889,31.6441555,7.9149456,15.44395964,26.16271019,42.19313431,64.1468116616877,4.081,207.26762379,0.74,4.081,98.0,207.26762379,61.0,65.298,1.36202303014984,207.26762379,20.6,207.26762379,207.26762379,207.26762379,207.26762379,207.26762379,0.965,12.18094063,58.4752230978059,65.8025240374221,12.4097077829807,0.11,23.5,99.0,38.3,34.7,0.93,9.84,2.14,24.7,80.7,5.88,44.0,4.081,0.14864864864864866,1.8304915603543765,656.50287137,0.0321056618410514,Healthcare Resources,1,39.9,69.0,70.89999999999999,64.32000000000001,0.1673101673101673
Rwanda,2016,58.0,0.37,229.75,229.75,10.1,0.581,6.96060848,50.70415497,229.75,2.23370934,32.09072113,8.88277149,16.27132992,24.64941978,43.25985718,64.2078542755091,4.06,229.75,0.73,4.06,98.0,229.75,62.0,65.737,1.2780174449277,229.75,20.4,197.06,197.06,229.75,229.75,229.75,1.035,11.36179352,59.4411197028295,67.1618497330345,13.3985580169045,0.12,38.2,87.0,35.8,33.6,0.5,1.15,0.13,17.5,81.1,0.75,87.0,4.06,0.1643835616438356,1.6322988935013336,690.1600000000001,0.03029644605005441,Healthcare Resources,1,44.3,69.0,75.46666666666668,62.120000000000005,-0.360529217199559
Rwanda,2017,58.0,0.47,235.0,235.0,19.6,0.72,6.38999748,48.34190369,235.0,2.2288599,34.8804512,8.88277149,16.86187413,25.78299713,39.33655167,66.6496476552674,4.027,235.0,0.72,0.374,98.0,235.0,58.0,65.941,1.1112982379149,235.0,20.3,196.146,196.146,235.0,235.0,235.0,0.482,11.81888771,60.4192608419464,68.5163433560546,14.3897972416187,0.135,7.9,97.6,21.9,33.5,1.57,9.57,2.54,19.0,82.3,142.4,48.0,4.027,0.18750000000000003,1.8495919203398496,699.646,0.02719147863829787,Healthcare Resources,1,77.7,39.9,68.89999999999999,65.74000000000001,0.0
Rwanda,2018,46.1,0.17232621,209.3795,209.3795,32.7,0.72,6.69894743,51.54394531,59.0,2.34174061,34.95684433,8.88277149,18.01813632,25.87659073,39.16656494,65.6920318241336,3.994,209.3795,0.72,0.376912027597427,97.0,209.3795,59.0,66.251,1.13888105712877,59.0,20.3,194.728,194.728,209.3795,209.3795,1.182,1.182,11.8659668,61.4095815029197,69.8648759524537,15.3835909488765,0.132,40.1,85.1,34.8,33.8,0.15,3.48,0.57,19.3,79.5,0.53,85.1,3.994,0.18333333333333335,1.771318094968242,647.287,0.031994285161632344,Healthcare Resources,1,90.7,44.3,54.03333333333333,66.1,-0.2051724137931034
Rwanda,2019,77.2,0.15605848,38.1809158837927,50.3926880607269,62.5,0.72,6.34386826,51.18757629,20.3,2.51631737,39.66534805,8.92867947,20.3037304,26.95556068,33.37908936,62.9051941223085,3.939,159.00986380737052,0.72,3.939,98.0,159.00986380737052,57.0,66.437,1.13976028080797,20.3,20.2,25.0,159.00986380737052,159.00986380737052,159.00986380737052,0.933,0.933,12.1073637,62.4117359707321,71.2065248746041,16.3799786583271,0.116,20.3,88.8,31.5,34.9,0.0,3.58,0.97,19.8,79.6,47.0,47.0,3.939,0.16111111111111112,1.9085143643887714,511.92959142211157,0.03989606750236047,Healthcare Resources,1,58.0,77.7,60.43333333333334,66.0,0.6746203904555315
Rwanda,2020,94.2,0.68940175,235.9845,235.9845,8.1,0.74,7.47530079,57.91234207,4.8,3.02292728,40.43887329,9.0438261,23.41909853,23.77607918,35.78504944,48.1726228390348,3.873,235.9845,0.74,0.379552751779556,91.0,211.811069861,57.0,66.774,1.05331221119194,4.8,182.744,182.744,182.744,235.9845,235.9845,0.486,0.486,10.27080822,63.4259387180091,72.5399876892976,17.3792467257484,0.083,4.8,97.7,33.1,34.7,6.05,26.08,8.03,16.8,79.9,97.7,97.7,3.873,0.11216216216216217,1.3739658789034492,665.239569861,0.03167708383389587,Healthcare Resources,1,58.0,90.7,72.5,66.7,0.2202072538860102
Rwanda,2021,45.8,0.4024353,66.072,66.072,15.3,0.73,7.32305002,60.2185936,6.5,2.98952579,40.8235054,9.47249985,24.58334149,23.32616425,35.85033035,63.6316774020632,3.821,189.89374196854675,0.73,3.821,88.0,117.794844229873,56.0,66.072,66.072,37.3,189.89374196854675,189.89374196854675,189.89374196854675,189.89374196854675,66.072,189.89374196854675,0.568,10.13342953,64.4521093451099,73.8641077883081,18.3815591811518,0.081,37.3,88.9,39.8,33.2,0.0,1.97,0.35,16.1,78.5,49.0,49.0,3.821,0.11095890410958904,1.383771721116825,530.7823281669665,0.03856393551512067,Healthcare Resources,1,46.1,58.0,72.4,64.26,-0.5138004246284502
South Africa,2002,98.5,0.11919755,211.35,211.35,89.0,0.4199999869,6.67774487,180.86155701,44.0,2.30570102,34.52814102,10.37981224,62.44813335,64.82974243,0.64211953,0.0,2.324,211.35,3.02,5.752,70.0,3.28336219309879,211.35,55.666,0.409141946809213,75.0,32.3,211.35,211.35,211.35,211.35,0.305,3.627,13.55776787,85.6331020911519,61.2986722518923,46.7269188678981,3.213,211.35,0.2,3.1,3.6,0.1,3.0,0.5,28.46427345,28.46427345,86.4,86.4,5.752,1.0639072847682118,2.030291383384343,429.58336219309876,0.031595670073338064,Healthcare Resources,2,93.3294117647059,92.60666666666668,98.5,98.5,0.0
South Africa,2003,91.2,0.10496657,234.75,234.75,100.0,0.627,7.04098177,234.75,234.75,2.79076648,39.63604355,12.33823776,114.30096141,54.81716156,5.54679585,0.0,2.358,234.75,0.8999999762,5.674,69.0,2.79789389830875,234.75,54.331,0.427217976831291,84.0,32.5,234.75,234.75,234.75,234.75,234.75,3.695,12.32614422,86.1621488884409,62.1815317379067,47.6184186237104,3.283,18.9,91.9,2.5,3.6,4.37,15.41,3.5,81.0,88.5,84.5,84.5,5.674,3.647777874241237,1.7506286229171701,475.8978938983088,0.02999353256656017,Healthcare Resources,2,93.3294117647059,92.60666666666668,94.85,94.85,-0.0741116751269035
South Africa,2004,91.2,0.14214234,226.5167493798257,226.5167493798257,93.0,0.192,6.938416,226.5167493798257,226.5167493798257,2.73156238,39.36867523,12.0292511,143.90623265,55.18088913,5.4504323,0.0,2.436,226.5167493798257,2.8,5.573,74.0,2.75949021409682,226.5167493798257,54.043,0.548024162191506,106.0,32.2,226.5167493798257,226.5167493798257,226.5167493798257,226.5167493798257,0.413,3.799,11.84590149,86.682250515141,63.0586665106855,48.4807001161199,0.717,37.2,91.9,1.2,3.4,0.0,3.2,0.5,78.3,86.8,79.9,79.9,5.573,0.25607142857142856,1.7072919078360247,459.1929889737483,0.030630918106482226,Healthcare Resources,2,93.3294117647059,92.60666666666668,93.63333333333333,93.63333333333333,0.0
South Africa,2005,98.6,0.14211689,227.835,227.835,102.0,0.627,6.86216164,227.835,227.835,2.74503064,40.00241852,10.91880608,161.7696585,48.21174622,11.78583527,0.0,2.512,227.835,2.8,5.436,81.0,1.58209964922474,227.835,53.98,0.521210663765375,112.0,32.3,227.835,227.835,227.835,227.835,0.448,1.283,11.31283569,87.1925788909373,63.9292262025283,49.3504746837897,3.447,66.6,97.4,0.024,3.4,0.64,1.75,0.19,20.7,37.6,26.0,51.0,5.436,1.2310714285714286,1.6485819313926857,460.6520996492248,0.03011899681787258,Healthcare Resources,2,98.5,92.60666666666668,93.66666666666669,94.875,0.0811403508771928
South Africa,2006,46.6,0.17989676,221.3,221.3,8.4,0.614,6.87650871,221.3,221.3,3.23011708,46.9732132,13.09509182,198.31568263,46.59767914,6.42910051,0.0,2.548,221.3,1.92,5.28,84.0,2.44444781200907,221.3,54.278,0.494052712135354,122.0,32.4,221.3,221.3,221.3,221.3,0.295,11.33,10.58286381,87.6937845213008,64.7935120547602,50.2280357734339,3.534,19.5,74.2,47.8,3.5,4.73,16.84,3.84,19.7,36.7,74.1,74.1,5.28,1.840625,1.5389879161514213,448.5444478120091,0.03107324315408947,Healthcare Resources,2,91.2,92.60666666666668,78.8,85.22,-0.5273833671399594
South Africa,2007,98.6,0.19451307,237.0119942425,237.0119942425,106.0,0.614,6.90510845,237.0119942425,237.0119942425,3.30013156,47.79261017,13.50931835,219.85694527,44.90902328,7.2983675,0.0,2.545,237.0119942425,2.36,5.1,85.0,1.26549896201883,237.0119942425,54.992,0.523248386902897,152.0,32.2,237.0119942425,237.0119942425,237.0119942425,237.0119942425,237.0119942425,11.46,9.70289135,88.1859084292649,65.6513476304217,51.1127958841887,3.62,13.5,96.7,7.0,3.6,3.74,12.98,2.79,70.5,82.2,51.7,51.7,5.1,1.533898305084746,1.4051758086435266,478.8894874470189,0.029134004260286523,Healthcare Resources,2,91.2,98.5,81.26666666666667,85.24,1.1158798283261802
South Africa,2008,94.3,0.19382331,234.3186860425,234.3186860425,101.0,0.63,7.14832258,234.3186860425,234.3186860425,3.38493657,47.35287857,13.01471424,211.62208304,44.58263016,8.06448936,0.0,2.679,234.3186860425,2.35,4.901,82.0,1.54175321229898,234.3186860425,56.022,0.522998007185564,152.0,32.3,234.3186860425,234.3186860425,234.3186860425,234.3186860425,0.67,11.5,8.84287548,88.669259438011,66.502742509829,52.0050439552417,3.679,62.1,97.1,25.0,3.6,0.53,2.93,0.55,15.3,33.2,95.8,95.8,4.901,1.5655319148936169,1.237056019931322,473.77912529729895,0.030506839641049624,Healthcare Resources,2,98.6,91.2,79.83333333333333,85.86,-0.0436105476673427
South Africa,2009,98.9,0.20664749,231.2848183675,231.2848183675,95.0,0.62,7.64941454,231.2848183675,231.2848183675,3.80475187,49.73912811,13.36997318,231.2848183675,42.16740036,8.09347248,0.0,2.501,231.2848183675,1.84,4.716,81.0,1.18661470472015,231.2848183675,57.447,0.554074578863212,157.0,32.0,231.2848183675,231.2848183675,231.2848183675,231.2848183675,0.661,11.53,8.10977173,89.1428576544517,67.3468296875647,52.9050782928433,3.75,29.8,98.2,0.055,4.1,4.57,13.97,3.28,10.5,28.5,86.3,86.3,4.716,2.0380434782608696,1.0601820162304865,467.8562514397202,0.03307356960994069,Healthcare Resources,2,46.6,91.2,97.26666666666668,87.4,0.048780487804878
South Africa,2010,98.9,0.21349947,48.8833234546531,40.8141965079597,83.0,0.578,7.79358244,202.106732545,202.106732545,4.00033045,51.32851791,14.14495468,202.106732545,41.02915955,7.64232397,0.0,2.445,202.106732545,2.28,0.425338327884674,77.0,1.55643766563702,202.106732545,58.899,0.546228149901689,137.0,31.3,202.106732545,202.106732545,202.106732545,202.106732545,202.106732545,11.61,7.99506283,89.6075553818254,68.1840155796529,59.338579622901,3.807,53.2,0.41,7.1,4.6,0.0,9.29,1.08,14.1,32.6,39.0,63.0,4.532,1.6697368421052632,1.0258520894019054,410.36990275563704,0.038561716088625214,Healthcare Resources,2,98.6,98.6,97.36666666666667,87.46000000000001,0.0
South Africa,2011,99.0,0.19763726,212.6013216166874,212.6013216166874,80.0,0.504,7.94434404,212.6013216166874,7.0,4.12050819,51.8671875,14.68394661,212.6013216166874,41.0365181,7.09629297,0.0,2.436,212.6013216166874,1.79,4.357,75.0,1.88126914924532,212.6013216166874,60.651,0.491044914408992,104.0,30.0,212.6013216166874,212.6013216166874,212.6013216166874,212.6013216166874,0.64,11.62,7.75090933,90.0631651018591,69.0139950902221,59.4349176344164,1.843,21.9,0.84,1.3,5.1,5.46,17.91,4.55,13.6,32.1,64.56,98.0,4.357,1.029608938547486,0.9756512672379178,432.18391238262006,0.03736733139563154,Healthcare Resources,2,94.3,46.6,98.93333333333334,97.94,0.0010111223458038
South Africa,2012,99.0,0.22146522,208.5891432775,208.5891432775,72.0,0.71,8.00428867,208.5891432775,33.0,4.1403532,51.72668076,14.46731377,208.5891432775,41.63955688,6.6337676,0.0,2.447,208.5891432775,1.77,4.233,71.0,1.24583615815063,208.5891432775,61.846,0.421245442119432,86.0,29.1,208.5891432775,208.5891432775,208.5891432775,208.5891432775,208.5891432775,11.64,7.72201967,90.5099735416629,69.8367637621794,43.3461548107573,3.954,16.0,0.45,2.2,5.2,0.0,9.39,0.64,13.5,31.8,85.45,51.2,4.233,2.233898305084746,0.9647352798434243,423.6241227131506,0.03837346730626034,Healthcare Resources,2,98.9,98.6,98.96666666666668,98.02,0.0
South Africa,2013,98.0,0.19060354,237.37725,237.37725,66.0,0.77,8.10322285,237.37725,237.37725,4.14510202,51.15374756,14.33791637,237.37725,42.10570145,6.74055386,0.0,2.428,237.37725,0.49,4.159,81.0,1.60468177276407,237.37725,62.533,0.390556688516766,78.0,28.5,224.606,237.37725,237.37725,237.37725,0.29,7.538,7.61004734,90.9473828699795,70.651821622223,43.4767910593943,1.876,15.6,0.51,0.099,5.5,0.0,7.5,0.58,13.4,31.8,31.93,99.4,4.159,3.8285714285714283,0.9391383503663607,481.8591817727641,0.03413647622086784,Healthcare Resources,2,98.9,94.3,98.66666666666669,98.76,-0.01010101010101
South Africa,2014,81.4,0.18391097,205.928560445,205.928560445,65.0,0.71,7.87136555,205.928560445,47.0,4.3735652,55.56298065,14.9161272,205.928560445,42.70526123,1.73175645,0.0,2.424,205.928560445,1.73,4.112,85.0,2.13869838140456,205.928560445,63.38,0.368454541204035,84.0,28.7,205.928560445,205.928560445,205.928560445,205.928560445,205.928560445,8.758,5.66398144,91.3761428829595,71.4594340460674,43.6069283922294,4.089,55.5,2.25,38.7,6.3,0.28,1.03,0.12,11.9,32.4,11.42,79.1,4.112,2.363583815028902,0.7195678315308326,420.2958192714045,0.03822376815042277,Healthcare Resources,2,99.0,98.9,92.8,95.26,-0.1693877551020407
South Africa,2015,98.2,0.22423856,37.2667407294851,50.3104679515096,61.0,0.74,8.05304241,207.26762379,207.26762379,4.59632444,57.07562637,15.23773575,207.26762379,41.25089264,1.6734798,0.0,2.359,207.26762379,1.7,4.081,85.0,0.88749295320931,207.26762379,63.95,0.370055444203699,78.0,28.8,207.26762379,207.26762379,207.26762379,207.26762379,207.26762379,9.076,5.73639154,91.7960958447093,72.2593538106544,43.7363135769289,4.155,16.2,97.2,21.2,6.5,0.0,7.95,0.29,12.0,32.4,113.11,70.0,4.081,2.4441176470588237,0.71232600648877,421.92274053320926,0.03885335424194955,Healthcare Resources,2,99.0,98.9,92.53333333333336,95.12,0.2063882063882063
South Africa,2016,96.7,0.19796313,229.75,229.75,0.5,0.581,8.07959366,229.75,229.75,4.57297277,56.59904099,15.28983974,229.75,41.35696411,2.04399228,0.0,2.261,229.75,1.68,4.06,85.0,0.766186826584609,229.75,64.747,0.292477670317941,63.0,28.5,197.06,229.75,229.75,229.75,229.75,9.32,5.78551388,92.2073116249765,73.0514660605434,43.8649452460677,0.765,15.8,93.7,27.4,6.3,0.0,7.15,0.26,6.8,25.3,34.74,87.0,4.06,0.4553571428571429,0.71606495616761,466.5661868265846,0.03516689297062024,Healthcare Resources,2,98.0,99.0,92.1,94.66,-0.015274949083503
South Africa,2017,98.7,0.38,235.0,235.0,58.0,0.72,7.97711229,235.0,235.0,4.56554031,57.23299789,15.28983974,235.0,41.6805954,1.08640862,0.0,2.334,235.0,1.67,0.406,84.0,4.12791395662521,235.0,65.402,0.352663580600295,143.0,27.8,196.146,235.0,235.0,235.0,235.0,2.084,5.83464336,92.6096825237423,73.8356009676614,43.9925760601146,0.788,16.4,1.57,21.3,5.7,0.19,17.46,6.67,6.8,25.1,142.4,71.0,4.027,0.47185628742514973,0.7314229946736779,479.8279139566252,0.033945158680851066,Healthcare Resources,2,81.4,99.0,97.86666666666667,94.6,0.0206825232678387
South Africa,2018,98.8,0.3,209.3795,209.3795,59.0,0.72,8.08820343,209.3795,59.0,4.62280226,57.15487289,15.28983974,209.3795,41.70811844,1.13700962,0.0,2.418,209.3795,1.65,0.422549337148666,82.0,1.66760755170551,209.3795,65.674,0.332483460090966,59.0,25.5,194.728,209.3795,209.3795,209.3795,1.182,5.013,5.83615637,93.0032909326982,74.6116795396623,44.1192001173137,0.759,17.1,0.15,3.4,5.7,0.0,2.27,0.37,6.7,24.8,55.47,85.1,3.994,0.46,0.7215639938472715,426.1266075517055,0.03862939509359799,Healthcare Resources,2,98.2,98.0,98.06666666666666,94.76,0.0010131712259371
South Africa,2019,98.4,0.31,35.6803578327848,51.3300565987341,57.0,0.72,8.24418926,159.00986380737052,20.3,4.80993271,58.34331131,15.28983974,159.00986380737052,40.53360748,1.12308216,0.0,2.475,159.00986380737052,1.63,3.939,85.0,0.829961239209084,159.00986380737052,66.175,0.314757046469472,20.3,24.1,27.6,159.00986380737052,159.00986380737052,159.00986380737052,0.933,7.375,5.72827816,93.3882436903298,75.3796452913204,44.2448240398932,0.799,16.1,0.0,8.0,6.2,0.0,2.22,0.46,13.8,34.3,47.0,71.0,3.939,0.49018404907975466,0.6948261350322276,325.0496888539501,0.05184703050866874,Healthcare Resources,2,96.7,81.4,98.63333333333334,98.16,-0.0040485829959513
South Africa,2020,98.4,0.38,235.9845,235.9845,57.0,0.74,8.57258797,235.9845,4.8,5.29674768,61.78703308,15.28983974,235.9845,36.88036346,1.33259892,0.0,2.401,235.9845,1.62,0.425453394651413,84.0,0.758988822133699,235.9845,65.252,0.33782697722692,4.8,182.744,182.744,235.9845,235.9845,235.9845,0.486,1.728,5.38762617,93.7647902920458,76.1394549830099,44.3696932485851,0.727,15.7,6.05,35.5,6.9,0.0,2.36,0.56,11.9,33.1,97.7,97.7,3.873,0.4487654320987654,0.6284713774713238,479.6279888221337,0.03632691117425085,Healthcare Resources,2,98.7,98.2,98.53333333333336,98.20000000000002,0.0
South Africa,2021,89.4,0.47270992,66.072,66.072,25.2,0.73,8.27309132,189.89374196854675,10.8,4.99565506,60.38438416,15.28983974,189.89374196854675,38.19342422,1.42218828,0.0,2.374,189.89374196854675,1.6,3.821,86.0,0.500401988474927,189.89374196854675,62.341,66.072,37.3,189.89374196854675,189.89374196854675,189.89374196854675,189.89374196854675,66.072,189.89374196854675,5.513,5.50673628,94.1326997120042,76.8909933152341,74.2307260824252,0.809,16.0,85.1,0.081,7.7,0.0,11.1,2.0,11.6,32.3,49.0,71.0,3.821,0.505625,0.6656201493494454,387.98788592556843,0.04356695083385277,Healthcare Resources,2,98.8,96.7,95.4,96.74,-0.0914634146341463
Sudan,2002,85.0,0.58,211.35,211.35,89.0,0.4199999869,3.30010891,17.47236824,44.0,1.128654,34.20050812,10.70719147,5.97563882,65.79949188,35.13338852,10.4251403180024,5.248,211.35,0.73,5.752,60.0,66.6540415943181,139.0,58.976,3.29094078340397,44.0,25.7,211.35,211.35,211.35,211.35,0.305,0.301,61.42131805,44.6754074159875,20.62319953674,4.11569206616851,0.047,54.1,86.4,51.4,35.5,0.2,0.83,0.05,28.46427345,28.46427345,86.4,86.4,5.752,0.06438356164383562,18.611906371902133,524.8540415943181,0.01561442588123965,Healthcare Resources,1,49.65294117647059,48.89333333333334,85.0,85.0,0.0
Sudan,2003,47.7,0.54,234.75,234.75,14.9,0.185,3.89187932,23.6236248,234.75,1.26332223,32.46046829,10.07152081,7.66833829,66.06427002,1.47526622,11.4749177330586,5.172,234.75,0.73,5.674,69.0,61.0887785845713,138.0,58.2,2.94939903527601,234.75,25.3,234.75,234.148,234.75,234.75,234.75,0.3,62.56050873,44.6893905938749,20.6388274346006,5.37237233572651,0.268,17.4,84.5,46.9,34.4,2.81,9.97,0.8,64.5,66.9,84.5,84.5,5.674,0.3671232876712329,16.074627085302325,564.3867785845713,0.01657882564430245,Healthcare Resources,1,49.65294117647059,48.89333333333334,66.35,66.35,-0.4388235294117647
Sudan,2004,15.8,0.96,226.5167493798257,226.5167493798257,93.0,0.151,4.15593481,30.63433456,226.5167493798257,1.57302713,37.85013962,9.52674675,11.59513908,60.7492981,1.40056026,12.5,5.094,226.5167493798257,0.71,5.573,74.0,55.3740495897474,142.0,56.773,2.77249717173498,226.5167493798257,24.8,226.5167493798257,226.5167493798257,226.5167493798257,226.5167493798257,0.413,1.092,57.1778717,44.7033753195238,20.654455969097,6.63656847440678,0.262,38.7,48.7,50.5,34.5,0.49,0.82,0.18,58.1,65.2,79.9,79.9,5.573,0.36901408450704226,13.758125262797373,542.9075483493988,0.018347141310205206,Healthcare Resources,1,49.65294117647059,48.89333333333334,49.5,49.5,-0.6687631027253669
Sudan,2005,26.1,0.95,227.835,227.835,3.7,0.194,4.09418154,38.71856689,227.835,1.59963596,39.070961,8.09948635,15.12771592,58.25021362,2.67882586,3.19148936170213,5.039,227.835,0.72,5.436,78.0,54.6516174696637,143.0,57.279,2.58920403264852,227.835,24.6,227.835,227.835,227.835,227.835,0.448,0.335,54.63094711,45.8190395908666,21.8517553278988,46.3638876484209,0.12,31.1,27.6,46.2,33.7,3.65,20.3,2.2,49.6,59.1,26.0,27.0,5.436,0.16666666666666666,13.34355757707803,544.0216174696637,0.017969941141615643,Healthcare Resources,1,85.0,48.89333333333334,29.86666666666667,43.65,0.6518987341772151
Sudan,2006,49.2,1.12,221.3,221.3,54.0,0.614,4.88544321,57.64347458,221.3,1.77735722,36.38067627,9.4422226,20.97108517,59.0795517,4.53977489,5.5045871559633,5.044,221.3,0.73,5.28,78.0,52.6785190897404,146.0,60.281,2.47356968851548,221.3,24.3,221.3,220.109,221.3,221.3,0.295,1.1,55.78925323,46.9340172529745,23.0494722107367,46.4690836767712,0.365,26.6,74.1,38.3,32.9,0.77,22.0,2.7,94.3,96.9,74.1,74.1,5.28,0.5,11.419486591473447,526.9875190897404,0.022076110302756437,Healthcare Resources,1,47.7,48.89333333333334,30.36666666666667,44.760000000000005,0.8850574712643677
Sudan,2007,18.0,0.67,237.0119942425,237.0119942425,23.0,0.218,5.66269159,84.978302,237.0119942425,2.0494504,36.19216156,10.46531487,30.75548197,61.12584686,2.68199229,12.6373626373626,5.065,237.0119942425,0.76,5.1,84.0,46.5138197758207,144.0,61.256,2.20515261791615,237.0119942425,24.1,237.0119942425,208.495,237.0119942425,237.0119942425,237.0119942425,1.042,58.00177002,48.048310173272,24.3296017337058,11.6828861274331,0.364,33.7,51.7,43.2,30.3,0.37,4.84,0.07,85.5,95.2,51.7,51.7,5.1,0.4789473684210526,10.242791629766298,522.3208140183207,0.02389200431859237,Healthcare Resources,1,15.8,85.0,31.100000000000005,31.360000000000003,-0.6341463414634146
Sudan,2008,55.3,0.87,234.3186860425,234.3186860425,36.7,0.296,5.42313576,85.98817444,234.3186860425,1.73194993,31.93631744,8.78631306,27.46145751,65.5871582,2.47652745,8.24175824175824,5.074,234.3186860425,0.73,4.901,86.0,38.6353113066321,116.0,61.206,2.38806322207844,234.3186860425,24.0,234.3186860425,210.805,234.3186860425,234.3186860425,229.0,1.012,62.40304947,49.1619183582309,25.6176055136201,26.5009630827212,0.337,54.7,92.3,43.5,29.0,0.31,1.19,0.31,85.6,95.1,95.8,95.8,4.901,0.4616438356164384,11.506820450683314,512.7589973491321,0.023144273517376964,Healthcare Resources,1,26.1,47.7,40.833333333333336,32.88,2.072222222222222
Sudan,2009,24.4,0.76,231.2848183675,231.2848183675,35.8,0.363,6.39496326,83.10632324,231.2848183675,2.6293633,41.11616135,14.01954556,34.17012917,55.22544479,3.65839458,9.55414012738854,5.05,231.2848183675,0.73,4.716,81.0,34.6297563286143,121.0,62.644,2.10173510375679,54.0,24.2,231.2848183675,195.42,231.2848183675,231.2848183675,0.661,0.403,52.47582245,50.2797012285527,26.9201924275394,26.5009630827212,0.046,46.5,94.2,38.2,25.1,3.19,18.36,3.34,43.6,54.9,86.3,86.3,4.716,0.06301369863013699,8.205805149535761,486.43457469611434,0.027649732071210673,Healthcare Resources,1,49.2,15.8,32.56666666666666,34.6,-0.5587703435804702
Sudan,2010,72.5,0.25,44.7989164218489,44.7198507244728,65.0,0.578,5.05810165,76.49365234,202.106732545,1.64626622,32.54711533,9.48801804,24.89647745,64.43519592,3.01768994,12.2605363984674,5.017,202.106732545,0.72,0.34381103515625,90.0,32.7293850701224,119.0,63.016,2.0448409310171,202.106732545,23.6,202.106732545,194.833,202.106732545,202.106732545,202.106732545,0.412,61.31344604,51.4014783358851,28.2380452033028,26.5009630827212,0.05,29.6,74.3,34.1,22.2,3.11,14.22,4.52,49.4,52.8,0.67,36.0,4.532,0.06944444444444445,12.121829548443337,451.86911761512243,0.025026883500151538,Healthcare Resources,1,18.0,26.1,50.73333333333333,43.88,1.9713114754098364
Sudan,2011,54.3,0.3,212.6013216166874,212.6013216166874,29.9,0.393,5.61579561,83.55038452,8.6,1.28281784,22.84302902,7.03567696,19.08543919,69.23600769,7.9209609,9.03225806451613,4.96,212.6013216166874,0.84,4.357,93.0,32.5628763967032,105.0,63.246,1.77137519232662,212.6013216166874,24.3,212.6013216166874,192.471,212.6013216166874,212.6013216166874,208.0,0.4,65.93135071,52.5268264920193,29.5715496150198,26.5009630827212,0.053,38.3,90.6,42.9,20.7,0.84,1.88,0.2,66.0,65.7,12.04,98.0,4.357,0.0630952380952381,11.740340156361212,458.33519801339054,0.026414678739039448,Healthcare Resources,1,55.3,49.2,50.4,44.9,-0.2510344827586207
Sudan,2012,39.9,0.29,208.5891432775,208.5891432775,2.5,0.047,5.68827009,79.18972778,33.0,1.49337018,26.2535038,9.06086254,20.79007786,69.45655823,4.28994083,11.7967332123412,4.895,208.5891432775,0.82,4.233,92.0,33.0652891631729,103.0,63.792,1.65369134689763,33.0,23.8,208.5891432775,184.373,208.5891432775,208.5891432775,208.5891432775,0.412,65.45468903,53.6551016203775,30.9207582195754,26.5009630827212,0.056,19.7,51.2,33.7,22.6,2.95,15.74,3.59,69.5,69.5,0.95,51.2,4.233,0.06829268292682927,11.506958705260777,448.6274324406729,0.027270211673636895,Healthcare Resources,1,24.4,18.0,55.56666666666666,49.28,-0.2651933701657458
Sudan,2013,36.5,0.15128219,237.37725,237.37725,32.7,0.045,6.96487474,102.35591125,237.37725,1.15195048,16.53942871,7.5176096,16.92908361,78.45028687,5.01028585,7.48175182481752,4.903,237.37725,0.82,4.159,93.0,34.9392920262318,100.0,63.678,1.62081058522944,237.37725,23.8,224.606,184.077,237.37725,237.37725,192.0,0.424,74.83428192,54.786102248502,32.2863939533756,24.7522540709037,0.058,4.8,58.7,42.0,9.2,0.72,10.31,2.12,75.5,68.8,1.1,99.4,4.159,0.07073170731707318,10.744526601493481,465.5935420262318,0.02934095301887607,Healthcare Resources,1,72.5,55.3,43.56666666666666,45.52,-0.0852130325814536
Sudan,2014,77.7,0.27,205.928560445,205.928560445,5.0,0.71,5.67619705,93.15203094,47.0,1.43453598,25.27283669,10.61807156,23.54216081,71.0333786,3.69378376,7.79220779220779,4.912,205.928560445,0.8,4.112,94.0,38.5727576987501,94.0,64.269,1.51368531881299,47.0,23.5,205.928560445,176.289,205.928560445,205.928560445,205.928560445,1.231,67.03178406,55.9192043089609,33.6685183809857,23.0035450590867,0.484,46.1,79.1,38.2,8.8,2.25,12.46,1.75,65.3,64.1,2.67,79.1,4.112,0.605,11.809277139171906,429.59031814375004,0.02756391361030281,Healthcare Resources,1,54.3,24.4,51.36666666666665,56.17999999999999,1.1287671232876717
Sudan,2015,73.0,0.31555614,38.1308912460105,50.4399559629139,38.4,0.0,5.81112576,98.24565125,207.26762379,0.82485694,14.19444275,6.66369581,13.94542126,83.78509521,2.02046776,13.3764810013324,4.898,207.26762379,0.67,4.081,93.0,42.212430790592,88.0,64.659,1.50097276511241,38.0,23.3,207.26762379,176.556,207.26762379,207.26762379,207.26762379,0.84,79.40106964,57.0543889684013,35.0682362613739,21.2548360472692,0.415,23.5,87.2,42.3,9.2,0.93,9.84,2.14,61.3,63.2,5.88,43.0,4.081,0.6194029850746268,13.663629547745323,435.236054580592,0.028036823377141303,Healthcare Resources,1,39.9,72.5,62.4,56.28,-0.0604890604890605
Sudan,2016,58.0,0.37,229.75,229.75,2.0,0.581,5.68438482,93.67060852,229.75,1.28979421,22.69012833,12.92873669,21.25398254,75.34825134,1.96161723,9.71009947102895,4.829,229.75,0.67,4.06,93.0,53.2598186001045,82.0,64.78,1.51653727288861,229.75,23.2,197.06,177.178,229.75,229.75,145.0,0.483,71.1858902,58.1910173796323,36.4856263269616,19.5061270354522,0.492,21.4,83.6,35.8,10.0,0.98,10.66,2.1,66.6,62.8,0.56,87.0,4.06,0.7343283582089551,12.523059654501013,470.1878186001045,0.024741609662676824,Healthcare Resources,1,36.5,54.3,69.56666666666666,57.02,-0.2054794520547945
Sudan,2017,58.0,0.47,235.0,235.0,1.1,0.72,5.91767406,71.14331818,235.0,1.06663251,18.02452278,8.32499409,12.82324319,76.59540558,5.38007069,6.52186837944657,4.761,235.0,0.74,0.379,95.0,53.7765047753924,77.0,65.445,1.46051242771208,235.0,23.1,196.146,170.214,235.0,235.0,235.0,0.482,72.54642487,59.3286670896413,36.5750321728239,17.7574180236347,0.263,7.9,83.6,21.9,10.5,1.57,9.57,2.54,69.1,64.0,142.4,45.0,4.027,0.35540540540540544,12.259280273709429,469.4905047753924,0.02518159174468085,Healthcare Resources,1,77.7,39.9,63.0,60.64000000000001,0.0
Sudan,2018,52.7,0.17232621,209.3795,209.3795,32.7,0.72,4.46358299,35.53091431,59.0,1.03918159,23.28133202,6.17103291,8.27207038,70.31276703,6.40590143,59.9678934216767,4.681,209.3795,0.66,0.376040458679199,93.0,59.1890296838417,71.0,65.681,1.47806263952809,59.0,23.0,194.728,168.96,209.3795,209.3795,1.182,1.14,66.95339966,60.4670842442273,36.6726971878423,16.0087090118172,0.084,40.1,94.0,23.9,10.9,0.15,3.48,0.57,67.7,66.6,0.53,85.1,3.994,0.1272727272727273,14.999922665266721,448.4285296838417,0.021318147144300182,Healthcare Resources,1,73.0,36.5,56.23333333333333,63.88000000000001,-0.0913793103448274
Sudan,2019,77.2,0.63825524,35.5456510407433,53.9452462094465,62.5,0.72,4.57422638,35.51281357,20.3,1.03844607,22.7021122,5.56284285,8.06215922,70.75403595,6.54384565,37.9294050636576,4.617,159.00986380737052,0.66,3.939,93.0,65.5908607328818,67.0,65.876,1.50354925742649,20.3,22.8,15.8,159.00986380737052,159.00986380737052,159.00986380737052,0.933,0.474,67.37359619,61.6056535311679,36.7782607644713,14.2600000000002,0.085,20.3,88.8,31.5,10.8,0.0,3.58,0.97,69.3,68.5,47.0,45.0,3.939,0.12878787878787878,14.728959739417183,394.4105883476228,0.028766934770420024,Healthcare Resources,1,58.0,77.7,62.633333333333326,63.78,0.4648956356736242
Sudan,2020,61.8,0.80074435,235.9845,235.9845,57.0,0.74,3.01518917,23.34439278,4.8,1.03047943,34.17627716,9.58832169,7.97824481,58.92655563,6.89716196,37.6486773475326,4.542,235.9845,0.66,0.377445191144943,90.0,73.3983779796907,62.0,65.614,1.27661160623555,4.8,182.744,182.744,168.518,235.9845,235.9845,0.486,0.486,52.96360779,62.7441109270103,36.8920833728428,12.5112909881827,0.083,4.8,95.0,37.5,11.1,6.05,26.08,8.03,59.5,71.0,97.7,97.7,3.873,0.12575757575757576,17.565600300295586,489.00087797969064,0.012777064468217194,Healthcare Resources,1,58.0,73.0,63.9,61.54,-0.1994818652849741
Sudan,2021,96.1,0.55011779,66.072,66.072,25.2,0.73,2.83633852,21.58010864,18.9,0.76719153,27.04865837,7.86141205,5.83712958,62.5420723,10.40927315,17.0837829480782,4.457,189.89374196854675,0.73,3.821,84.0,72.8444750072165,58.0,65.267,66.072,37.3,189.89374196854675,189.89374196854675,174.373,189.89374196854675,66.072,189.89374196854675,0.568,56.85788345,63.8820096510733,36.0718806213065,10.7625819763657,0.081,37.3,97.0,26.7,11.0,0.0,1.97,0.35,61.6,72.9,49.0,44.0,3.821,0.11095890410958904,20.046226164146304,448.1112169757632,0.014936450725531545,Healthcare Resources,1,52.7,58.0,78.36666666666666,69.16,0.5550161812297734
Sweden,2002,99.6,0.41326061,211.35,211.35,89.0,0.4199999869,8.21,211.35,44.0,6.78,82.57,12.64,211.35,17.43,0.0,0.0,1.65,211.35,3.13,5.752,99.0,0.543103193229414,4.8,79.8463414634146,0.0098611409446353,3.0,12.7,211.35,53.316,84.604,5.0,0.305,10.69,16.51,99.5058212956933,99.177421446522,46.7269188678981,3.213,211.35,0.2,3.1,2.5,0.1,3.0,0.5,28.46427345,28.46427345,86.4,86.4,5.752,1.0265175718849842,2.0109622411693056,140.96310319322944,0.038845516915069794,Healthcare Resources,3,99.71176470588236,99.6866666666667,99.6,99.6,0.0
Sweden,2003,99.6,0.44643751,234.75,234.75,100.0,0.4,8.32,234.75,234.75,6.91,83.13,12.85,234.75,16.87,0.0,0.0,1.71,234.75,3.05,5.674,99.0,0.351886136737964,5.1,80.0951219512195,0.0097350551055913,5.0,12.3,234.75,52.088,82.312,6.0,234.75,10.8,15.88,99.5183735264399,99.1616384999579,47.6184186237104,3.283,18.9,2.81,2.5,2.5,0.0,3.3,0.6,0.0,0.0,84.5,84.5,5.674,1.076393442622951,1.9086538461538463,137.25188613673797,0.0354419595314164,Healthcare Resources,3,99.71176470588236,99.6866666666667,99.6,99.6,0.0
Sweden,2004,99.8,0.41250724,226.5167493798257,226.5167493798257,93.0,0.326,8.13,226.5167493798257,226.5167493798257,6.72,82.69,12.81,226.5167493798257,17.31,0.0,0.0,1.75,226.5167493798257,3.01,5.573,99.0,0.258612251935027,5.5,80.4975609756098,0.0091829305640191,4.0,12.0,226.5167493798257,50.547,81.84,5.0,0.413,10.99,16.28,99.5308577359244,99.1458237487489,48.4807001161199,3.37,19.2,100.0,1.2,2.5,0.0,3.2,0.5,0.0,0.0,79.9,79.9,5.573,1.1196013289036546,2.002460024600246,135.14561225193503,0.035891385613906764,Healthcare Resources,3,99.71176470588236,99.6866666666667,99.66666666666669,99.66666666666669,0.002008032128514
Sweden,2005,99.8,0.4640432,227.835,227.835,102.0,0.321,8.15,227.835,227.835,6.71,82.29,12.83,227.835,17.71,0.0,0.0,1.77,227.835,2.93,5.436,98.0,0.4083799932583,6.9,80.5463414634146,0.0088389483822149,2.0,11.8,227.835,51.076,79.604,5.0,0.448,11.18,16.64,99.5432668281799,99.1299694658713,49.3504746837897,3.447,19.3,0.74,0.024,2.5,0.0,2.03,0.34,0.0,0.0,26.0,76.0,5.436,1.1764505119453925,2.0417177914110427,133.58837999325831,0.035771501305769525,Healthcare Resources,3,99.6,99.6866666666667,99.73333333333332,99.7,0.0
Sweden,2006,99.8,0.48383656,221.3,221.3,112.0,0.332,8.05,221.3,221.3,6.63,82.36,12.98,221.3,17.64,0.0,0.0,1.85,221.3,2.88,5.28,98.0,0.609789817253335,6.2,80.7487804878049,0.0089636770283959,6.0,11.4,221.3,49.434,77.773,5.0,0.295,11.33,16.54,99.5560777778459,99.1141273291373,50.2280357734339,3.534,19.5,0.77,3.1,2.5,0.0,9.11,1.03,0.0,0.0,74.1,74.1,5.28,1.2270833333333333,2.0546583850931674,130.31678981725332,0.03637596023497515,Healthcare Resources,3,99.6,99.6866666666667,99.8,99.72,0.0
Sweden,2007,99.6,0.61307919,237.0119942425,237.0119942425,106.0,0.347,8.0,237.0119942425,237.0119942425,6.6,82.52,13.38,237.0119942425,17.48,0.0,0.0,1.88,237.0119942425,2.86,5.1,98.0,0.65976544701405,5.8,80.9,0.0088276896365034,2.0,11.2,237.0119942425,47.552,77.631,5.0,237.0119942425,11.46,16.34,99.5691927538968,99.0982564446482,51.1127958841887,3.62,13.5,100.0,1.9,2.5,0.0,10.36,0.49,0.0,0.0,51.7,51.7,5.1,1.2657342657342658,2.0425,128.34276544701405,0.03375356604026866,Healthcare Resources,3,99.8,99.6,99.73333333333332,99.72,-0.002004008016032
Sweden,2008,99.8,0.47915494,234.3186860425,234.3186860425,101.0,0.362,8.21,234.3186860425,234.3186860425,6.77,82.5,13.54,234.3186860425,17.5,0.0,0.0,1.91,234.3186860425,2.8,4.901,98.0,0.313763410581708,6.4,81.1,0.0087131681479701,5.0,11.1,234.3186860425,47.389,75.892,5.0,0.67,11.5,16.33,99.5821455649092,99.0822922746315,52.0050439552417,3.679,14.4,98.3,2.3,2.5,0.0,6.9,0.47,0.1,0.0,95.8,95.8,4.901,1.3139285714285716,1.9890377588306938,126.09476341058172,0.03503775195509118,Healthcare Resources,3,99.8,99.6,99.73333333333332,99.76,0.002008032128514
Sweden,2009,99.8,0.54793304,231.2848183675,231.2848183675,95.0,0.377,8.77,231.2848183675,231.2848183675,7.24,82.51,13.81,231.2848183675,17.49,0.0,0.0,1.94,231.2848183675,2.76,4.716,98.0,0.264027489436695,7.1,81.3512195121951,0.0086409966789955,5.0,10.6,231.2848183675,46.728,74.488,6.0,0.661,11.53,16.4,99.5949288035444,99.0662426749264,52.9050782928433,3.75,14.8,3.19,0.055,2.5,0.0,9.05,0.42,0.1,0.0,86.3,86.3,4.716,1.358695652173913,1.870011402508552,123.98002748943671,0.037918615073406624,Healthcare Resources,3,99.8,99.8,99.73333333333332,99.76,0.0
Sweden,2010,99.9,0.58610934,4.53888243821254,90.6386642834919,83.0,0.74,8.32,202.106732545,202.106732545,6.86,82.49,13.6,202.106732545,17.51,0.0,0.0,1.98,202.106732545,2.73,0.762113332748413,98.0,0.370802642854133,7.5,81.4512195121951,0.0078866483571266,2.0,10.4,202.106732545,43.121,71.863,5.0,202.106732545,11.61,16.38,99.6075336874398,99.0500976840453,53.812311723031,3.807,15.4,0.41,7.1,2.5,0.0,9.29,1.08,0.1,0.0,39.0,81.0,4.532,1.3945054945054944,1.9687499999999998,117.85480264285414,0.04116636737050565,Healthcare Resources,3,99.6,99.8,99.83333333333331,99.78,0.001002004008016
Sweden,2011,99.9,0.55770832,212.6013216166874,212.6013216166874,80.0,0.72,10.42,212.6013216166874,4.2,8.8,84.48,17.67,212.6013216166874,15.52,0.0,0.0,1.9,212.6013216166874,2.7,4.357,98.0,0.146721671313821,6.5,81.8024390243903,0.0085072424690325,1.0,10.1,212.6013216166874,43.573,70.821,5.0,0.64,11.62,14.55,99.6205707167792,99.0338223555412,54.7270312962107,3.882,15.2,0.84,1.3,2.5,0.0,9.19,0.5,0.0,0.0,64.56,98.0,4.357,1.4377777777777778,1.3963531669865643,117.04072167131383,0.04901192485899448,Healthcare Resources,3,99.8,99.8,99.86666666666667,99.8,0.0
Sweden,2012,98.1,0.55659932,208.5891432775,208.5891432775,72.0,0.71,10.74,208.5891432775,33.0,9.04,84.22,17.73,208.5891432775,15.78,0.0,0.0,1.91,208.5891432775,2.65,4.233,98.0,0.113401136083666,7.2,81.7048780487805,0.0085778749677368,4.0,9.8,208.5891432775,43.703,68.068,6.0,208.5891432775,11.64,14.81,99.6338807340891,99.0173494884618,55.6495360555589,3.954,16.0,0.45,2.2,2.5,0.0,9.39,0.64,0.0,0.0,85.45,51.2,4.233,1.4920754716981133,1.3789571694599627,114.38440113608367,0.051488777561696314,Healthcare Resources,3,99.8,99.6,99.3,99.5,-0.0180180180180181
Sweden,2013,99.9,0.48322913,237.37725,237.37725,66.0,0.77,10.9,237.37725,237.37725,9.16,84.02,17.74,237.37725,15.98,0.0,0.0,1.89,237.37725,2.58,4.159,98.0,0.109214043842452,7.3,81.9560975609756,0.0085771334059137,5.0,9.8,224.606,43.703,67.302,6.0,0.29,11.66,14.93,99.6468240649313,99.0006982963086,56.5792334362488,4.024,15.6,0.51,0.099,2.5,0.0,7.5,0.58,0.1,0.0,121.48,99.4,4.159,1.5596899224806202,1.3697247706422018,113.61421404384247,0.045918469440521366,Healthcare Resources,3,99.9,99.8,99.3,99.52,0.0183486238532111
Sweden,2014,99.9,0.43591252,205.928560445,205.928560445,65.0,0.71,10.95,205.928560445,47.0,9.2,84.03,18.14,205.928560445,15.97,0.0,0.0,1.88,205.928560445,2.52,4.112,97.0,0.157386291230193,7.5,82.2536585365854,0.0083184177444783,3.0,9.1,205.928560445,42.586,66.376,5.0,205.928560445,11.65,14.92,99.6594134102182,98.9838638258218,57.5210496360148,4.089,16.3,2.25,1.6,2.5,0.0,8.7,0.4,0.0,0.0,114.03,79.1,4.112,1.6226190476190478,1.3625570776255709,111.6193862912302,0.053173780151415946,Healthcare Resources,3,99.9,99.8,99.3,99.54,0.0
Sweden,2015,99.9,0.45552984,5.8738291247966,88.9668585102809,61.0,0.74,10.8,207.26762379,207.26762379,9.07,83.96,18.39,207.26762379,16.04,0.0,0.0,1.85,207.26762379,2.43,4.081,98.0,0.175649539109056,9.2,82.2048780487805,0.0077414539050204,1.0,9.2,207.26762379,39.95,66.933,5.0,207.26762379,11.66,14.9,99.6716730402795,98.9668669088397,58.4752230978059,4.155,16.2,0.93,0.11,2.5,0.0,7.95,0.29,0.1,0.0,113.11,84.0,4.081,1.7098765432098766,1.3796296296296295,109.55864953910907,0.05210654612870159,Healthcare Resources,3,98.1,99.9,99.9,99.54,0.0
Sweden,2016,99.9,0.42353997,229.75,229.75,62.0,0.73,10.85,229.75,229.75,9.14,84.26,18.39,229.75,15.74,0.0,0.0,1.85,229.75,2.33,4.06,98.0,0.167608746615111,8.1,82.3073170731707,0.0077016915470225,3.0,9.1,197.06,39.668,63.956,5.0,229.75,11.67,14.49,99.6835913395112,98.9497051029324,59.4411197028295,4.221,15.8,0.5,1.3,2.5,0.0,7.15,0.26,0.1,0.0,43.87,87.0,4.06,1.811587982832618,1.335483870967742,106.29160874661511,0.04722524483133841,Healthcare Resources,3,99.9,99.9,99.9,99.54,0.0
Sweden,2017,99.9,0.38220248,235.0,235.0,58.0,0.72,10.79,235.0,235.0,9.14,84.71,18.56,235.0,15.29,0.0,0.0,1.78,235.0,2.21,0.8,97.0,0.120915832042363,5.6,82.409756097561,0.0078564781302954,0.0,9.0,196.146,39.084,63.288,5.0,235.0,11.67,14.09,99.6951860266427,98.932379673507,60.4192608419464,4.27,16.4,1.57,2.3,2.5,0.0,7.9,0.32,0.0,0.0,142.4,85.0,4.027,1.932126696832579,1.3058387395736795,104.99291583204236,0.04591489361702127,Healthcare Resources,3,99.9,98.1,99.9,99.9,0.0
Sweden,2018,99.9,0.38157806,209.3795,209.3795,59.0,0.72,10.94,209.3795,59.0,9.28,84.78,18.61,209.3795,15.22,0.0,0.0,1.76,209.3795,2.14,0.802509963512421,97.0,0.138497914099779,5.4,82.5585365853659,0.0078914479247868,40.1,8.5,194.728,38.431,62.062,5.0,1.182,11.66,13.96,99.7064550175558,98.9149080830485,61.4095815029197,4.327,17.1,0.15,3.4,2.5,0.0,2.27,0.37,0.1,0.0,85.1,85.1,3.994,2.02196261682243,1.2760511882998173,103.13149791409977,0.0522496232916785,Healthcare Resources,3,99.9,99.9,99.9,99.9,0.0
Sweden,2019,99.8,0.38803828,5.91546177237149,89.0470759204382,57.0,0.72,10.83,159.00986380737052,20.3,9.22,85.12,18.77,159.00986380737052,14.88,0.0,0.0,1.71,159.00986380737052,2.07,3.939,98.0,0.133746356790606,5.3,83.109756097561,0.0078836032523563,20.3,8.4,3.0,37.733,58.136,5.0,0.933,11.63,13.71,99.7174099911848,98.8972906623906,62.4117359707321,4.29,16.1,0.0,0.116,2.5,0.0,2.22,0.46,0.0,0.0,47.0,85.0,3.939,2.0724637681159424,1.2659279778393353,98.50274635679061,0.06810898230263122,Healthcare Resources,3,99.9,99.9,99.86666666666667,99.88,-0.001001001001001
Sweden,2020,99.8,0.48073846,235.9845,235.9845,57.0,0.74,11.33,235.9845,4.8,9.77,86.18,18.76,235.9845,13.82,0.0,0.0,1.67,235.9845,2.05,0.79535710811615,97.0,0.0980951898086813,3.5,82.3560975609756,0.0078494661484597,4.8,182.744,182.744,36.66,60.859,5.0,0.486,6.56,12.83,99.7280724118451,98.8795436059556,63.4259387180091,7.062,15.7,6.05,0.9,2.5,0.0,2.36,0.56,0.0,0.0,97.7,97.7,3.873,3.444878048780488,1.1323918799646955,100.11709518980868,0.04801162788233973,Healthcare Resources,3,99.9,99.9,99.83333333333331,99.86,0.0
Sweden,2021,99.2,0.47270992,66.072,66.072,56.0,0.73,11.25,189.89374196854675,5.0,9.66,85.92,19.55,189.89374196854675,14.08,0.0,0.0,1.67,189.89374196854675,4.44,3.821,98.0,0.075521435546727,3.8,83.0560975609756,66.072,37.3,189.89374196854675,189.89374196854675,36.638,59.257,66.072,189.89374196854675,6.553,13.08,99.7384457673194,98.8616651743284,64.4521093451099,4.126,16.0,0.0,0.081,2.5,0.0,11.1,2.0,0.0,0.0,49.0,85.0,3.821,0.9292792792792792,1.1626666666666667,98.47052143554673,0.05924365849751597,Healthcare Resources,3,99.9,99.9,99.6,99.72,-0.006012024048096
Switzerland,2002,99.3,0.41326061,211.35,211.35,89.0,0.4199999869,9.88000202,211.35,44.0,3.09866619,31.36301231,8.83963394,211.35,68.63698578,0.0,0.0,1.39,211.35,5.95,5.752,93.0,0.543103193229414,9.4,80.3853658536585,0.0127723492413696,4.0,11.4,211.35,51.977,91.8,7.0,0.305,12.32,29.04967117,99.9999980539827,99.8809824980631,46.7269188678981,3.562,211.35,0.2,3.1,2.5,0.1,3.0,0.5,28.46427345,28.46427345,86.4,86.4,5.752,0.5986554621848739,2.940249517276921,146.82010319322941,0.046747111521173404,Healthcare Resources,3,98.5058823529412,98.58,99.3,99.3,0.0
Switzerland,2003,98.9,0.44643751,234.75,234.75,100.0,0.4,10.13696766,234.75,234.75,3.1835897,31.40574074,9.30684757,234.75,68.59426117,0.0,0.0,1.39,234.75,5.83,5.674,93.0,0.351886136737964,9.0,80.5365853658537,0.0123325281552156,5.0,11.5,234.75,50.145,90.441,6.0,234.75,12.86,28.62252808,100.0,99.8810046485801,47.6184186237104,3.659,234.75,2.81,2.5,2.5,0.0,3.3,0.6,1.6,0.0,84.5,84.5,5.674,0.6276157804459691,2.8235789084089866,143.43788613673797,0.04318197086261981,Healthcare Resources,3,98.5058823529412,98.58,99.1,99.1,-0.0040281973816715
Switzerland,2004,99.0,0.41250724,226.5167493798257,226.5167493798257,93.0,0.326,10.22576523,226.5167493798257,226.5167493798257,3.15826011,30.88531685,9.30845737,226.5167493798257,69.11468506,0.0,0.0,1.42,226.5167493798257,5.68,5.573,93.0,0.258612251935027,8.6,81.0878048780488,0.0124400489053926,5.0,11.0,226.5167493798257,47.738,87.49,6.0,0.413,12.74,28.75733566,99.9999983594192,99.8810190736568,48.4807001161199,3.697,226.5167493798257,100.0,1.2,2.5,0.0,3.2,0.5,1.7,0.0,79.9,79.9,5.573,0.6508802816901409,2.8122428994978987,137.98661225193504,0.04514352805254735,Healthcare Resources,3,98.5058823529412,98.58,99.06666666666666,99.06666666666666,0.0010111223458038
Switzerland,2005,98.8,0.4640432,227.835,227.835,102.0,0.321,10.05823421,227.835,227.835,3.12288141,31.04800797,9.39204693,227.835,68.95198822,0.0,0.0,1.42,227.835,5.55,5.436,94.0,0.4083799932583,8.0,81.2365853658537,0.0130535047167999,5.0,10.8,227.835,46.004,84.241,7.0,0.448,12.93,27.14404869,100.0,99.8810399898821,49.3504746837897,3.741,227.835,0.74,0.024,2.5,0.0,2.03,0.34,1.4,0.0,26.0,79.0,5.436,0.674054054054054,2.6986892652602092,133.1533799932583,0.044147010819233216,Healthcare Resources,3,99.3,98.58,98.9,99.0,-0.002020202020202
Switzerland,2006,100.0,0.48383656,221.3,221.3,112.0,0.332,9.58019924,221.3,221.3,2.9323988,30.60895157,9.34170818,221.3,69.39105225,0.0,0.0,1.44,221.3,5.4,5.28,94.0,0.609789817253335,7.3,81.490243902439,0.0123931154839238,8.0,10.4,221.3,46.738,79.749,7.0,0.295,13.35,27.3494606,100.0,99.8810610841324,50.2280357734339,3.792,15.0,0.77,3.1,2.5,0.0,9.11,1.03,2.2,0.1,74.1,74.1,5.28,0.7022222222222222,2.8547903769901133,129.59678981725332,0.043290552372345234,Healthcare Resources,3,98.9,98.58,99.26666666666668,99.2,0.0121457489878542
Switzerland,2007,98.8,0.61307919,237.0119942425,237.0119942425,106.0,0.347,9.41693878,237.0119942425,237.0119942425,2.89200497,30.71067238,9.55602741,237.0119942425,69.28932953,0.0,0.0,1.46,237.0119942425,5.37,5.1,94.0,0.65976544701405,6.4,81.7414634146342,0.0116509232012326,1.0,10.4,237.0119942425,45.549,78.545,6.0,237.0119942425,13.61,27.33333206,99.9999990806574,99.8810752621757,51.1127958841887,3.789,15.7,100.0,1.9,2.5,0.0,10.36,0.49,2.4,0.1,51.7,51.7,5.1,0.705586592178771,2.902570856471045,127.25376544701405,0.03973190812598713,Healthcare Resources,3,99.0,99.3,99.2,99.1,-0.012
Switzerland,2008,98.7,0.47915494,234.3186860425,234.3186860425,101.0,0.362,9.53167629,234.3186860425,234.3186860425,3.01256061,31.60577965,9.77972221,234.3186860425,68.39421844,0.0,0.0,1.48,234.3186860425,5.22,4.901,95.0,0.313763410581708,7.0,81.9926829268293,0.0114786165840548,10.0,10.1,234.3186860425,42.969,75.467,6.0,0.67,13.89,26.49785995,99.9999979288144,99.8810926001485,52.0050439552417,3.822,15.6,98.3,2.3,2.5,0.0,6.9,0.47,2.0,0.1,95.8,95.8,4.901,0.7321839080459771,2.779979003042706,121.24976341058172,0.04067825938675319,Healthcare Resources,3,98.8,98.9,99.16666666666669,99.06,-0.0010121457489877
Switzerland,2009,98.6,0.54793304,231.2848183675,231.2848183675,95.0,0.377,10.1415062,231.2848183675,231.2848183675,3.26037979,32.14887238,9.97373199,231.2848183675,67.85113525,0.0,0.0,1.5,231.2848183675,5.11,4.716,95.0,0.264027489436695,7.5,82.0439024390244,0.0108959094872501,4.0,9.8,231.2848183675,42.165,75.903,6.0,0.661,14.17,26.20129585,99.999997222233,99.8811096720377,52.9050782928433,3.837,15.0,3.19,0.055,2.5,0.0,9.05,0.42,1.5,0.0,86.3,86.3,4.716,0.7508806262230919,2.5835704611608876,120.83202748943671,0.04384855984747626,Healthcare Resources,3,100.0,99.0,98.7,98.98,-0.0010131712259372
Switzerland,2010,98.5,0.58610934,3.63047104736056,90.6957485730542,83.0,0.74,9.93353558,202.106732545,202.106732545,3.36403418,33.86542892,10.3945961,202.106732545,66.13457489,0.0,0.0,1.52,202.106732545,5.2,0.768143713474274,95.0,0.370802642854133,7.5,82.2463414634147,0.0113098481300758,4.0,9.7,202.106732545,42.675,71.146,6.0,202.106732545,14.93,25.58391571,99.9999976280164,99.8811285661122,53.812311723031,3.81,15.0,0.41,7.1,2.5,0.0,8.15,0.46,1.5,0.0,39.0,82.0,4.532,0.7326923076923076,2.5755095458167174,116.69180264285413,0.049149948915176545,Healthcare Resources,3,98.8,98.8,98.59999999999998,98.92,-0.0010141987829613
Switzerland,2011,98.4,0.55770832,212.6013216166874,212.6013216166874,80.0,0.72,10.04628563,212.6013216166874,5.9,3.47254539,34.56546402,10.72956944,212.6013216166874,65.43453217,0.0,0.0,1.52,212.6013216166874,5.05,4.357,96.0,0.146721671313821,7.6,82.6951219512195,0.0112981174063487,4.0,9.4,212.6013216166874,40.045,68.348,6.0,0.64,15.46,25.13305092,99.9999991605815,99.8840035898045,54.7270312962107,3.834,15.9,0.84,1.3,2.5,0.0,9.19,0.5,1.1,0.0,64.56,98.0,4.357,0.7592079207920792,2.501725697002704,111.03972167131383,0.047254107141032245,Healthcare Resources,3,98.7,100.0,98.5,98.6,-0.0010152284263958
Switzerland,2012,98.1,0.55659932,208.5891432775,208.5891432775,72.0,0.71,10.14446354,208.5891432775,33.0,3.59639931,35.45184326,11.00183201,208.5891432775,64.54816437,0.0,0.0,1.52,208.5891432775,4.98,4.233,96.0,0.113401136083666,6.0,82.6975609756098,0.0103053840740746,7.0,9.4,208.5891432775,39.904,66.999,6.0,208.5891432775,15.88,25.01251602,100.0,99.8868721958477,55.6495360555589,3.916,14.5,0.45,2.2,2.5,0.0,9.39,0.64,1.1,0.0,49.33,51.2,4.233,0.7863453815261043,2.46563220631379,109.51640113608366,0.04863370825826801,Healthcare Resources,3,98.6,98.8,98.33333333333331,98.46,-0.0030487804878049
Switzerland,2013,98.0,0.48322913,237.37725,237.37725,66.0,0.77,10.37922478,237.37725,237.37725,3.51020193,33.81949997,10.43791008,237.37725,66.18049622,0.0,0.0,1.52,237.37725,4.85,4.159,96.0,0.109214043842452,6.6,82.7975609756098,0.010088562752233,2.0,9.1,224.606,38.848,66.885,6.0,0.29,16.22,24.77769089,99.9999992997273,99.8897331821113,56.5792334362488,4.041,13.8,0.51,0.099,2.5,0.0,7.5,0.58,1.2,0.0,36.27,99.4,4.159,0.8331958762886599,2.3872390679643805,108.34221404384246,0.043724597786856154,Healthcare Resources,3,98.5,98.7,98.16666666666669,98.32,-0.0010193679918449
Switzerland,2014,97.9,0.43591252,205.928560445,205.928560445,65.0,0.71,10.42800808,205.928560445,47.0,3.54118371,33.95838928,10.6450367,205.928560445,66.04161072,0.0,0.0,1.54,205.928560445,4.73,4.112,96.0,0.157386291230193,5.9,83.1975609756098,0.0093411296857975,4.0,8.8,205.928560445,36.652,63.344,6.0,205.928560445,16.46,24.33957672,99.9999972090687,99.8925889720649,57.5210496360148,4.126,15.6,2.25,1.6,2.5,0.0,8.7,0.4,1.3,0.0,96.27,79.1,4.112,0.8723044397463002,2.3340580994256386,102.65338629123019,0.050638959731790785,Healthcare Resources,3,98.4,98.6,98.0,98.18,-0.0010204081632652
Switzerland,2015,97.9,0.45552984,4.59482082386875,89.7083775891724,61.0,0.74,10.77887917,207.26762379,207.26762379,3.60796261,33.47252274,10.73358727,207.26762379,66.52748108,0.0,0.0,1.54,207.26762379,4.73,4.081,96.0,0.175649539109056,7.4,82.8975609756098,0.0090125494052632,7.0,8.8,207.26762379,36.484,62.284,6.0,207.26762379,16.89,23.9412899,99.9999962502182,99.895441126539,58.4752230978059,4.197,14.7,0.93,0.11,2.5,0.0,7.95,0.29,1.2,0.0,133.3,84.0,4.081,0.8873150105708244,2.2211298152997108,101.44364953910906,0.05200464487845422,Healthcare Resources,3,98.1,98.5,97.93333333333334,98.06,0.0
Switzerland,2016,97.8,0.42353997,229.75,229.75,62.0,0.73,10.9900341,229.75,229.75,3.69161081,33.5905304,10.9634409,229.75,66.4094696,0.0,0.0,1.54,229.75,4.69,4.06,96.0,0.167608746615111,7.9,83.6024390243903,0.0140371863981474,8.0,8.5,197.06,35.896,58.204,7.0,229.75,17.34,23.29603767,100.0,99.8982954640727,59.4411197028295,4.251,15.5,0.5,1.3,2.5,0.0,7.15,0.26,1.5,0.0,43.87,87.0,4.06,0.9063965884861407,2.1197420734117647,96.76760874661511,0.04783475125136018,Healthcare Resources,3,98.0,98.4,97.86666666666667,97.94,-0.0010214504596527
Switzerland,2017,97.9,0.38220248,235.0,235.0,58.0,0.72,11.0451622,235.0,235.0,3.73826313,33.84525299,11.0906496,235.0,66.15475464,0.0,0.0,1.52,235.0,4.65,0.767,96.0,0.120915832042363,7.2,83.5512195121951,0.0085680519516295,0.0,8.2,196.146,34.265,60.213,5.0,0.482,17.54,23.40680122,100.0,99.8998737205154,60.4192608419464,4.298,14.6,1.57,2.3,2.5,0.0,7.9,0.32,1.4,0.0,94.76,86.0,4.027,0.9243010752688171,2.1191903564802335,97.09891583204237,0.047000690212765955,Healthcare Resources,3,97.9,98.1,97.86666666666667,97.9,0.0010224948875257
Switzerland,2018,98.0,0.38157806,209.3795,209.3795,59.0,0.72,10.77226162,209.3795,59.0,3.68356085,34.19487,11.16564178,209.3795,65.80513,0.0,0.0,1.52,209.3795,4.63,0.766107618808746,96.0,0.138497914099779,6.4,83.7536585365854,0.0129565206040035,40.1,8.1,194.728,35.152,57.573,6.0,1.182,17.92,23.74767685,100.0,99.8998745805806,61.4095815029197,4.339,16.0,0.15,3.4,2.5,0.0,2.27,0.37,1.7,0.1,85.1,85.1,3.994,0.9371490280777539,2.204520989901469,95.36349791409977,0.05144850197846494,Healthcare Resources,3,97.9,98.0,97.9,97.9,0.0010214504596526
Switzerland,2019,98.0,0.38803828,4.74880946988912,89.5529243677502,57.0,0.72,11.06363678,159.00986380737052,20.3,3.72409916,33.6607132,11.19768238,159.00986380737052,66.3392868,0.0,0.0,1.48,159.00986380737052,4.59,3.939,96.0,0.133746356790606,5.4,83.9048780487805,0.0123853772731891,20.3,7.9,2.5,32.207,54.626,6.0,0.933,18.29,23.77205276,99.9999987245773,99.899872396117,62.4117359707321,4.35,15.5,0.0,0.116,2.5,0.0,2.22,0.46,1.4,0.0,47.0,86.0,3.939,0.9477124183006536,2.1486653288341233,89.46674635679061,0.06957830486165835,Healthcare Resources,3,97.8,97.9,97.96666666666664,97.92,0.0
Switzerland,2020,98.0,0.48073846,235.9845,235.9845,57.0,0.74,11.73206806,235.9845,4.8,4.21294785,35.9096756,10.95618057,235.9845,64.0903244,0.0,0.0,1.46,235.9845,4.48,0.756115138530731,96.0,0.0980951898086813,4.7,83.0,0.0128598135592329,4.8,182.744,182.744,32.498,56.763,6.0,0.486,18.71,22.89645958,99.9999976034203,99.8998713422797,63.4259387180091,4.389,14.7,6.05,0.9,2.5,0.0,2.36,0.56,1.1,0.0,97.7,97.7,3.873,0.9796874999999999,1.9516132588818274,91.85909518980867,0.049715418004148575,Healthcare Resources,3,97.9,97.9,98.0,97.94,0.0
Switzerland,2021,99.2,0.47270992,66.072,66.072,56.0,0.73,11.80107975,189.89374196854675,4.6,4.27358341,36.21349335,11.71908569,189.89374196854675,63.78650284,0.0,0.0,1.52,189.89374196854675,4.44,3.821,96.0,0.075521435546727,4.7,83.7512195121951,66.072,37.3,189.89374196854675,189.89374196854675,33.004,56.868,66.072,189.89374196854675,9.167,22.70652771,100.0,99.8998738850558,64.4521093451099,4.443,15.8,0.0,0.081,2.5,0.0,11.1,2.0,1.0,0.0,49.0,86.0,3.821,1.0006756756756754,1.9241059454750318,92.44752143554673,0.06214570120986233,Healthcare Resources,3,98.0,97.8,98.40000000000002,98.22,0.0122448979591835
Uganda,2002,85.0,0.20895284,211.35,211.35,89.0,0.4199999869,4.77135611,15.7368412,44.0,1.46625304,30.73032188,8.74788189,4.83598188,45.13589478,24.13378525,10.5081637230753,6.779,211.35,0.34,5.752,57.0,211.35,211.35,49.648,3.05961254362217,44.0,29.3,211.35,211.35,211.35,211.35,0.305,0.767,44.01218414,28.9911541004358,16.8151542285613,4.11569206616851,0.047,38.8,86.4,51.4,19.3,2.47,9.57,0.74,28.46427345,28.46427345,86.4,86.4,5.752,0.13823529411764704,9.224250532832269,653.35,0.022575614431038563,Healthcare Resources,1,40.82941176470588,38.24,85.0,85.0,0.0
Uganda,2003,13.9,0.10515158,234.75,234.75,34.3,0.185,4.29918194,14.2323103,234.75,1.47299016,34.26210022,8.94947052,4.8762884,47.10014725,18.63775635,16.7148809313568,6.702,234.75,0.39,5.674,59.0,234.75,234.75,50.368,2.89278439482387,234.75,29.0,234.75,234.75,234.75,234.75,234.75,0.272,45.41841125,30.3158892746361,17.0321532501804,5.37237233572651,0.268,17.4,39.7,47.8,18.2,5.51,22.53,10.34,90.3,96.5,84.5,84.5,5.674,0.6871794871794872,10.564431067088078,722.45,0.018313874078807243,Healthcare Resources,1,40.82941176470588,38.24,49.45,49.45,-0.8364705882352941
Uganda,2004,13.2,0.17075062,226.5167493798257,226.5167493798257,93.0,0.151,4.7002449,18.61294365,226.5167493798257,1.36702383,29.08409882,8.76694775,5.41340693,40.19822311,30.71767807,9.9938486992202,6.653,226.5167493798257,0.7,5.573,62.0,226.5167493798257,226.5167493798257,51.547,2.86668768249484,40.0,28.9,226.5167493798257,226.5167493798257,226.5167493798257,226.5167493798257,0.413,0.699,38.37783051,31.6653580235931,17.2487008096089,6.63656847440678,0.081,38.7,48.7,50.5,18.0,0.49,0.82,0.18,85.3,96.3,79.9,79.9,5.573,0.11571428571428573,8.165070400906131,697.5502481394772,0.020750098669827632,Healthcare Resources,1,40.82941176470588,38.24,37.36666666666667,37.36666666666667,-0.0503597122302158
Uganda,2005,26.1,0.18209353,227.835,227.835,3.7,0.194,5.80518579,25.88375473,227.835,1.03251171,17.78602409,7.13494539,4.60369083,50.22586441,31.9881134,25.9444164698705,6.572,227.835,1.0,5.436,64.0,227.835,227.835,52.976,2.85124566138117,227.835,28.9,227.835,227.835,227.835,227.835,0.448,1.346,48.59888458,33.0370258975585,17.4642525560946,7.90815468935611,0.12,31.1,27.6,46.2,18.6,3.65,20.3,2.2,92.6,97.1,26.0,28.0,5.436,0.12,8.371632939589347,702.105,0.02547978049904536,Healthcare Resources,1,85.0,38.24,17.733333333333334,34.55,0.9772727272727276
Uganda,2006,41.9,0.24639018,221.3,221.3,61.3,0.614,6.46332979,31.62604523,221.3,0.98066223,15.17270851,7.16084242,4.79852763,55.57476044,29.25253105,25.5402113303476,6.481,221.3,1.1,5.28,64.0,221.3,221.3,54.369,2.76006737088644,221.3,28.1,221.3,221.3,221.3,221.3,0.295,0.281,54.05321884,34.4326103679449,17.6794433895241,9.18779618487993,0.313,26.6,93.5,38.4,19.1,0.77,22.0,2.7,94.3,96.9,74.1,74.1,5.28,0.28454545454545455,8.36306061987284,683.0,0.02920618974243109,Healthcare Resources,1,13.9,38.24,27.066666666666663,36.02,0.6053639846743293
Uganda,2007,18.0,0.19311346,237.0119942425,237.0119942425,10.0,0.218,6.1131134,36.13018799,237.0119942425,1.03104365,16.8660984,7.79203367,6.0937531,56.0913353,27.04256248,29.0939572034336,6.379,237.0119942425,0.36,5.1,73.0,237.0119942425,222.0,55.236,2.42258658645679,237.0119942425,26.3,237.0119942425,237.0119942425,237.0119942425,237.0119942425,237.0119942425,0.161,54.48364639,35.8500319866444,17.893860360696,10.4754380865336,0.326,33.7,51.7,43.2,19.4,0.37,4.84,0.07,94.1,96.8,51.7,51.7,5.1,0.9055555555555557,8.912585588548055,730.4359827275,0.02579242210731891,Healthcare Resources,1,13.2,85.0,28.666666666666668,22.62,-0.5704057279236276
Uganda,2008,24.0,0.27035642,234.3186860425,234.3186860425,33.2,0.296,5.45476198,40.08214951,234.3186860425,0.93857908,17.20660019,7.2500844,6.89677514,54.33587646,28.45752525,54.3629957642085,6.251,234.3186860425,0.38,4.901,71.0,234.3186860425,217.0,55.823,2.4847226990928,234.3186860425,25.1,234.3186860425,234.3186860425,234.3186860425,234.3186860425,229.0,0.161,52.74197388,37.2895087674594,18.107742128752,11.7715170406208,0.339,15.4,36.0,30.8,19.7,1.87,14.55,3.6,91.9,95.5,95.8,95.8,4.901,0.8921052631578947,9.668978055024136,722.6560581274999,0.023279244485907676,Healthcare Resources,1,26.1,13.9,27.96666666666667,24.64,0.3333333333333332
Uganda,2009,24.4,0.25321814,231.2848183675,231.2848183675,59.6,0.363,5.78845549,44.42161942,231.2848183675,0.82671541,14.28214169,7.03202295,6.34435927,44.22186279,41.49599457,28.4948602220509,6.174,231.2848183675,0.4,4.716,79.0,231.2848183675,213.0,56.488,2.50254122953573,54.0,24.6,231.2848183675,231.2848183675,231.2848183675,231.2848183675,0.661,0.171,42.84917831,38.7494337829867,18.3208073608516,13.0760333397783,0.353,24.5,94.2,38.2,19.7,3.18,16.77,1.42,81.4,92.5,86.3,86.3,4.716,0.8825,7.402523589241593,713.5544551025,0.02502739060374656,Healthcare Resources,1,41.9,13.2,22.133333333333336,26.880000000000003,0.0166666666666666
Uganda,2010,26.5,0.26517209,65.3267869748602,25.2838361938874,49.1,0.578,6.80890226,51.96447372,202.106732545,1.09717655,16.11385536,7.11343718,8.37347951,38.75179291,45.13435364,32.2946674910643,6.071,202.106732545,0.5,0.34381103515625,80.0,202.106732545,202.106732545,57.055,2.26645403387177,202.106732545,24.1,202.106732545,202.106732545,202.106732545,202.106732545,202.106732545,0.182,37.39066696,40.229957437106,18.5332942492702,14.3894552785825,0.362,29.6,52.8,22.7,20.4,3.11,14.22,4.52,75.7,92.1,0.67,36.0,4.532,0.724,5.491438345305312,626.720197635,0.0336896360366618,Healthcare Resources,1,18.0,26.1,24.96666666666667,26.96,0.0860655737704918
Uganda,2011,57.4,0.12681176,212.6013216166874,212.6013216166874,64.5,0.393,6.6959095,55.3051796,2.8,0.90863341,13.56997776,6.89700985,7.50490046,36.24131393,50.18870926,27.3765271834178,5.935,212.6013216166874,0.55,4.357,82.0,212.6013216166874,207.0,57.965,2.1987525539192,212.6013216166874,23.9,212.6013216166874,212.6013216166874,212.6013216166874,212.6013216166874,212.6013216166874,0.192,33.01004791,41.7298870287119,18.7450509527494,15.711892074304,0.382,38.3,93.3,33.5,21.1,0.84,1.88,0.2,69.3,91.2,12.04,98.0,4.357,0.6945454545454545,4.929882626101801,658.9039648500622,0.03149514522808323,Healthcare Resources,1,24.0,41.9,36.1,30.059999999999995,1.1660377358490566
Uganda,2012,39.9,0.39376155,208.5891432775,208.5891432775,2.5,0.476,6.10853958,55.14218903,33.0,0.9248504,15.1402874,7.05044317,8.34868601,38.84606934,46.01364136,22.2751537524273,5.784,208.5891432775,0.63,4.233,83.0,208.5891432775,205.0,58.817,2.06513207363239,33.0,23.1,208.5891432775,208.5891432775,208.5891432775,208.5891432775,208.5891432775,1.191,37.51226807,43.2488591030294,18.9561823261431,17.0437165647015,0.098,19.7,51.2,33.7,22.4,2.95,15.74,3.59,72.9,91.4,0.95,51.2,4.233,0.15555555555555556,6.140955228123445,648.1674298324999,0.029285031253392723,Healthcare Resources,1,24.4,18.0,41.26666666666667,34.44,-0.3048780487804878
Uganda,2013,36.5,0.09425746,237.37725,237.37725,32.7,0.77,5.78252411,53.0015564,237.37725,0.97432142,16.84941292,7.32427549,8.93045063,45.71916199,37.431427,25.3363022404719,5.618,237.37725,0.59,4.159,84.0,237.37725,203.0,59.763,1.83169678350779,237.37725,22.8,224.606,237.37725,237.37725,237.37725,192.0,1.337,42.51777649,44.7848792369786,19.1662858984987,18.3847150122164,0.418,4.8,58.7,42.0,24.4,4.4,14.63,2.01,79.5,92.3,2.93,99.4,4.159,0.7084745762711865,7.352805743857072,736.53175,0.024360060241661742,Healthcare Resources,1,26.5,24.0,44.6,36.94,-0.0852130325814536
Uganda,2014,42.1,0.11568817,205.928560445,205.928560445,5.0,0.71,5.33653069,51.04053879,47.0,0.95077145,17.81628418,7.00898075,9.09352759,46.20917511,35.97454071,26.1256549656916,5.463,205.928560445,0.6,4.112,85.0,205.928560445,202.0,60.408,1.95931619810301,47.0,22.3,205.928560445,205.928560445,205.928560445,205.928560445,205.928560445,1.249,40.14643478,46.3387388137212,19.3758464383761,19.7357163356066,0.484,11.3,63.9,34.0,27.9,0.28,9.82,2.07,77.3,92.3,3.02,79.1,4.112,0.8066666666666666,7.522946481921197,645.685681335,0.02591447576998576,Healthcare Resources,1,57.4,24.4,39.5,40.48,0.1534246575342466
Uganda,2015,50.5,0.13328831,57.700693349788,30.9851503785501,76.9,0.0,5.0745697,40.15630341,207.26762379,0.76897758,15.15355301,5.08453417,6.08510735,41.92140579,42.92503738,8.87686134474155,5.306,207.26762379,0.77,4.081,89.0,207.26762379,202.0,61.086,1.78619467969753,38.0,21.9,207.26762379,207.26762379,207.26762379,207.26762379,207.26762379,1.588,39.4708519,47.9088089711991,19.5845877472555,21.0966533290833,0.097,23.5,95.4,30.4,33.3,0.86,2.12,0.27,72.3,85.2,5.88,43.0,4.081,0.125974025974026,7.778167260171833,655.10287137,0.024483175940403827,Healthcare Resources,1,39.9,26.5,43.03333333333333,45.28,0.1995249406175772
Uganda,2016,74.2,0.12898347,229.75,229.75,71.5,0.581,4.96169233,39.13254166,229.75,0.77792501,15.6786232,5.17819309,6.13544359,43.05947113,41.26190948,0.0093991266985861,5.174,229.75,0.8,4.06,93.0,229.75,201.0,61.648,1.75054100086866,229.75,22.0,197.06,229.75,229.75,229.75,145.0,1.678,40.60963821,49.4935303861388,19.7922384779092,22.467398206972,0.492,21.4,97.3,28.9,37.5,3.08,15.27,3.77,75.3,90.3,1.05,87.0,4.06,0.615,8.184634497480015,726.75,0.021596049314472253,Healthcare Resources,1,36.5,57.4,55.6,48.64,0.4693069306930693
Uganda,2017,67.8,0.12382711,235.0,235.0,1.1,0.72,3.99788952,31.47759247,235.0,0.63855743,15.97236347,3.92163825,5.02771541,40.88721466,43.14041901,0.106391677695977,5.052,235.0,0.85,0.382,94.0,235.0,201.0,62.115,1.76332959275796,215.0,21.3,196.146,235.0,235.0,235.0,235.0,1.507,38.08950424,51.0921165194054,19.9987800028527,23.8481323914087,0.172,7.9,70.2,21.9,38.9,1.57,9.57,2.54,74.1,91.1,142.4,46.0,4.027,0.20235294117647057,9.527402908322488,743.9,0.017012295829787236,Healthcare Resources,1,42.1,39.9,64.16666666666667,54.220000000000006,-0.0862533692722372
Uganda,2018,52.7,0.10588693,209.3795,209.3795,43.5,0.72,4.02080536,32.99159622,59.0,0.67447674,16.77466774,4.16811514,5.53423091,39.71256638,43.51276779,0.0896128749250666,4.932,209.3795,0.88,0.382125794887543,93.0,209.3795,200.0,62.714,1.5090865418153,59.0,21.1,194.728,209.3795,209.3795,209.3795,1.182,1.274,35.62893295,52.7030927273616,20.2039464819127,25.2386521200514,0.414,40.1,95.1,23.9,38.4,0.15,3.48,0.57,68.8,89.6,2.91,85.1,3.994,0.4704545454545454,8.861143417795285,666.5385,0.019203433765005645,Healthcare Resources,1,50.5,36.5,64.89999999999999,57.46,-0.2227138643067846
Uganda,2019,59.0,0.15759133,51.6605577071455,35.5809226467057,62.5,0.72,3.79834843,33.40487289,20.3,0.57418674,15.11674786,3.13882995,5.04973068,42.86341476,42.01983261,0.0666017138632048,4.809,159.00986380737052,0.88,3.939,93.0,159.00986380737052,159.00986380737052,62.991,1.55476678973034,20.3,21.2,28.1,159.00986380737052,159.00986380737052,159.00986380737052,0.933,0.386,38.26028442,54.3266872423468,20.4080904532095,26.6396920690785,0.627,20.3,95.1,28.0,37.3,0.0,8.2,0.9,70.5,88.8,47.0,48.0,3.939,0.7125,10.072873809525683,514.3295914221115,0.023887501938882463,Healthcare Resources,1,74.2,42.1,59.833333333333336,60.84000000000001,0.1195445920303603
Uganda,2020,61.8,0.41934216,235.9845,235.9845,57.0,0.74,4.30198574,36.87842941,4.8,0.94001567,21.85073853,4.39518547,8.05820931,38.09126282,40.05800629,32.6200673054715,4.693,235.9845,0.34,0.384176582098007,89.0,235.9845,199.0,62.851,1.5157636041432,4.8,182.744,182.744,235.9845,235.9845,235.9845,0.486,1.686,34.00273132,55.9611032232523,20.6108258720445,28.0508355811714,0.158,4.8,95.0,25.4,37.1,6.05,26.08,8.03,70.1,89.2,97.7,97.7,3.873,0.46470588235294114,7.903961885285097,745.0535,0.018229950441660363,Healthcare Resources,1,67.8,50.5,57.833333333333336,63.1,0.0474576271186439
Uganda,2021,96.1,0.53925675,66.072,66.072,25.2,0.73,4.67196703,43.44807434,4.6,1.05270064,22.53227997,4.88157225,9.78984207,35.01169968,42.45602036,55.0053347948531,4.585,189.89374196854675,0.36,3.821,91.0,189.89374196854675,189.89374196854675,62.705,66.072,37.3,189.89374196854675,189.89374196854675,189.89374196854675,189.89374196854675,66.072,189.89374196854675,0.613,31.25317955,57.605574850406,20.8121374661631,29.4722187104803,0.67,37.3,97.0,26.7,36.8,0.0,1.97,0.35,68.9,88.9,49.0,49.0,3.821,1.8611111111111114,6.689512008392747,606.4812259056403,0.02460305948773102,Healthcare Resources,1,52.7,74.2,72.3,67.47999999999999,0.5550161812297734
United Kingdom,2002,99.3,0.41326061,211.35,211.35,89.0,0.4199999869,7.65009499,211.35,44.0,6.13281536,80.16652679,16.28907013,211.35,19.82527161,0.00820465,0.0,1.63,211.35,3.98,5.752,91.0,0.543103193229414,13.0,78.1439024390244,0.0199260488615895,4.0,15.7,211.35,64.844,105.896,77.0,0.305,9.121,14.56150246,99.9999974333758,99.1282474145289,46.7269188678981,2.114,211.35,0.2,3.1,2.5,0.1,3.0,0.5,28.46427345,28.46427345,86.4,86.4,5.752,0.5311557788944723,1.9034407388449956,173.78310319322944,0.03619633304944405,Healthcare Resources,3,98.5058823529412,98.58,99.3,99.3,0.0
United Kingdom,2003,98.9,0.44643751,234.75,234.75,100.0,0.4,8.05579185,234.75,234.75,6.35664082,78.90771484,16.36387444,234.75,21.08385468,0.00843537,0.0,1.7,234.75,3.95,5.674,91.0,0.351886136737964,13.0,78.4463414634146,0.0196922103545758,11.0,15.3,234.75,64.551,103.807,79.0,234.75,9.361,16.28264809,99.9999964375404,99.1269663729202,47.6184186237104,2.201,234.75,2.81,2.5,2.5,0.0,3.3,0.6,0.1,0.1,84.5,84.5,5.674,0.5572151898734177,2.021234956561098,171.20988613673796,0.03431647220447284,Healthcare Resources,3,98.5058823529412,98.58,99.1,99.1,-0.0040281973816715
United Kingdom,2004,99.0,0.41250724,226.5167493798257,226.5167493798257,93.0,0.326,8.30715179,226.5167493798257,226.5167493798257,6.69775248,80.62634277,16.71930313,226.5167493798257,19.36583328,0.00782835,0.0,1.75,226.5167493798257,3.86,5.573,92.0,0.258612251935027,13.0,78.7463414634146,0.0192150247135312,6.0,14.6,226.5167493798257,62.084,99.554,79.0,0.413,9.511,14.85345936,99.9999976821314,99.1256963098224,48.4807001161199,2.331,226.5167493798257,100.0,1.2,2.5,0.0,3.2,0.5,0.1,0.1,79.9,79.9,5.573,0.6038860103626943,1.788032737993343,164.39661225193504,0.036673454889070825,Healthcare Resources,3,98.5058823529412,98.58,99.06666666666666,99.06666666666666,0.0010111223458038
United Kingdom,2005,98.8,0.4640432,227.835,227.835,102.0,0.321,8.36301231,227.835,227.835,6.83087873,81.67964172,16.57209778,227.835,18.3123455,0.0080137,0.0,1.76,227.835,3.72,5.436,91.0,0.4083799932583,15.0,79.0487804878049,0.0191877783493143,8.0,14.2,227.835,61.571,97.444,79.0,0.448,9.634,13.66093445,100.0,99.1244483928736,49.3504746837897,2.408,227.835,0.74,0.024,2.5,0.0,2.03,0.34,0.1,0.1,26.0,79.0,5.436,0.6473118279569892,1.633494480650836,161.9233799932583,0.03670644242543946,Healthcare Resources,3,99.3,98.58,98.9,99.0,-0.002020202020202
United Kingdom,2006,100.0,0.48383656,221.3,221.3,112.0,0.332,8.62893772,221.3,221.3,7.05479813,81.75743866,17.27092361,221.3,18.23441696,0.00814128,0.0,1.82,221.3,3.54,5.28,92.0,0.609789817253335,15.0,79.2487804878049,0.0190313826615346,11.0,13.8,221.3,60.813,99.258,81.0,0.295,9.482,13.69477558,99.9999987151275,99.1231985838478,50.2280357734339,2.46,221.3,0.77,3.1,2.5,0.1,4.0,0.7,0.1,0.1,74.1,74.1,5.28,0.6949152542372882,1.587075492300575,163.18078981725333,0.03899203669227293,Healthcare Resources,3,98.9,98.58,99.26666666666668,99.2,0.0121457489878542
United Kingdom,2007,98.8,0.61307919,237.0119942425,237.0119942425,106.0,0.347,8.62399578,237.0119942425,237.0119942425,7.06524611,81.92543793,17.19756699,237.0119942425,18.06672668,0.00784392,0.0,1.86,237.0119942425,3.39,5.1,92.0,0.65976544701405,15.0,79.4487804878049,0.0185102813437694,7.0,13.6,237.0119942425,60.006,97.559,82.0,237.0119942425,9.146,13.49915886,99.9999996429194,99.1219720252075,51.1127958841887,2.492,237.0119942425,100.0,1.9,2.5,0.1,4.0,0.6,0.1,0.0,51.7,51.7,5.1,0.7351032448377581,1.5653021179933835,160.72476544701405,0.03638632638640353,Healthcare Resources,3,99.0,99.3,99.2,99.1,-0.012
United Kingdom,2008,98.7,0.47915494,234.3186860425,234.3186860425,101.0,0.362,9.02561569,234.3186860425,234.3186860425,7.36308718,81.57989502,16.61664772,234.3186860425,18.41229057,0.00782031,0.0,1.91,234.3186860425,3.34,4.901,92.0,0.313763410581708,15.0,79.6,0.0182796108281342,9.0,13.2,234.3186860425,60.097,96.722,83.0,0.67,9.165,13.81945992,100.0,99.1207558594352,52.0050439552417,2.571,234.3186860425,98.3,2.3,2.5,0.0,4.3,0.6,0.1,0.1,95.8,95.8,4.901,0.7697604790419162,1.5311376414255458,159.6327634105817,0.03851854857347127,Healthcare Resources,3,98.8,98.9,99.16666666666669,99.06,-0.0010121457489877
United Kingdom,2009,98.6,0.54793304,231.2848183675,231.2848183675,95.0,0.377,10.04505444,231.2848183675,231.2848183675,8.15934658,81.22750092,17.28977966,231.2848183675,18.76515961,0.00733529,0.0,1.89,231.2848183675,3.27,4.716,93.0,0.264027489436695,15.0,80.0512195121951,0.0175563270104482,11.0,12.7,231.2848183675,58.132,94.258,79.0,0.661,8.995,14.61379528,100.0,99.1195555384368,52.9050782928433,2.653,231.2848183675,3.19,0.055,2.5,0.1,4.4,0.5,0.1,0.1,86.3,86.3,4.716,0.8113149847094802,1.4548248959017092,155.1540274894367,0.04343153394547026,Healthcare Resources,3,100.0,99.0,98.7,98.98,-0.0010131712259372
United Kingdom,2010,98.5,0.58610934,7.31670708299623,89.3427633545594,83.0,0.74,9.92673969,202.106732545,202.106732545,8.04915714,81.08560181,17.07456398,202.106732545,18.90656853,0.00782608,0.0,1.92,202.106732545,2.93,0.765453696250916,94.0,0.370802642854133,14.0,80.4024390243902,0.0165650154896873,6.0,12.4,202.106732545,57.445,91.112,76.0,202.106732545,8.893,14.83723164,100.0,99.118367727228,53.812311723031,2.656,202.106732545,0.41,7.1,2.5,0.0,1.73,0.44,0.1,0.0,39.0,83.0,4.532,0.9064846416382253,1.4946731860962097,151.42780264285412,0.04911632366224992,Healthcare Resources,3,98.8,98.8,98.59999999999998,98.92,-0.0010141987829613
United Kingdom,2011,98.4,0.55770832,212.6013216166874,212.6013216166874,80.0,0.72,9.92486763,212.6013216166874,5.2,8.04718018,81.08097839,17.63252831,212.6013216166874,18.91049576,0.00852416,0.0,1.91,212.6013216166874,2.88,4.357,95.0,0.146721671313821,15.0,80.9512195121951,0.0157396769576582,4.0,12.0,212.6013216166874,55.743,87.285,73.0,0.64,8.682,14.82185364,99.9999973952721,99.1171871098557,54.7270312962107,2.691,212.6013216166874,0.84,1.3,2.5,0.0,12.28,1.72,0.1,0.0,64.56,98.0,4.357,0.934375,1.4934056747717048,145.67472167131382,0.04668300062543441,Healthcare Resources,3,98.7,100.0,98.5,98.6,-0.0010152284263958
United Kingdom,2012,98.1,0.55659932,208.5891432775,208.5891432775,72.0,0.71,9.95296001,208.5891432775,33.0,8.04715538,80.85187531,17.68024063,208.5891432775,19.1390934,0.00903562,0.0,1.92,208.5891432775,2.8,4.233,95.0,0.113401136083666,15.0,80.9048780487805,0.0144507755081012,10.0,11.7,208.5891432775,54.362,83.932,67.0,208.5891432775,8.415,15.07844067,100.0,99.1160215787313,55.6495360555589,2.697,208.5891432775,0.45,2.2,2.5,0.0,12.34,1.57,0.1,0.0,49.33,51.2,4.233,0.9632142857142858,1.5149704866542513,140.90740113608368,0.047715618625265244,Healthcare Resources,3,98.6,98.8,98.33333333333331,98.46,-0.0030487804878049
United Kingdom,2013,98.0,0.48322913,237.37725,237.37725,66.0,0.77,9.87251186,237.37725,237.37725,7.9630537,80.65883636,18.20179176,237.37725,19.33130074,0.00985875,0.0,1.83,237.37725,2.75,4.159,95.0,0.109214043842452,13.0,81.0048780487805,0.0145363136952682,9.0,11.6,224.606,53.891,85.183,65.0,0.29,8.407,15.31006908,99.9999998056057,99.1148573201611,56.5792334362488,2.706,237.37725,0.51,0.099,2.5,0.0,1.64,0.48,0.0,0.0,36.27,99.4,4.159,0.984,1.550777481669189,141.68321404384247,0.04158996643528392,Healthcare Resources,3,98.5,98.7,98.16666666666669,98.32,-0.0010193679918449
United Kingdom,2014,97.9,0.43591252,205.928560445,205.928560445,65.0,0.71,9.86246872,205.928560445,47.0,7.96374893,80.74802399,18.4877243,205.928560445,19.24232864,0.00964439,0.0,1.81,205.928560445,2.72,4.112,95.0,0.157386291230193,11.0,81.3048780487805,0.0147046577793467,8.0,11.3,205.928560445,53.642,83.899,66.0,205.928560445,8.406,15.29448986,99.9999983476075,99.1137029504261,57.5210496360148,2.742,205.928560445,2.25,1.6,2.5,0.0,2.03,0.4,0.0,0.0,92.39,79.1,4.112,1.0080882352941176,1.5507770208674487,140.19838629123018,0.047892670636301066,Healthcare Resources,3,98.4,98.6,98.0,98.18,-0.0010204081632652
United Kingdom,2015,97.9,0.45552984,8.06694106556286,88.4900017661646,61.0,0.74,9.79776669,207.26762379,207.26762379,7.9161911,80.79587555,18.72927094,207.26762379,19.19352913,0.0105976,0.0,1.8,207.26762379,2.61,4.081,95.0,0.175649539109056,10.0,80.9560975609756,0.014588087227577,8.0,11.3,207.26762379,54.081,84.576,65.0,207.26762379,8.38,15.39231491,100.0,99.112560824957,58.4752230978059,2.773,207.26762379,0.93,0.11,2.5,0.1,3.3,0.5,0.0,0.0,133.3,85.0,4.081,1.0624521072796935,1.5710023923829524,141.33264953910904,0.04727109092506859,Healthcare Resources,3,98.1,98.5,97.93333333333334,98.06,0.0
United Kingdom,2016,97.8,0.42353997,229.75,229.75,62.0,0.73,9.72899723,229.75,229.75,7.90766859,81.2793808,19.09605408,229.75,18.70923615,0.01138824,0.0,1.79,229.75,2.57,4.06,94.0,0.167608746615111,9.9,81.1560975609756,0.0147983702885618,8.0,11.3,197.06,55.127,85.661,66.0,229.75,8.356,15.38864422,99.9999972155672,99.1114178871091,59.4411197028295,2.783,17.0,0.5,1.3,2.5,0.0,2.09,0.51,0.0,0.0,43.87,87.0,4.06,1.0828793774319065,1.5817297359843119,143.45560874661513,0.04234601623503808,Healthcare Resources,3,98.0,98.4,97.86666666666667,97.94,-0.0010214504596527
United Kingdom,2017,97.9,0.38220248,235.0,235.0,58.0,0.72,9.5958786,235.0,235.0,7.75117588,80.77609253,18.86876106,235.0,19.21133232,0.01257493,0.0,1.74,235.0,2.54,0.781,94.0,0.120915832042363,8.9,81.2560975609756,0.0148125690179561,0.0,10.8,196.146,53.07,84.604,64.0,0.482,8.307,15.70869541,100.0,99.110295031354,60.4192608419464,2.814,18.6,1.57,2.3,2.5,0.0,2.2,0.51,0.0,0.0,67.16,86.0,4.027,1.1078740157480316,1.6370252339374114,140.29491583204236,0.04083352595744681,Healthcare Resources,3,97.9,98.1,97.86666666666667,97.9,0.0010224948875257
United Kingdom,2018,98.0,0.38157806,209.3795,209.3795,59.0,0.72,9.73079777,209.3795,59.0,7.79163742,80.07192993,19.09147453,209.3795,19.91610527,0.01196724,0.0,1.68,209.3795,2.5,0.776982247829437,94.0,0.138497914099779,8.0,81.2560975609756,0.0160080498673089,40.1,10.5,194.728,54.575,87.127,67.0,1.182,8.538,16.46084976,100.0,99.1091763800498,61.4095815029197,2.834,209.3795,0.15,3.4,2.5,0.0,2.27,0.37,0.1,0.0,85.1,85.1,3.994,1.1336,1.6916238677520063,144.34049791409979,0.04647445318190176,Healthcare Resources,3,97.9,98.0,97.9,97.9,0.0010214504596526
United Kingdom,2019,98.0,0.38803828,8.1567751410004,88.1570765293416,57.0,0.72,9.95761967,159.00986380737052,20.3,7.9679575,80.01869202,19.52971458,159.00986380737052,19.96960068,0.01170372,0.0,1.63,159.00986380737052,2.45,3.939,93.0,0.133746356790606,8.1,81.4048780487805,0.0160364184799109,20.3,10.3,6.1,53.705,85.252,65.0,0.933,8.688,16.61176109,99.999997344305,99.108060025279,62.4117359707321,2.942,16.1,0.0,0.116,2.5,0.0,2.22,0.46,0.0,0.0,47.0,87.0,3.939,1.2008163265306122,1.6682461914113258,141.5907463567906,0.06262265391323754,Healthcare Resources,3,97.8,97.9,97.96666666666664,97.92,0.0
United Kingdom,2020,98.0,0.48073846,235.9845,235.9845,57.0,0.74,12.15863419,235.9845,4.8,10.17722607,83.70368958,19.42317581,235.9845,16.28620911,0.01010248,0.0,1.56,235.9845,2.43,0.782942950725555,93.0,0.0980951898086813,7.0,80.3512195121951,0.0171032873674179,4.8,182.744,182.744,57.661,94.184,67.0,0.486,8.962,13.5569973,100.0,99.1069646667048,63.4259387180091,3.041,12.6,6.05,0.9,2.5,0.0,2.36,0.56,0.0,0.0,97.7,97.7,3.873,1.2514403292181069,1.1150098841817364,154.44309518980867,0.05152302032548748,Healthcare Resources,3,97.9,97.9,98.0,97.94,0.0
United Kingdom,2021,99.2,0.47270992,66.072,66.072,56.0,0.73,12.36469936,189.89374196854675,6.3,10.34801674,83.69000244,22.36486244,189.89374196854675,16.29966164,0.01033909,0.0,1.56,189.89374196854675,2.35,3.821,93.0,0.075521435546727,8.0,80.7,66.072,37.3,189.89374196854675,189.89374196854675,60.214,97.839,66.072,189.89374196854675,9.167,13.51221371,99.9999986414263,99.1058694265163,64.4521093451099,3.171,12.2,0.0,0.081,2.5,0.0,11.1,2.0,0.0,0.0,49.0,88.0,3.821,1.3493617021276594,1.0928056814476401,160.62852143554673,0.06511378011629282,Healthcare Resources,3,98.0,97.8,98.40000000000002,98.22,0.0122448979591835
United States,2002,99.5,0.63534105,211.35,211.35,89.0,0.4199999869,13.9952774,211.35,44.0,6.32594919,45.20059967,17.21998787,211.35,54.79940414,0.0,0.0,2.0205,211.35,3.38,5.752,94.0,88.0,6.0,76.9365853658537,0.0267274614231462,13.0,17.3,211.35,83.72,144.378,211.35,0.305,85.0,14.32724667,48.0136940623301,99.8721627616169,46.7269188678981,0.4199999869,211.35,0.2,3.1,2.5,0.0,6.32,0.99,28.46427345,28.46427345,86.4,86.4,5.752,0.12426035115384616,1.0237200921790945,318.59799999999996,0.06621848781641827,Healthcare Resources,3,99.22941176470586,99.24666666666666,99.5,99.5,0.0
United States,2003,99.3,0.64340693,234.75,234.75,100.0,0.4,14.50551128,234.75,234.75,6.52375746,44.97433853,17.50525284,234.75,55.02566528,0.0,0.0,2.0475,234.75,3.32,5.674,96.0,96.0,5.9,77.0365853658537,0.0273352399361792,12.0,17.0,234.75,83.557,143.909,234.75,0.296,47.7,14.15013218,49.4007987176777,99.8718834250543,47.6184186237104,0.185,234.75,2.81,0.144,2.5,0.0,5.79,0.95,1.0,0.5,84.5,84.5,5.674,0.05572289156626506,0.9755004085591942,325.966,0.061791315356762515,Healthcare Resources,3,99.22941176470586,99.24666666666666,99.4,99.4,-0.0020100502512563
United States,2004,99.3,0.64132005,226.5167493798257,226.5167493798257,93.0,1.7,14.55115986,226.5167493798257,226.5167493798257,6.60946608,45.42226028,17.92674637,226.5167493798257,54.57774353,0.0,0.0,2.0515,226.5167493798257,3.25,5.573,96.0,89.0,5.7,77.4878048780488,0.027177465732719,14.0,16.4,226.5167493798257,81.47,140.559,226.5167493798257,0.413,51.3,13.97359943,50.768335540329,99.8716037773494,48.4807001161199,2.7,226.5167493798257,0.49,2.9,2.5,0.0,5.58,0.89,0.8,0.4,79.9,79.9,5.573,0.8307692307692308,0.9603082891290564,313.529,0.06423878101658814,Healthcare Resources,3,99.22941176470586,99.24666666666666,99.36666666666667,99.36666666666667,0.0
United States,2005,99.4,0.65351146,227.835,227.835,102.0,0.39,14.57938957,227.835,227.835,6.63011026,45.47591019,17.94121552,227.835,54.52408981,0.0,0.0,2.057,227.835,3.19,5.436,96.0,95.0,5.5,77.4878048780488,0.0275622231919603,13.0,16.1,227.835,81.507,141.969,227.835,0.448,9.9177,13.91274643,98.8969742740372,99.8713272103744,49.3504746837897,0.194,227.835,0.74,0.024,2.5,0.0,5.67,0.97,1.0,0.5,26.0,81.0,5.436,0.060815047021943576,0.9542749621443856,320.976,0.063991000373077,Healthcare Resources,3,99.5,99.24666666666666,99.33333333333331,99.375,0.0010070493454179
United States,2006,99.4,0.66472423,221.3,221.3,112.0,1.6,14.70870876,221.3,221.3,6.81118298,46.30714035,18.57398415,221.3,53.69285965,0.0,0.0,2.108,221.3,3.16,5.28,96.0,99.0,5.3,77.6878048780488,0.0273873237361084,13.0,15.7,221.3,80.928,141.119,221.3,0.295,49.2,13.67800713,98.9038131746627,99.8710524781437,50.2280357734339,0.614,221.3,0.77,3.1,2.5,0.0,5.42,0.82,1.0,0.5,74.1,74.1,5.28,0.1943037974683544,0.9299257571267594,323.547,0.06646501924988703,Healthcare Resources,3,99.3,99.24666666666666,99.36666666666667,99.38,0.0
United States,2007,99.3,0.71600777,237.0119942425,237.0119942425,106.0,1.6,14.91824913,237.0119942425,237.0119942425,6.91310453,46.33991623,18.49798965,237.0119942425,53.66008377,0.0,0.0,2.12,237.0119942425,3.12,5.1,96.0,97.0,5.1,77.9878048780488,0.0274380869525204,14.0,15.4,237.0119942425,79.447,138.605,237.0119942425,237.0119942425,18.0,13.59681606,98.9106115579518,99.8707787114875,51.1127958841887,0.218,237.0119942425,0.37,0.177,2.5,0.07,0.67,7.86212587,0.8,0.4,51.7,51.7,5.1,0.06987179487179487,0.9114217051555568,317.552,0.06294301340182944,Healthcare Resources,3,99.3,99.5,99.36666666666667,99.34,-0.0010060362173038
United States,2008,99.3,0.75824261,234.3186860425,234.3186860425,101.0,0.6,15.20718479,234.3186860425,234.3186860425,7.2221179,47.4914856,18.20108986,234.3186860425,52.5085144,0.0,0.0,2.072,234.3186860425,3.11,4.901,96.0,97.0,4.9,78.0390243902439,0.0290188217703087,13.0,15.2,234.3186860425,78.705,136.811,234.3186860425,0.67,52.1,13.35940933,98.9173700191931,99.8705068722893,52.0050439552417,0.296,234.3186860425,0.31,2.3,2.5,0.0,4.56,0.72,0.8,0.4,95.8,95.8,4.901,0.09517684887459807,0.8784932592378921,315.016,0.06489958204716874,Healthcare Resources,3,99.4,99.3,99.33333333333331,99.34,0.0
United States,2009,99.3,0.70349532,231.2848183675,231.2848183675,95.0,0.75,16.20063591,231.2848183675,231.2848183675,7.8576026,48.50181961,18.19150543,231.2848183675,51.4981842,0.0,0.0,2.002,231.2848183675,3.06,4.716,95.0,97.0,4.3,78.390243902439,0.0319932348722947,14.0,14.9,231.2848183675,79.055,134.966,231.2848183675,0.661,43.9,12.64768028,98.9240884167761,99.8702364002097,52.9050782928433,0.363,231.2848183675,3.19,0.055,2.5,0.0,4.7,0.73,0.8,0.4,86.3,86.3,4.716,0.11862745098039215,0.7806903599501978,313.521,0.07004625735640806,Healthcare Resources,3,99.4,99.3,99.3,99.34,0.0
United States,2010,99.4,0.68444699,5.69330817392815,88.1043193118658,83.0,0.74,16.19719124,202.106732545,202.106732545,7.91226292,48.84960175,18.39227295,202.106732545,51.15039444,0.0,0.0,1.931,202.106732545,3.03,0.691508173942566,95.0,97.0,4.1,78.5414634146342,0.0243663667482852,15.0,14.5,202.106732545,77.159,131.884,202.106732545,0.217,12.5,12.36791706,99.0106461132278,99.8705355052484,53.812311723031,0.578,202.106732545,0.41,2.8,2.5,0.21,0.25,8.08696938,0.6,0.3,39.0,83.0,4.532,0.19075907590759075,0.7635840607633648,308.543,0.08014176982646344,Healthcare Resources,3,99.3,99.4,99.33333333333331,99.34,0.0010070493454179
United States,2011,99.3,0.6998437,212.6013216166874,212.6013216166874,80.0,0.72,16.13996315,212.6013216166874,9.4,7.89752531,48.93149185,18.8483696,212.6013216166874,51.06850815,0.0,0.0,1.8945,212.6013216166874,2.94,4.357,96.0,97.0,3.9,78.6414634146341,0.0264212081553863,14.0,14.3,212.6013216166874,77.926,132.138,212.6013216166874,0.64,69.0,12.32014465,99.096367912853,99.8480016378479,54.7270312962107,0.393,212.6013216166874,0.84,0.0129,2.5,0.0,4.72,0.85,0.7,0.4,64.56,98.0,4.357,0.13367346938775512,0.7633316467640138,309.564,0.07591657016648175,Healthcare Resources,3,99.3,99.4,99.33333333333331,99.32,-0.0010060362173038
United States,2012,99.3,0.706173,208.5891432775,208.5891432775,72.0,0.71,16.11969566,208.5891432775,33.0,7.87076855,48.82702637,19.63227844,208.5891432775,51.17297745,0.0,0.0,1.8805,208.5891432775,2.91,4.233,94.0,98.0,3.6,78.7414634146342,0.0273880222234036,70.7,14.2,208.5891432775,77.717,131.345,208.5891432775,0.212,39.9,12.3353653,99.1811102172919,99.825901850785,55.6495360555589,0.047,208.5891432775,0.45,2.2,2.5,0.0,4.99,0.86,0.7,0.4,51.2,51.2,4.233,0.01615120274914089,0.7652356198392395,309.562,0.07727964843575247,Healthcare Resources,3,99.3,99.3,99.33333333333331,99.32,0.0
United States,2013,99.2,0.69121373,237.37725,237.37725,66.0,0.77,15.99170876,237.37725,237.37725,7.91530657,49.496315,20.36190605,237.37725,50.50368118,0.0,0.0,1.8575,237.37725,2.86,4.159,94.0,98.0,3.3,78.7414634146342,0.0284187219525554,39.1,14.0,224.606,78.083,131.259,237.37725,0.29,44.3,12.28748417,99.264889342605,99.8042409964063,56.5792334362488,0.045,237.37725,0.51,0.099,2.5,0.0,4.77,0.78,0.7,0.4,99.4,99.4,4.159,0.015734265734265736,0.768365929770722,309.842,0.06736832935759429,Healthcare Resources,3,99.4,99.3,99.26666666666668,99.3,-0.0010070493454178
United States,2014,98.5,0.64682055,205.928560445,205.928560445,65.0,0.71,16.19919777,205.928560445,47.0,8.22512245,50.77487946,21.47749138,205.928560445,49.22512054,0.0,0.0,1.8625,205.928560445,2.8,4.112,95.0,98.0,3.2,78.8414634146341,0.0290487957304206,19.0,13.9,205.928560445,79.372,131.878,205.928560445,0.908,77.7,11.98743725,99.3476448073387,99.7830451200914,57.5210496360148,0.71,205.928560445,2.25,2.4,2.5,0.0,4.9,0.74,0.8,0.5,79.1,79.1,4.112,0.25357142857142856,0.7400019075142138,311.75,0.07866416263482079,Healthcare Resources,3,99.3,99.3,99.0,99.14,-0.0070564516129032
United States,2015,99.1,0.64115965,5.65120332746147,88.042831442106,61.0,0.74,16.49056816,207.26762379,207.26762379,8.4726429,51.37872314,22.32148743,207.26762379,48.62127304,0.0,0.0,1.8435,207.26762379,2.77,4.081,95.0,98.0,3.2,78.690243902439,0.030061301321781,18.0,13.9,207.26762379,80.429,134.303,207.26762379,0.965,90.7,11.77453041,99.4293286043051,99.7623186306178,58.4752230978059,0.0,207.26762379,0.93,0.11,2.5,0.0,4.4,0.77,0.7,0.4,54.71,85.0,4.081,0.0,0.7140160542534031,315.23199999999997,0.07956171764051273,Healthcare Resources,3,99.3,99.4,98.93333333333332,99.08,0.0060913705583756
United States,2016,99.1,0.63442624,229.75,229.75,62.0,0.73,16.80215836,229.75,229.75,8.6021204,51.19651794,22.45710564,229.75,48.80348587,0.0,0.0,1.8205,229.75,2.73,4.06,95.0,98.0,3.1,78.5390243902439,0.0318871873009397,19.0,14.0,197.06,82.097,138.505,229.75,1.035,58.0,11.64962196,99.5098953354758,99.7420807276925,59.4411197028295,0.581,229.75,0.5,3.5,2.5,0.0,4.47,0.66,0.6,0.4,87.0,87.0,4.06,0.2128205128205128,0.6933408024372412,321.102,0.07313235412404788,Healthcare Resources,3,99.2,99.3,98.9,99.04,0.0
United States,2017,99.1,0.66585016,235.0,235.0,58.0,0.72,16.76750183,235.0,235.0,8.57973289,51.16881943,22.54361153,235.0,48.83118439,0.0,0.0,1.7655,235.0,2.82,0.762,94.0,98.0,3.0,78.5390243902439,0.0330834555487871,7.9,13.8,196.146,81.986,139.215,235.0,0.482,14.37,11.41782665,99.5893438930694,99.7223539880949,60.4192608419464,0.72,235.0,1.57,0.135,2.5,0.0,4.5,0.73,0.6,0.4,48.0,86.0,4.027,0.2553191489361702,0.6809497780743644,321.701,0.07135107161702128,Healthcare Resources,3,98.5,99.3,99.1,99.0,0.0
United States,2018,99.1,0.66294718,209.3795,209.3795,59.0,0.72,16.62964439,209.3795,59.0,8.55544376,51.44694519,22.53722572,209.3795,48.55305481,0.0,0.0,1.7295,209.3795,2.78,0.713683247566223,94.0,97.0,2.9,78.6390243902439,0.0336245502918663,40.1,13.6,194.728,80.593,137.524,209.3795,1.182,15.45,11.32823181,99.6675901670928,99.7031302163727,61.4095815029197,2.57,209.3795,0.15,3.4,2.5,0.0,4.51,0.77,0.6,0.4,85.1,85.1,3.994,0.9244604316546763,0.6812070988608795,317.617,0.07942346022413846,Healthcare Resources,3,99.1,99.2,99.1,98.98,0.0
United States,2019,99.0,0.64316523,5.3020598009239,88.1449804799197,57.0,0.72,16.66580582,159.00986380737052,20.3,8.63399315,51.806633,22.45334816,159.00986380737052,48.193367,0.0,0.0,1.706,159.00986380737052,2.75,3.939,94.0,98.0,2.9,78.7878048780488,0.034318567593978,20.3,13.6,2.3,79.455,136.83,159.00986380737052,0.933,13.16,11.30830574,99.7446309234849,99.6844350554525,62.4117359707321,3.518,159.00986380737052,0.0,0.116,2.5,0.0,4.35,0.74,0.6,0.4,47.0,85.0,3.939,1.2792727272727271,0.6785333911924818,316.785,0.10480988676393983,Healthcare Resources,3,99.1,98.5,99.06666666666666,99.08,-0.0010090817356205
United States,2020,99.1,0.63545704,235.9845,235.9845,57.0,0.74,18.75621986,235.9845,4.8,10.69257355,57.00815201,22.6003418,235.9845,42.99185181,0.0,0.0,1.6415,235.9845,2.74,0.701764345169067,93.0,91.0,2.3,76.9804878048781,0.0363816314955037,4.8,182.744,182.744,92.267,162.991,235.9845,0.486,12.47,9.93104649,99.8204215151458,99.6662736189595,63.4259387180091,3.555,235.9845,6.05,0.083,2.5,0.0,3.98,0.73,0.3,0.3,97.7,97.7,3.873,1.2974452554744524,0.5294801705315476,348.75800000000004,0.07948072801391617,Healthcare Resources,3,99.1,99.1,99.06666666666666,99.08,0.0010101010101009
United States,2021,49.0,0.62429416,66.072,66.072,56.0,0.73,17.3625679,189.89374196854675,10.7,9.61942768,55.40325165,21.40855026,189.89374196854675,44.59674835,0.0,0.0,1.664,189.89374196854675,189.89374196854675,3.821,94.0,88.0,2.6,76.3292682926829,66.072,37.3,189.89374196854675,189.89374196854675,103.772,180.758,66.072,0.568,45.8,10.70016861,99.8949384148984,99.6486678114382,64.4521093451099,0.73,189.89374196854675,0.0,0.081,2.5,0.0,4.61,0.89,0.3,0.2,49.0,86.0,3.821,0.003844255173616592,0.6162779994081407,375.03000000000003,0.09143307051622515,Healthcare Resources,3,99.1,99.1,82.36666666666666,89.05999999999999,-0.5055499495459133
Viet Nam,2002,85.0,0.5587303,211.35,211.35,89.0,0.4199999869,3.87075853,21.37000656,44.0,1.7021997,43.97586823,8.61995983,9.39764647,51.66178894,4.3623414,37.9510966132224,2.063,211.35,1.42,5.752,75.0,0.804391671962591,211.35,72.801,0.1488616,44.0,21.6,211.35,84.219,199.725,211.35,0.305,0.767,34.54223251,82.2911537153738,53.7733307136486,69.0480514749255,0.558,18.2,86.4,37.5,17.7,4.13,12.72,2.95,28.46427345,28.46427345,86.4,86.4,5.752,0.39295774647887327,8.923892369488623,302.4483916719626,0.018314447740714453,Healthcare Resources,2,95.59411764705884,95.44666666666666,85.0,85.0,0.0
Viet Nam,2003,98.7,0.56116164,234.75,234.75,0.2,0.627,3.94229889,24.29984856,234.75,1.58931124,40.31432724,7.16033077,9.79632145,55.14242172,4.54324675,34.6495789844159,2.026,234.75,1.44,5.674,99.0,0.645996273639025,234.75,72.98,0.1442752,42.0,21.6,234.75,82.935,198.534,234.75,234.75,0.593,34.54283524,83.1365351940199,55.6610180671033,70.5465458824676,1.348,17.4,68.7,35.4,16.1,0.59,2.94,0.61,16.4,23.4,84.5,84.5,5.674,0.9361111111111112,8.762104600343989,298.214996273639,0.016793605495207666,Healthcare Resources,2,95.59411764705884,95.44666666666666,91.85,91.85,0.1611764705882352
Viet Nam,2004,99.1,0.30075097,226.5167493798257,226.5167493798257,93.0,0.192,4.08791971,31.21098709,226.5167493798257,1.68924272,41.32279587,8.6892519,12.89725233,53.56443787,5.11276865,35.1035827254785,2.014,226.5167493798257,1.51,5.573,96.0,0.410616343885526,226.5167493798257,73.135,0.1382923,40.0,21.7,226.5167493798257,81.755,197.621,226.5167493798257,0.413,0.4854,34.6751709,83.9749964118067,57.5360831029729,72.0433055381976,3.1857,16.7,93.5,33.7,15.4,3.53,15.91,4.05,12.6,19.3,79.9,79.9,5.573,2.1097350993377484,8.482351259291244,295.18661634388553,0.018046876097207863,Healthcare Resources,2,95.59411764705884,95.44666666666666,94.26666666666668,94.26666666666668,0.0040526849037485
Viet Nam,2005,99.1,0.37509292,227.835,227.835,0.1,0.627,4.31821251,38.00711441,227.835,1.78806961,41.40763474,8.66923904,15.73784696,54.86581802,3.72654486,40.9524492884153,1.962,227.835,1.53,5.436,95.0,0.318173161206049,227.835,73.271,0.1364121,38.0,21.8,227.835,81.535,195.355,227.835,0.448,0.838,34.64176559,84.8058439875053,59.5286616918363,84.3164687645028,0.619,16.0,99.2,33.3,15.3,1.12,2.14,0.34,13.3,17.4,26.0,44.0,5.436,0.4045751633986928,8.022246591564803,292.50817316120606,0.018953244716571203,Healthcare Resources,2,85.0,95.44666666666666,98.96666666666664,95.475,0.0
Viet Nam,2006,83.8,0.36237499,221.3,221.3,3.0,0.614,4.56979847,45.87312698,221.3,1.80019891,39.39339447,8.76698685,18.0709825,56.88143539,3.72516632,37.21175201085,1.904,221.3,1.57,5.28,94.0,0.365870887385031,221.3,73.319,0.1360285,44.0,21.9,221.3,81.298,195.422,221.3,0.295,0.887,34.69738388,85.6291833330873,61.5157405336314,84.3788541008405,0.629,26.6,90.8,31.7,15.0,2.53,14.41,3.83,10.7,14.6,74.1,74.1,5.28,0.4006369426751592,7.592760185768103,292.08587088738506,0.02064978974243109,Healthcare Resources,2,98.7,95.44666666666666,94.0,93.14,-0.1543895055499495
Viet Nam,2007,99.4,0.30447447,237.0119942425,237.0119942425,0.8,0.614,4.62917614,53.68240356,237.0119942425,1.76966417,38.22848892,7.93691111,20.5219704,58.42790985,3.34360409,42.1947485722984,1.913,237.0119942425,1.68,5.1,92.0,0.262354707213972,237.0119942425,73.436,0.1317249,41.0,22.2,237.0119942425,80.254,194.64,237.0119942425,237.0119942425,0.957,34.66907883,86.4447942475813,63.4968621085174,84.4421659464239,0.647,16.6,93.3,31.7,13.9,1.27,2.54,0.33,9.2,13.1,51.7,51.7,5.1,0.38511904761904764,7.489254627930402,289.0563547072139,0.019531400319190748,Healthcare Resources,2,99.1,85.0,94.09999999999998,96.02,0.1861575178997614
Viet Nam,2008,94.8,0.41245189,234.3186860425,234.3186860425,0.0,0.63,4.36028337,64.11656189,234.3186860425,1.73616052,39.81760406,8.12048721,25.52967881,58.13278961,2.04960608,64.3829722491702,1.92,234.3186860425,1.77,4.901,93.0,0.179997458635617,234.3186860425,73.411,0.1284274,58.0,22.4,234.3186860425,80.279,196.109,234.3186860425,0.67,1.028,34.57612991,87.2523212418097,65.4712734511092,84.5062972038271,0.67,15.4,73.6,30.8,12.7,1.87,14.55,3.6,7.1,10.8,95.8,95.8,4.901,0.3785310734463277,7.929789643465305,289.2679974586356,0.01860834679317528,Healthcare Resources,2,99.1,98.7,92.66666666666669,95.24,-0.0462776659959759
Viet Nam,2009,97.9,0.68118453,231.2848183675,231.2848183675,95.0,0.62,4.48502922,69.80870819,231.2848183675,1.71152484,38.16083908,6.85301065,26.63958989,59.55676651,2.28239536,54.9682347502774,1.906,231.2848183675,1.9,4.716,96.0,0.253071373344446,231.2848183675,73.498,0.1262747,54.0,22.4,231.2848183675,80.242,194.32,231.2848183675,0.661,1.116,34.63538361,88.0518068099142,67.4390971760659,84.5714571672781,0.703,26.3,94.51,29.3,11.4,0.54,4.5,1.01,5.7,10.6,86.3,86.3,4.716,0.37,7.722443246423263,286.2150713733444,0.019391801207087934,Healthcare Resources,2,83.8,99.1,97.36666666666667,95.0,0.0327004219409283
Viet Nam,2010,95.0,0.42887169,12.8608712834905,78.4023051500846,3.6,0.578,5.07146072,85.4039917,202.106732545,2.04132986,40.25131989,8.6057291,34.37623712,57.66897583,2.07970238,67.4889644356532,1.895,202.106732545,2.02,0.656642436981201,93.0,0.271883598862116,202.106732545,73.513,0.1241416,42.0,22.4,202.106732545,80.359,194.181,202.106732545,202.106732545,1.241,34.67405701,88.8442328441126,69.402687859004,84.8843752881511,0.715,53.2,97.0,22.7,10.5,0.89,11.32,2.14,5.1,9.2,39.0,59.0,4.532,0.35396039603960394,6.837094660569509,285.31188359886215,0.025092982584688592,Healthcare Resources,2,99.4,99.1,95.9,94.18,-0.0296220633299285
Viet Nam,2011,91.9,0.37555271,212.6013216166874,212.6013216166874,1.2,0.504,4.97468519,97.18331909,3.2,1.93289721,38.85466385,9.1072073,37.76025236,58.95807266,2.18726516,57.7957846982485,1.902,212.6013216166874,2.21,4.357,95.0,0.255128333683165,212.6013216166874,73.692,0.1195958,40.0,22.3,212.6013216166874,79.307,191.475,212.6013216166874,0.64,0.932,34.68690491,89.6277366637079,71.3578768731801,85.1983834116102,1.726,12.5,93.7,27.5,9.3,0.55,3.87,0.91,3.9,7.4,64.56,98.0,4.357,0.7809954751131222,6.972683413158855,280.33712833368315,0.023399126365588545,Healthcare Resources,2,94.8,83.8,94.93333333333334,95.8,-0.0326315789473683
Viet Nam,2012,98.2,0.34329298,208.5891432775,208.5891432775,0.8,0.71,5.00178242,109.55066681,33.0,2.2328434,44.64095306,9.5150404,48.90446052,52.93782425,2.42122769,59.3657741920511,1.927,208.5891432775,2.28,4.233,97.0,0.298385926321924,208.5891432775,73.704,0.1163225,33.0,22.3,208.5891432775,79.378,191.451,208.5891432775,208.5891432775,1.461,40.77892303,90.4022210536328,73.3044674223444,85.5135978672932,0.826,25.2,98.1,26.7,8.8,0.41,9.14,2.03,3.2,6.5,85.45,51.2,4.233,0.362280701754386,8.152878235355148,279.92738592632196,0.023979111958601775,Healthcare Resources,2,97.9,99.4,95.03333333333336,95.56000000000002,0.0685527747551686
Viet Nam,2013,97.0,0.33090794,237.37725,237.37725,0.1,0.77,4.41233158,104.46191406,237.37725,1.99598992,45.23662567,8.16121387,47.25504982,52.1911087,2.57226157,70.241569984315,1.951,237.37725,2.31,4.159,59.0,0.257461978060776,212.0,73.775,0.1125476,32.0,22.2,224.606,79.029,190.298,237.37725,0.29,4.2463,41.58710098,91.1670953550242,75.2410877450653,85.8295981233901,3.9385,11.4,95.4,25.9,8.3,0.54,3.74,0.92,3.0,6.0,31.93,99.4,4.159,1.7049783549783548,9.425198497888049,277.8844619780608,0.01858784521263095,Healthcare Resources,2,95.0,94.8,95.7,96.0,-0.0122199592668025
Viet Nam,2014,93.8,0.38257921,205.928560445,205.928560445,65.0,0.71,4.69078779,120.02687836,47.0,2.07598686,44.25667953,9.12324142,53.11991371,52.60506821,3.13825274,76.7806213317365,1.95,205.928560445,2.43,4.112,95.0,0.234266844272424,205.0,73.855,0.1094769,47.0,22.1,205.928560445,78.213,189.624,205.928560445,205.928560445,1.437,41.02820969,91.9225591098778,77.1682490796006,86.1468116755869,0.787,11.3,95.8,24.9,8.2,0.28,9.82,2.07,3.6,7.0,10.47,79.1,4.112,0.3238683127572016,8.74654994571818,276.2712668442724,0.02277871403492295,Healthcare Resources,2,91.9,97.9,96.33333333333331,95.18,-0.0329896907216494
Viet Nam,2015,99.6,0.38223347,10.7556548655589,80.4074337526207,61.0,0.0,4.71140909,122.27213287,207.26762379,2.05326915,43.58078766,8.49385166,53.28715528,54.32520294,2.09400916,70.9459815659961,1.951,207.26762379,2.53,4.081,97.0,0.137333591565424,199.0,73.876,0.1072832,38.0,21.9,207.26762379,77.801,189.953,207.26762379,207.26762379,1.43,42.13227844,92.6683085914306,79.0852681426575,86.4651354380595,0.801,23.5,97.5,24.6,7.8,0.9,31.22,5.07,3.5,7.0,22.71,68.0,4.081,0.31660079051383405,8.942606688395212,275.69133359156547,0.02273104213696935,Healthcare Resources,2,98.2,95.0,96.8,96.1,0.0618336886993602
Viet Nam,2016,98.4,0.22285002,229.75,229.75,0.5,0.581,4.86994743,134.44548035,229.75,2.1333859,43.80716324,9.59658623,58.89675448,54.06072617,2.13210964,80.7157429428346,1.938,229.75,2.49,4.06,96.0,0.0606266125389472,193.0,73.938,0.1062349,32.0,21.8,197.06,77.121,189.793,229.75,229.75,1.454,41.35647964,93.4040810523936,80.9915192718719,86.7844742143067,0.833,9.2,97.2,24.3,7.5,0.15,9.39,1.9,4.3,7.3,34.74,87.0,4.06,0.33453815261044173,8.492181945380878,274.47462661253894,0.021196724396082698,Healthcare Resources,2,97.0,91.9,97.26666666666668,97.4,-0.0120481927710842
Viet Nam,2017,93.9,0.31951338,235.0,235.0,0.3,0.72,4.99014759,149.30879211,235.0,2.17300439,43.54589462,10.09323883,65.01784873,55.42951965,1.02458954,42.1292108312635,1.93,235.0,2.55,0.666,94.0,0.0656264537060346,188.0,73.963,0.106552,44.0,21.6,196.146,77.488,188.581,235.0,235.0,2.593,42.58786774,94.1294081468165,82.8857598257307,87.1043052297417,3.979,7.9,93.8,23.8,7.0,1.57,9.57,2.54,2.9,6.1,142.4,70.0,4.027,1.5603921568627452,8.534390410685228,273.134626453706,0.021234670595744683,Healthcare Resources,2,93.8,98.2,97.3,96.54,-0.0457317073170732
Viet Nam,2018,99.5,0.26139918,209.3795,209.3795,59.0,0.72,5.02678823,164.23649597,59.0,2.09256196,41.62820816,10.21770763,68.36870605,57.35523605,1.01655972,6.08659380250734,1.937,209.3795,3.71,0.687239348888397,75.0,0.04477431749723,182.0,73.976,0.1056301,59.0,21.4,194.728,77.12,189.048,209.3795,1.182,1.827,44.58100891,95.1687848677321,84.7679404136642,87.4247409291133,2.202,6.8,0.15,23.2,6.6,0.15,10.03,2.43,3.7,6.8,50.05,85.1,3.994,0.5935309973045823,8.868686499252028,272.81277431749726,0.02400802480663102,Healthcare Resources,2,99.6,97.0,97.26666666666668,97.04,0.0596379126730564
Viet Nam,2019,99.6,0.43,9.30494112386208,81.3665708335802,57.0,0.72,4.97407484,159.00986380737052,20.3,2.02046871,40.6199913,10.19859123,70.53640975,58.39923096,0.98078239,5.53199434247194,1.948,159.00986380737052,3.71,3.939,89.0,0.045334519095459,159.00986380737052,74.093,0.1043557,20.3,21.2,6.9,76.268,159.00986380737052,159.00986380737052,0.933,1.396,45.11730576,95.9890536474813,86.6378024979776,87.7457732686581,4.0685,5.7,0.0,22.4,6.0,0.0,2.53,0.53,4.8,8.8,47.0,69.0,3.939,1.0966307277628033,9.070491942980095,241.32319832646598,0.03128154896117481,Healthcare Resources,2,98.4,93.8,97.66666666666669,98.2,0.0010050251256281
Viet Nam,2020,98.8,0.30409127,235.9845,235.9845,57.0,0.74,4.30061865,154.23510742,4.8,1.79064679,41.63695908,8.42611885,64.21880697,57.4060173,0.95702475,96.8870582669801,1.955,235.9845,3.2,0.689964532852173,94.0,0.0193179692675537,172.0,75.378,0.0943542,4.8,182.744,182.744,68.075,163.167,235.9845,0.486,5.447,42.71472549,96.6670224746456,88.4951079600396,88.0674163961593,3.895,4.8,95.0,19.5,5.5,0.11,8.46,1.73,4.6,9.9,97.7,97.7,3.873,1.2171874999999999,9.932228120249631,236.76131796926757,0.01822415730694177,Healthcare Resources,2,93.9,99.6,99.3,98.04,-0.0080321285140562
Viet Nam,2021,96.1,0.21260828,66.072,66.072,25.2,0.73,4.59346437,172.55297852,6.1,1.96210134,42.715065,8.96954346,73.70611749,53.46598816,3.81894755,99.55212923472,1.944,189.89374196854675,3.34,3.821,83.0,0.0052482939320798,169.0,73.618,66.072,37.3,189.89374196854675,189.89374196854675,77.554,183.997,66.072,189.89374196854675,1.449,40.01131821,97.3175133830786,90.3392606873517,88.3893421603972,2.362,37.3,97.0,26.7,5.2,0.0,1.97,0.35,5.0,8.6,49.0,68.0,3.821,0.707185628742515,8.710488421618038,266.75624829393206,0.024189656396158877,Healthcare Resources,2,99.5,98.4,98.16666666666669,97.58,-0.027327935222672
